0 1 0 0 0 2147483650
0 2 0 0 0 2147483652
0 3 0 0 0 2147483654
0 8388607 0 0 0 2164260862
0 8388608 0 0 0 2164260864
0 8388609 0 0 0 2164260865
0 159383553 0 0 0 2315255809
0 1065353216 0 0 0 3221225472
0 1069547520 0 0 0 3225419776
0 1073741824 0 0 0 3229614080
0 2139095038 0 0 0 4286578688
0 2139095039 0 0 0 4286578688
1 1 0 0 1 2147483649
1 2 1 1 1 2147483651
1 3 1 2 1 2147483653
1 8388607 1 8388606 1 2164260861
1 8388608 1 8388607 1 2164260863
1 8388609 1 8388608 1 2164260864
1 1065353216 1 1065353215 1 3221225472
1 1069547520 1 1069547519 1 3225419776
1 1073741824 1 1073741823 1 3229614080
1 2139095038 1 2139095037 1 4286578688
1 2139095039 1 2139095038 1 4286578688
2 1 0 0 0 2147483650
2 2 0 0 2 2147483650
2 3 2 1 2 2147483652
2 8388607 2 8388605 2 2164260860
2 8388608 2 8388606 2 2164260862
2 8388609 2 8388607 2 2164260864
2 1065353216 2 1065353215 2 3221225472
2 1069547520 2 1069547519 2 3225419776
2 1073741824 2 1073741823 2 3229614080
2 2139095038 2 2139095037 2 4286578688
2 2139095039 2 2139095038 2 4286578688
3 1 0 0 1 2147483649
3 2 1 1 1 2147483651
3 3 0 0 3 2147483651
3 8388607 3 8388604 3 2164260859
3 8388608 3 8388605 3 2164260861
3 8388609 3 8388606 3 2164260863
3 1065353216 3 1065353215 3 3221225472
3 1069547520 3 1069547519 3 3225419776
3 1073741824 3 1073741823 3 3229614080
3 2139095038 3 2139095037 3 4286578688
3 2139095039 3 2139095038 3 4286578688
635460 327222739 635460 327222738 635460 2483094995
4194303 4194304 4194303 1 4194303 2151677953
4194304 4194304 0 0 4194304 2151677952
4194305 4194304 1 4194303 4194303 2151677953
8388607 1 0 0 1 2147483649
8388607 2 1 1 1 2147483651
8388607 3 1 2 1 2147483653
8388607 8388607 0 0 8388607 2155872255
8388607 8388608 8388607 1 8388607 2155872257
8388607 8388609 8388607 2 8388607 2155872259
8388607 1065353216 8388607 1065353215 8388607 3221225472
8388607 1069547520 8388607 1069547519 8388607 3225419776
8388607 1073741824 8388607 1073741823 8388607 3229614080
8388607 2139095038 8388607 2139095037 8388607 4286578688
8388607 2139095039 8388607 2139095038 8388607 4286578688
8388608 1 0 0 0 2147483650
8388608 2 0 0 0 2147483652
8388608 3 2 1 2 2147483652
8388608 8388607 1 8388606 8388606 2155872256
8388608 8388608 0 0 8388608 2155872256
8388608 8388609 8388608 1 8388608 2155872258
8388608 1065353216 8388608 1065353215 8388608 3221225472
8388608 1069547520 8388608 1069547519 8388608 3225419776
8388608 1073741824 8388608 1073741823 8388608 3229614080
8388608 2139095038 8388608 2139095037 8388608 4286578688
8388608 2139095039 8388608 2139095038 8388608 4286578688
8388609 1 0 0 1 2147483649
8388609 2 1 1 1 2147483651
8388609 3 0 0 3 2147483651
8388609 8388607 2 8388605 8388605 2155872257
8388609 8388608 1 8388607 8388607 2155872257
8388609 8388609 0 0 8388609 2155872257
8388609 774548138 8388609 774548137 8388609 2930420394
8388609 1065353216 8388609 1065353215 8388609 3221225472
8388609 1069547520 8388609 1069547519 8388609 3225419776
8388609 1073741824 8388609 1073741823 8388609 3229614080
8388609 2139095038 8388609 2139095037 8388609 4286578688
8388609 2139095039 8388609 2139095038 8388609 4286578688
10320421 1463533642 10320421 1463533641 10320421 3619405898
10557783 1697664764 10557783 1697664763 10557783 3853537020
12582911 12582912 12582911 1 12582911 2160066561
12582912 12582912 0 0 12582912 2160066560
12582913 12582912 1 12582911 12582911 2160066561
17403370 1054507662 17403370 1054507661 17403370 3210379918
17875844 1481434507 17875844 1481434506 17875844 3637306763
19323387 718852268 19323387 718852267 19323387 2874724524
19573418 1069547520 19573418 1069547519 19573418 3225419776
19573418 1392508927 19573418 1392508926 19573418 3548381183
20971519 20971520 20971519 2 20971519 2168455169
20971520 20971520 0 0 20971520 2168455168
20971521 20971520 2 20971519 20971519 2168455169
25807079 187888655 25807079 187888638 25807079 2343760902
29360127 29360128 29360127 4 29360127 2176843777
29360128 29360128 0 0 29360128 2176843776
29360129 29360128 4 29360127 29360127 2176843777
33554431 1069547520 33554431 1069547519 33554431 3225419776
33554431 1996488704 33554431 1996488703 33554431 4152360960
33554432 469762049 33554432 469762048 33554432 2625634305
33554432 1069547520 33554432 1069547519 33554432 3225419776
37114830 1631493143 37114830 1631493142 37114830 3787365399
37748735 37748736 37748735 8 37748735 2185232385
37748736 37748736 0 0 37748736 2185232384
37748737 37748736 8 37748735 37748735 2185232385
41943041 1069547520 41943041 1069547519 41943041 3225419776
41943041 1084926634 41943041 1084926633 41943041 3240798890
43274736 1441704032 43274736 1441704031 43274736 3597576288
46137343 46137344 46137343 16 46137343 2193620993
46137344 46137344 0 0 46137344 2193620992
46137345 46137344 16 46137343 46137343 2193620993
48014954 1913884132 48014954 1913884131 48014954 4069756388
52918153 1607029728 52918153 1607029727 52918153 3762901984
53127850 1069547520 53127850 1069547519 53127850 3225419776
53127850 1702887423 53127850 1702887422 53127850 3858759679
54525951 54525952 54525951 32 54525951 2202009601
54525952 54525952 0 0 54525952 2202009600
54525953 54525952 32 54525951 54525951 2202009601
62914559 62914560 62914559 64 62914559 2210398209
62914560 62914560 0 0 62914560 2210398208
62914561 62914560 64 62914559 62914559 2210398209
65748319 1001563129 65748319 1001563128 65748319 3157435385
67108863 167772160 67108863 167768064 67108863 2323642368
67108863 1069547520 67108863 1069547519 67108863 3225419776
67108864 780140545 67108864 780140544 67108864 2936012801
67108864 1069547520 67108864 1069547519 67108864 3225419776
71289906 545924647 71289906 545924646 71289906 2701796903
71303167 71303168 71303167 128 71303167 2218786817
71303168 71303168 0 0 71303168 2218786816
71303169 71303168 128 71303167 71303167 2218786817
75497473 1069547520 75497473 1069547519 75497473 3225419776
75497473 1395305130 75497473 1395305129 75497473 3551177386
75651324 1905871248 75651324 1905871247 75651324 4061743504
79691775 79691776 79691775 256 79691775 2227175425
79691776 79691776 0 0 79691776 2227175424
79691777 79691776 256 79691775 79691775 2227175425
83520589 1271192677 83520589 1271192676 83520589 3427064933
86682282 1069547520 86682282 1069547519 86682282 3225419776
86682282 2013265919 86682282 2013265918 86682282 4169138175
87872118 969500736 87872118 969500735 87872118 3125372992
88080383 88080384 88080383 512 88080383 2235564033
88080384 88080384 0 0 88080384 2235564032
88080385 88080384 512 88080383 88080383 2235564033
92299732 2130543265 92299732 2130543264 92299732 4286415521
92776123 762300076 92776123 762300075 92776123 2918172332
92982998 823569659 92982998 823569658 92982998 2979441915
93589679 1245305767 93589679 1245305766 93589679 3401178023
96468991 96468992 96468991 1024 96468991 2243952641
96468992 96468992 0 0 96468992 2243952640
96468993 96468992 1024 96468991 96468991 2243952641
100663295 478150656 100663295 478150655 100663295 2634022912
100663295 1069547520 100663295 1069547519 100663295 3225419776
100663296 1069547520 100663296 1069547519 100663296 3225419776
100663296 1090519041 100663296 1090519040 100663296 3246391297
102547820 1367094431 102547820 1367094430 102547820 3522966687
104857599 104857600 104857599 2048 104857599 2252341249
104857600 104857600 0 0 104857600 2252341248
104857601 104857600 2048 104857599 104857599 2252341249
109051905 1069547520 109051905 1069547519 109051905 3225419776
109051905 1705683626 109051905 1705683625 109051905 3861555882
111223446 2009927274 111223446 2009927273 111223446 4165799530
112013605 518022523 112013605 518022522 112013605 2673894779
113246207 113246208 113246207 4096 113246207 2260729857
113246208 113246208 0 0 113246208 2260729856
113246209 113246208 4096 113246207 113246207 2260729857
114284663 1985181170 114284663 1985181169 114284663 4141053426
114641932 461297831 114641932 461297830 114641932 2617170087
120206224 448514403 120206224 448514402 120206224 2604386659
120236714 184549375 120236714 184461994 120236714 2340377940
120236714 1069547520 120236714 1069547519 120236714 3225419776
121634815 121634816 121634815 8192 121634815 2269118465
121634816 121634816 0 0 121634816 2269118464
121634817 121634816 8192 121634815 121634815 2269118465
130023423 130023424 130023423 16384 130023423 2277507073
130023424 130023424 0 0 130023424 2277507072
130023425 130023424 16384 130023423 130023423 2277507073
134217727 788529152 134217727 788529151 134217727 2944401408
134217727 1069547520 134217727 1069547519 134217727 3225419776
134217728 1069547520 134217728 1069547519 134217728 3225419776
134217728 1400897537 134217728 1400897536 134217728 3556769793
138412031 138412032 138412031 32768 138412031 2285895681
138412032 138412032 0 0 138412032 2285895680
138412033 138412032 32768 138412031 138412031 2285895681
142606337 1069547520 142606337 1069547519 142606337 3225419776
142606337 2016062122 142606337 2016062121 142606337 4171934378
142760305 744468788 142760305 744468787 142760305 2900341044
146132141 1825134243 146132141 1825134242 146132141 3981006499
146800639 146800640 146800639 65536 146800639 2294284289
146800640 146800640 0 0 146800640 2294284288
146800641 146800640 65536 146800639 146800639 2294284289
153791146 494927871 153791146 494927870 153791146 2650800127
153791146 1069547520 153791146 1069547519 153791146 3225419776
155002058 1962284923 155002058 1962284922 155002058 4118157179
155189247 155189248 155189247 131072 155189247 2302672897
155189248 155189248 0 0 155189248 2302672896
155189249 155189248 131072 155189247 155189247 2302672897
160705332 806858622 160705332 806858621 160705332 2962730878
162758028 534699899 162758028 534699898 162758028 2690572155
163412870 990449453 163412870 990449452 163412870 3146321709
163577855 163577856 163577855 262144 163577855 2311061505
163577856 163577856 0 0 163577856 2311061504
163577857 163577856 262144 163577855 163577855 2311061505
167145747 2097756072 167145747 2097756071 167145747 4253628328
167772159 1069547520 167772159 1069547519 167772159 3225419776
167772159 1098907648 167772159 1098907647 167772159 3254779904
167772160 1069547520 167772160 1069547519 167772160 3225419776
167772160 1711276033 167772160 1711276032 167772160 3867148289
170811988 456832941 170811988 456832940 170811988 2612705197
171966463 171966464 171966463 524288 171966463 2319450113
171966464 171966464 0 0 171966464 2319450112
171966465 171966464 524288 171966463 171966463 2319450113
175351191 1966683590 175351191 1966683589 175351191 4122555846
176160769 187345578 176160769 181753171 176160769 2341120682
176160769 1069547520 176160769 1069547519 176160769 3225419776
176801747 39818745 34763918 26886870 34763918 2190891954
180355071 180355072 180355071 1048576 180355071 2327838721
180355072 180355072 0 0 180355072 2327838720
180355073 180355072 1048576 180355071 180355071 2327838721
187345578 805306367 187345578 805306366 187345578 2961178623
187345578 1069547520 187345578 1069547519 187345578 3225419776
188585475 10220322 2822226 7398096 7398096 2160526196
188743679 188743680 188743679 2097152 188743679 2336227329
188743680 188743680 0 0 188743680 2336227328
188743681 188743680 2097152 188743679 188743679 2336227329
192219373 1186789195 192219373 1186789194 192219373 3342661451
192568912 846905727 192568912 846905726 192568912 3002777983
195442387 1331119797 195442387 1331119796 195442387 3486992053
196575660 408215763 196575660 408215762 196575660 2564088019
197132287 197132288 197132287 4194304 197132287 2344615937
197132288 197132288 0 0 197132288 2344615936
197132289 197132288 4194304 197132287 197132287 2344615937
199209328 1906254202 199209328 1906254201 199209328 4062126458
201326591 1069547520 201326591 1069547519 201326591 3225419776
201326591 1409286144 201326591 1409286143 201326591 3565158400
201326592 1069547520 201326592 1069547519 201326592 3225419776
201326592 2021654529 201326592 2021654528 201326592 4177526785
204052895 1289001808 204052895 1289001807 204052895 3444874064
205520895 205520896 205520895 8388608 205520895 2353004545
205520896 205520896 0 0 205520896 2353004544
205520897 205520896 8388608 205520895 205520895 2353004545
209715201 497724074 209715201 497724073 209715201 2653596330
209715201 1069547520 209715201 1069547519 209715201 3225419776
213909503 213909504 213909503 16777216 213909503 2361393153
213909504 213909504 0 0 213909504 2361393152
213909505 213909504 16777216 213909503 213909503 2361393153
220900010 1069547520 220900010 1069547519 220900010 3225419776
220900010 1115684863 220900010 1115684862 220900010 3271557119
222298111 222298112 222298111 25165824 222298111 2369781761
222298112 222298112 0 0 222298112 2369781760
222298113 222298112 25165824 222298111 222298111 2369781761
229572748 408789423 229572748 408789418 229572748 2564661676
230686719 230686720 230686719 33554432 230686719 2378170369
230686720 230686720 0 0 230686720 2378170368
230686721 230686720 33554432 230686719 230686719 2378170369
234881023 1069547520 234881023 1069547519 234881023 3225419776
234881023 1719664640 234881023 1719664639 234881023 3875536896
234881024 192937985 192937922 41943040 41943040 2348810210
234881024 1069547520 234881024 1069547519 234881024 3225419776
234948732 617364889 234948732 617364888 234948732 2773237145
239075327 239075328 239075327 41943040 239075327 2386558977
239075328 239075328 0 0 239075328 2386558976
239075329 239075328 41943040 239075327 239075327 2386558977
243269633 808102570 243269633 808102569 243269633 2963974826
243269633 1069547520 243269633 1069547519 243269633 3225419776
245777405 905873155 245777405 905873154 245777405 3061745411
247202912 1757883691 247202912 1757883690 247202912 3913755947
247463935 247463936 247463935 50331648 247463935 2394947585
247463936 247463936 0 0 247463936 2394947584
247463937 247463936 50331648 247463935 247463935 2394947585
248812134 1237779246 248812134 1237779245 248812134 3393651502
249811078 2116720561 249811078 2116720560 249811078 4272592817
253351252 517316449 253351252 517316448 253351252 2673188705
254454442 1069547520 254454442 1069547519 254454442 3225419776
254454442 1426063359 254454442 1426063358 254454442 3581935615
255852543 255852544 255852543 58720256 255852543 2403336193
255852544 255852544 0 0 255852544 2403336192
255852545 255852544 58720256 255852543 255852543 2403336193
259642947 2079697882 259642947 2079697881 259642947 4235570138
261557184 482963586 261557184 482963585 261557184 2638835842
261570054 1719459387 261570054 1719459386 261570054 3875331643
264241151 264241152 264241151 67108864 264241151 2411724801
264241152 264241152 0 0 264241152 2411724800
264241153 264241152 67108864 264241151 264241151 2411724801
265198181 1032020935 265198181 1032020934 265198181 3187893191
265488460 1592536910 265488460 1592536909 265488460 3748409166
268435455 1069547520 268435455 1069547519 268435455 3225419776
268435455 2030043136 268435455 2030043135 268435455 4185915392
268435456 503316481 268435456 503316480 268435456 2659188737
268435456 1069547520 268435456 1069547519 268435456 3225419776
269631124 425989177 269631124 425989140 269631124 2581861415
272629759 272629760 272629759 75497472 272629759 2420113409
272629760 272629760 0 0 272629760 2420113408
272629761 272629760 75497472 272629759 272629759 2420113409
274360496 1750930019 274360496 1750930018 274360496 3906802275
276824065 1069547520 276824065 1069547519 276824065 3225419776
276824065 1118481066 276824065 1118481065 276824065 3274353322
281018367 281018368 281018367 83886080 281018367 2428502017
281018368 281018368 0 0 281018368 2428502016
281018369 281018368 83886080 281018367 281018367 2428502017
287859544 1360487600 287859544 1360487599 287859544 3516359856
288008874 1069547520 288008874 1069547519 288008874 3225419776
288008874 1736441855 288008874 1736441854 288008874 3892314111
289406975 289406976 289406975 92274688 289406975 2436890625
289406976 289406976 0 0 289406976 2436890624
289406977 289406976 92274688 289406975 289406975 2436890625
291209018 1371882479 291209018 1371882478 291209018 3527754735
291927416 1434877708 291927416 1434877707 291927416 3590749964
297795583 297795584 297795583 100663296 297795583 2445279233
297795584 297795584 0 0 297795584 2445279232
297795585 297795584 100663296 297795583 297795583 2445279233
301989887 201326592 201322496 100663296 100663296 2357196800
301989887 1069547520 301989887 1069547519 301989887 3225419776
301989888 813694977 301989888 813694976 301989888 2969567233
301989888 1069547520 301989888 1069547519 301989888 3225419776
302533329 27467970 24304128 10931976 24304128 2177684612
304113996 878115933 304113996 878115932 304113996 3033988189
306184191 306184192 306184191 109051904 306184191 2453667841
306184192 306184192 0 0 306184192 2453667840
306184193 306184192 109051904 306184191 306184191 2453667841
310337377 1744014271 310337377 1744014270 310337377 3899886527
310378497 1069547520 310378497 1069547519 310378497 3225419776
310378497 1428859562 310378497 1428859561 310378497 3584731818
314572799 314572800 314572799 117440512 314572799 2462056449
314572800 314572800 0 0 314572800 2462056448
314572801 314572800 117440512 314572799 314572799 2462056449
320993527 7848149 7731135 117014 117014 2163062932
321563306 1069547520 321563306 1069547519 321563306 3225419776
321563306 2046820351 321563306 2046820350 321563306 4202692607
322779264 1984687886 322779264 1984687885 322779264 4140560142
322961407 322961408 322961407 125829120 322961407 2470445057
322961408 322961408 0 0 322961408 2470445056
322961409 322961408 125829120 322961407 322961407 2470445057
331350015 331350016 331350015 134217728 331350015 2478833665
331350016 331350016 0 0 331350016 2478833664
331350017 331350016 134217728 331350015 331350015 2478833665
331684346 563998456 331684346 563998455 331684346 2719870712
333748948 60574218 54313888 49783016 54313888 2212115012
335118793 1862986615 335118793 1862986614 335118793 4018858871
335544319 511705088 335544319 511705080 335544319 2667577340
335544319 1069547520 335544319 1069547519 335544319 3225419776
335544320 1069547520 335544320 1069547519 335544320 3225419776
335544320 1124073473 335544320 1124073472 335544320 3279945729
337262715 358244117 337262715 355717366 337262715 2512852998
338402548 227412740 215648624 221172048 221172048 2378476896
339738623 339738624 339738623 142606336 339738623 2487222273
339738624 339738624 0 0 339738624 2487222272
339738625 339738624 142606336 339738623 339738623 2487222273
341767814 284527470 266359968 280852038 266359968 2438562010
343932929 1069547520 343932929 1069547519 343932929 3225419776
343932929 1739238058 343932929 1739238057 343932929 3895110314
345966691 399112879 345966691 398950029 345966691 2554903710
348127231 348127232 348127231 150994944 348127231 2495610881
348127232 348127232 0 0 348127232 2495610880
348127233 348127232 150994944 348127231 348127231 2495610881
353241898 1118156953 353241898 1118156952 353241898 3274029209
355117738 218103807 204122794 212511402 212511402 2368383658
355117738 1069547520 355117738 1069547519 355117738 3225419776
355230056 160829387 157186712 144394748 157186712 2310857290
356515839 356515840 356515839 159383552 356515839 2503999489
356515840 356515840 0 0 356515840 2503999488
356515841 356515840 159383552 356515839 356515839 2503999489
360511473 1662370258 360511473 1662370257 360511473 3818242514
360931794 642875034 360931794 642875033 360931794 2798747290
361870363 1006472678 361870363 1006472677 361870363 3162344934
364753102 230741219 222709256 221995966 222709256 2383364961
364904447 364904448 364904447 167772160 364904447 2512388097
364904448 364904448 0 0 364904448 2512388096
364904449 364904448 167772160 364904447 364904447 2512388097
366884422 1807473959 366884422 1807473958 366884422 3963346215
368576655 492286920 368576655 492286424 368576655 2648158928
369098751 822083584 369098751 822083583 369098751 2977955840
369098751 1069547520 369098751 1069547519 369098751 3225419776
369098752 1069547520 369098752 1069547519 369098752 3225419776
369098752 1434451969 369098752 1434451968 369098752 3590324225
370964614 1651442366 370964614 1651442365 370964614 3807314622
372259689 646353421 372259689 646353420 372259689 2802225677
373293055 373293056 373293055 176160768 373293055 2520776705
373293056 373293056 0 0 373293056 2520776704
373293057 373293056 176160768 373293055 373293055 2520776705
374097203 31412660 27245000 16670640 27245000 2182051024
377487361 1069547520 377487361 1069547519 377487361 3225419776
377487361 2049616554 377487361 2049616553 377487361 4205488810
381681663 381681664 381681663 184549376 381681663 2529165313
381681664 381681664 0 0 381681664 2529165312
381681665 381681664 184549376 381681663 381681663 2529165313
388672170 528482303 388672170 528482132 388672170 2684354474
388672170 1069547520 388672170 1069547519 388672170 3225419776
390070271 390070272 390070271 192937984 390070271 2537553921
390070272 390070272 0 0 390070272 2537553920
390070273 390070272 192937984 390070271 390070271 2537553921
395585656 365377867 364056903 337723424 337723424 2520589641
398458879 398458880 398458879 201326592 398458879 2545942529
398458880 398458880 0 0 398458880 2545942528
398458881 398458880 201326592 398458879 398458879 2545942529
400845098 1296280933 400845098 1296280932 400845098 3452153189
401656818 441003671 401656818 440510519 401656818 2596629351
402653183 1069547520 402653183 1069547519 402653183 3225419776
402653183 1132462080 402653183 1132462079 402653183 3288334336
402653184 1069547520 402653184 1069547519 402653184 3225419776
402653184 1744830465 402653184 1744830464 402653184 3900702721
403380887 142865881 106390688 142243176 142243176 2290790654
406847487 406847488 406847487 209715200 406847487 2554331137
406847488 406847488 0 0 406847488 2554331136
406847489 406847488 209715200 406847487 406847487 2554331137
408712015 433652169 408712015 431846239 408712015 2588621460
409859100 856466476 409859100 856466475 409859100 3012338732
410456765 1760673172 410456765 1760673171 410456765 3916545428
411041793 220900010 195734192 219501908 219501908 2369781760
411041793 1069547520 411041793 1069547519 411041793 3225419776
411450623 1944221259 411450623 1944221258 411450623 4100093515
412356931 1613121987 412356931 1613121986 412356931 3768994243
412710107 299427584 291986944 290091008 290091008 2451983104
412885120 2087869489 412885120 2087869488 412885120 4243741745
415236095 415236096 415236095 218103808 415236095 2562719745
415236096 415236096 0 0 415236096 2562719744
415236097 415236096 218103808 415236095 415236095 2562719745
422226602 838860799 422226602 838860798 422226602 2994733055
422226602 1069547520 422226602 1069547519 422226602 3225419776
423624703 423624704 423624703 226492416 423624703 2571108353
423624704 423624704 0 0 423624704 2571108352
423624705 423624704 226492416 423624703 423624703 2571108353
425640102 1653402800 425640102 1653402799 425640102 3809275056
427453042 313815295 311723112 293561528 311723112 2463391126
432013311 432013312 432013311 234881024 432013311 2579496961
432013312 432013312 0 0 432013312 2579496960
432013313 432013312 234881024 432013311 432013311 2579496961
433081123 523631893 433081123 523625228 433081123 2679500816
433395218 1011571523 433395218 1011571522 433395218 3167443779
435365940 1506755838 435365940 1506755837 435365940 3662628094
436207615 1069547520 436207615 1069547519 436207615 3225419776
436207615 1442840576 436207615 1442840575 436207615 3598712832
436207616 1069547520 436207616 1069547519 436207616 3225419776
436207616 2055208961 436207616 2055208960 436207616 4211081217
440401919 440401920 440401919 243269632 440401919 2587885569
440401920 440401920 0 0 440401920 2587885568
440401921 440401920 243269632 440401919 440401919 2587885569
444596225 531278506 444596225 531270314 444596225 2687146666
444596225 1069547520 444596225 1069547519 444596225 3225419776
447774735 1577626613 447774735 1577626612 447774735 3733498869
448790527 448790528 448790527 251658240 448790527 2596274177
448790528 448790528 0 0 448790528 2596274176
448790529 448790528 251658240 448790527 448790527 2596274177
455781034 1069547520 455781034 1069547519 455781034 3225419776
455781034 1149239295 455781034 1149239294 455781034 3305111551
457151513 12518683 3633841 8884842 8884842 2163636172
457179135 457179136 457179135 260046848 457179135 2604662785
457179136 457179136 0 0 457179136 2604662784
457179137 457179136 260046848 457179135 457179135 2604662785
465300901 519475018 465300901 519282579 465300901 2675251055
465567743 465567744 465567743 268435456 465567743 2613051393
465567744 465567744 0 0 465567744 2613051392
465567745 465567744 268435456 465567743 465567743 2613051393
465586910 1771433577 465586910 1771433576 465586910 3927305833
469762047 1069547520 469762047 1069547519 469762047 3225419776
469762047 1753219072 469762047 1753219071 469762047 3909091328
469762048 226492417 83886080 226492290 83886080 2382364610
469762048 1069547520 469762048 1069547519 469762048 3225419776
473956351 473956352 473956351 276824064 473956351 2621440001
473956352 473956352 0 0 473956352 2621440000
473956353 473956352 276824064 473956351 473956351 2621440001
478150657 841657002 478150657 841657001 478150657 2997529258
478150657 1069547520 478150657 1069547519 478150657 3225419776
478990711 2051288135 478990711 2051288134 478990711 4207160391
482344959 482344960 482344959 285212672 482344959 2629828609
482344960 482344960 0 0 482344960 2629828608
482344961 482344960 285212672 482344959 482344959 2629828609
489010161 918029429 489010161 918029428 489010161 3073901685
489335466 1069547520 489335466 1069547519 489335466 3225419776
489335466 1459617791 489335466 1459617790 489335466 3615490047
490733567 490733568 490733567 293601280 490733567 2638217217
490733568 490733568 0 0 490733568 2638217216
490733569 490733568 293601280 490733567 490733567 2638217217
497039857 2080117020 497039857 2080117019 497039857 4235989276
499122175 499122176 499122175 301989888 499122175 2646605825
499122176 499122176 0 0 499122176 2646605824
499122177 499122176 301989888 499122175 499122175 2646605825
503260945 1130943208 503260945 1130943207 503260945 3286815464
503316479 1069547520 503316479 1069547519 503316479 3225419776
503316479 2063597568 503316479 2063597567 503316479 4219469824
503316480 536870913 503316480 535822338 503316480 2692218882
503316480 1069547520 503316480 1069547519 503316480 3225419776
507510783 507510784 507510783 310378496 507510783 2654994433
507510784 507510784 0 0 507510784 2654994432
507510785 507510784 310378496 507510783 507510783 2654994433
508052265 1918538260 508052265 1918538259 508052265 4074410516
509174885 1759057901 509174885 1759057900 509174885 3914930157
511705089 1069547520 511705089 1069547519 511705089 3225419776
511705089 1152035498 511705089 1152035497 511705089 3307907754
515899391 515899392 515899391 318767104 515899391 2663383041
515899392 515899392 0 0 515899392 2663383040
515899393 515899392 318767104 515899391 515899391 2663383041
522889898 1069547520 522889898 1069547519 522889898 3225419776
522889898 1769996287 522889898 1769996286 522889898 3925868543
524007122 810201825 524007122 810201824 524007122 2966074081
524287999 524288000 524287999 327155712 524287999 2671771649
524288000 524288000 0 0 524288000 2671771648
524288001 524288000 327155712 524287999 524287999 2671771649
527655650 1974019439 527655650 1974019438 527655650 4129891695
531262693 1672977878 531262693 1672977877 531262693 3828850134
532676607 532676608 532676607 335544320 532676607 2680160257
532676608 532676608 0 0 532676608 2680160256
532676609 532676608 335544320 532676607 532676607 2680160257
536870911 234881024 0 0 0 2390753280
536870911 1069547520 536870911 1069547519 536870911 3225419776
536870912 847249409 536870912 847249408 536870912 3003121665
536870912 1069547520 536870912 1069547519 536870912 3225419776
537164345 761339988 537164345 761339987 537164345 2917212244
539831402 1889578658 539831402 1889578657 539831402 4045450914
541065215 541065216 541065215 343932928 541065215 2688548865
541065216 541065216 0 0 541065216 2688548864
541065217 541065216 343932928 541065215 541065215 2688548865
545259521 1069547520 545259521 1069547519 545259521 3225419776
545259521 1462413994 545259521 1462413993 545259521 3618286250
548011917 1095516948 548011917 1095516947 548011917 3251389204
549453823 549453824 549453823 352321536 549453823 2696937473
549453824 549453824 0 0 549453824 2696937472
549453825 549453824 352321536 549453823 549453823 2696937473
554437806 570135120 554437806 565545977 554437806 2723712804
556444330 1069547520 556444330 1069547519 556444330 3225419776
556444330 2080374783 556444330 2080374782 556444330 4236247039
557842431 557842432 557842431 360710144 557842431 2705326081
557842432 557842432 0 0 557842432 2705326080
557842433 557842432 360710144 557842431 557842431 2705326081
558332413 1784921875 558332413 1784921874 558332413 3940794131
561454448 1279691637 561454448 1279691636 561454448 3435563893
566231039 566231040 566231039 369098752 566231039 2713714689
566231040 566231040 0 0 566231040 2713714688
566231041 566231040 369098752 566231039 566231039 2713714689
568958823 879733687 568958823 879733686 568958823 3035605943
569553959 1630650947 569553959 1630650946 569553959 3786523203
570425343 545259520 545259512 369098752 369098752 2701131772
570425343 1069547520 570425343 1069547519 570425343 3225419776
570425344 1069547520 570425344 1069547519 570425344 3225419776
570425344 1157627905 570425344 1157627904 570425344 3313500161
572640820 446077184 441046016 432454656 441046016 2596816896
574619647 574619648 574619647 377487360 574619647 2722103297
574619648 574619648 0 0 574619648 2722103296
574619649 574619648 377487360 574619647 574619647 2722103297
577317026 1591279542 577317026 1591279541 577317026 3747151798
578813953 1069547520 578813953 1069547519 578813953 3225419776
578813953 1772792490 578813953 1772792489 578813953 3928664746
580710552 1691398803 580710552 1691398802 580710552 3847271059
580862479 1583930542 580862479 1583930541 580862479 3739802798
583008255 583008256 583008255 385875968 583008255 2730491905
583008256 583008256 0 0 583008256 2730491904
583008257 583008256 385875968 583008255 583008255 2730491905
587020704 1709127877 587020704 1709127876 587020704 3865000133
588678415 533493325 515661032 530407187 515661032 2687822512
589597251 335100314 319004380 330787372 330787372 2484962436
589998762 251658239 237677226 246065834 246065834 2401938090
589998762 1069547520 589998762 1069547519 589998762 3225419776
591396863 591396864 591396863 394264576 591396863 2738880513
591396864 591396864 0 0 591396864 2738880512
591396865 591396864 394264576 591396863 591396863 2738880513
594402824 449253740 441383312 440346952 441383312 2601734920
596133333 1411590647 596133333 1411590646 596133333 3567462903
599785471 599785472 599785471 402653184 599785471 2747269121
599785472 599785472 0 0 599785472 2747269120
599785473 599785472 402653184 599785471 599785471 2747269121
600087673 150862902 132572536 147079896 147079896 2300304074
603979775 855638016 603979775 855638015 603979775 3011510272
603979775 1069547520 603979775 1069547519 603979775 3225419776
603979776 1069547520 603979776 1069547519 603979776 3225419776
603979776 1468006401 603979776 1468006400 603979776 3623878657
604254163 1127011289 604254163 1127011288 604254163 3282883545
604547937 1974681359 604547937 1974681358 604547937 4130553615
608174079 608174080 608174079 411041792 608174079 2755657729
608174080 608174080 0 0 608174080 2755657728
608174081 608174080 411041792 608174079 608174079 2755657729
608770205 422899477 383324128 422454934 422454934 2570827668
612368385 1069547520 612368385 1069547519 612368385 3225419776
612368385 2083170986 612368385 2083170985 612368385 4239043242
612652294 1012542301 612652294 1012542300 612652294 3168414557
615268744 1213778153 615268744 1213778152 615268744 3369650409
616562687 616562688 616562687 419430400 616562687 2764046337
616562688 616562688 0 0 616562688 2764046336
616562689 616562688 419430400 616562687 616562687 2764046337
619011691 1068422620 619011691 1068422619 619011691 3224294876
620387576 1546194092 620387576 1546194091 620387576 3702066348
623553194 562036735 556444330 548055722 556444330 2712316586
623553194 1069547520 623553194 1069547519 623553194 3225419776
624848992 1764447214 624848992 1764447213 624848992 3920319470
624951295 624951296 624951295 427819008 624951295 2772434945
624951296 624951296 0 0 624951296 2772434944
624951297 624951296 427819008 624951295 624951295 2772434945
627733965 1758940100 627733965 1758940099 627733965 3914812356
633339903 633339904 633339903 436207616 633339903 2780823553
633339904 633339904 0 0 633339904 2780823552
633339905 633339904 436207616 633339903 633339903 2780823553
634733472 2121673720 634733472 2121673719 634733472 4277545976
635053364 140724344 135640200 127608800 127608800 2294054528
637534207 1069547520 637534207 1069547519 637534207 3225419776
637534207 1166016512 637534207 1166016511 637534207 3321888768
637534208 1069547520 637534208 1069547519 637534208 3225419776
637534208 1778384897 637534208 1778384896 637534208 3934257153
641728511 641728512 641728511 444596224 641728511 2789212161
641728512 641728512 0 0 641728512 2789212160
641728513 641728512 444596224 641728511 641728511 2789212161
644725593 549910238 512835552 549315296 549315296 2697988828
644793489 27539400 1892512 27066272 27066272 2175496176
645922817 254454442 229288624 253056340 253056340 2403336192
645922817 1069547520 645922817 1069547519 645922817 3225419776
650117119 650117120 650117119 452984832 650117119 2797600769
650117120 650117120 0 0 650117120 2797600768
650117121 650117120 452984832 650117119 650117119 2797600769
653242486 1255522370 653242486 1255522369 653242486 3411394626
654105542 1993462872 654105542 1993462871 654105542 4149335128
657107626 872415231 657107626 872415230 657107626 3028287487
657107626 1069547520 657107626 1069547519 657107626 3225419776
658505727 658505728 658505727 461373440 658505727 2805989377
658505728 658505728 0 0 658505728 2805989376
658505729 658505728 461373440 658505727 658505727 2805989377
659206071 1565358046 659206071 1565358045 659206071 3721230302
660671800 320602451 306930496 315773190 306930496 2474808555
662148210 658864428 642280728 655580646 655580646 2809631858
662753836 1310635246 662753836 1310635245 662753836 3466507502
664070836 1909176058 664070836 1909176057 664070836 4065048314
666894335 666894336 666894335 469762048 666894335 2814377985
666894336 666894336 0 0 666894336 2814377984
666894337 666894336 469762048 666894335 666894335 2814377985
666912702 167204718 158724040 158908180 158724040 2319047548
671088639 1069547520 671088639 1069547519 671088639 3225419776
671088639 1476395008 671088639 1476395007 671088639 3632267264
671088640 1069547520 671088640 1069547519 671088640 3225419776
671088640 2088763393 671088640 2088763392 671088640 4244635649
672960226 904716104 672960226 904716103 672960226 3060588360
673704647 162965768 144302848 160444488 144302848 2317577384
675282943 675282944 675282943 478150656 675282943 2822766593
675282944 675282944 0 0 675282944 2822766592
675282945 675282944 478150656 675282943 675282943 2822766593
678098975 654419234 637628984 650285352 650285352 2804023728
678189126 299708986 296328250 281958400 281958400 2453890874
678831577 966913769 678831577 966913768 678831577 3122786025
679477249 564832938 490733568 564808362 490733568 2720692906
679477249 1069547520 679477249 1069547519 679477249 3225419776
683671551 683671552 683671551 486539264 683671551 2831155201
683671552 683671552 0 0 683671552 2831155200
683671553 683671552 486539264 683671551 683671551 2831155201
683681959 1413095503 683681959 1413095502 683681959 3568967759
690662058 1069547520 690662058 1069547519 690662058 3225419776
690662058 1182793727 690662058 1182793726 690662058 3338665983
691452249 2063807639 691452249 2063807638 691452249 4219679895
692060159 692060160 692060159 494927872 692060159 2839543809
692060160 692060160 0 0 692060160 2839543808
692060161 692060160 494927872 692060159 692060159 2839543809
692666258 340335083 291985280 340098189 291985280 2496088892
700448767 700448768 700448767 503316480 700448767 2847932417
700448768 700448768 0 0 700448768 2847932416
700448769 700448768 503316480 700448767 700448767 2847932417
702490393 654988073 648848362 642778320 642778320 2808128798
704643071 1069547520 704643071 1069547519 704643071 3225419776
704643071 1786773504 704643071 1786773503 704643071 3942645760
704643072 260046849 260046594 125829120 125829120 2415918978
704643072 1069547520 704643072 1069547519 704643072 3225419776
707176059 1987606572 707176059 1987606571 707176059 4143478828
708837375 708837376 708837375 511705088 708837375 2856321025
708837376 708837376 0 0 708837376 2856321024
708837377 708837376 511705088 708837375 708837375 2856321025
711142493 1846670575 711142493 1846670574 711142493 4002542831
713031681 875211434 713031681 875211418 713031681 3031083682
713031681 1069547520 713031681 1069547519 713031681 3225419776
717225983 717225984 717225983 520093696 717225983 2864709633
717225984 717225984 0 0 717225984 2864709632
717225985 717225984 520093696 717225983 717225983 2864709633
717253382 888765735 717253382 888765723 717253382 3044637985
721166501 1574908174 721166501 1574908173 721166501 3730780430
721430545 1964463371 721430545 1964463370 721430545 4120335627
723215763 2042171834 723215763 2042171833 723215763 4198044090
724216490 1069547520 724216490 1069547519 724216490 3225419776
724216490 1493172223 724216490 1493172222 724216490 3649044479
725614591 725614592 725614591 528482304 725614591 2873098241
725614592 725614592 0 0 725614592 2873098240
725614593 725614592 528482304 725614591 725614591 2873098241
728833194 1936962424 728833194 1936962423 728833194 4092834680
731766395 2125901935 731766395 2125901934 731766395 4281774191
734003199 734003200 734003199 536870912 734003199 2881486849
734003200 734003200 0 0 734003200 2881486848
734003201 734003200 536870912 734003199 734003199 2881486849
738197503 1069547520 738197503 1069547519 738197503 3225419776
738197503 2097152000 738197503 2097151999 738197503 4253024256
738197504 570425345 568328194 545259520 545259520 2725249026
738197504 1069547520 738197504 1069547519 738197504 3225419776
740718915 937933630 740718915 937933629 740718915 3093805885
742391807 742391808 742391807 545259520 742391807 2889875457
742391808 742391808 0 0 742391808 2889875456
742391809 742391808 545259520 742391807 742391807 2889875457
745324550 320774956 319226912 297597024 319226912 2469806648
746586113 1069547520 746586113 1069547519 746586113 3225419776
746586113 1185589930 746586113 1185589929 746586113 3341462186
750780415 750780416 750780415 553648128 750780415 2898264065
750780416 750780416 0 0 750780416 2898264064
750780417 750780416 553648128 750780415 750780415 2898264065
754693483 1650299154 754693483 1650299153 754693483 3806171410
757770922 1069547520 757770922 1069547519 757770922 3225419776
757770922 1803550719 757770922 1803550718 757770922 3959422975
758798550 797019709 758798550 796358381 758798550 2952612275
759169023 759169024 759169023 562036736 759169023 2906652673
759169024 759169024 0 0 759169024 2906652672
759169025 759169024 562036736 759169023 759169023 2906652673
759700956 328025610 322922908 313935088 313935088 2481781464
763026611 1732365563 763026611 1732365562 763026611 3888237819
767557631 767557632 767557631 570425344 767557631 2915041281
767557632 767557632 0 0 767557632 2915041280
767557633 767557632 570425344 767557631 767557631 2915041281
769943038 2068311056 769943038 2068311055 769943038 4224183312
771751935 268435456 0 0 0 2424307712
771751935 1069547520 771751935 1069547519 771751935 3225419776
771751936 880803841 771751936 880801794 771751936 3036675074
771751936 1069547520 771751936 1069547519 771751936 3225419776
772088354 1455704732 772088354 1455704731 772088354 3611576988
773149472 1297666914 773149472 1297666913 773149472 3453539170
775946239 775946240 775946239 578813952 775946239 2923429889
775946240 775946240 0 0 775946240 2923429888
775946241 775946240 578813952 775946239 775946239 2923429889
779154084 757753753 752847142 745180184 745180184 2911704598
780140545 1069547520 780140545 1069547519 780140545 3225419776
780140545 1495968426 780140545 1495968425 780140545 3651840682
784334847 784334848 784334847 587202560 784334847 2931818497
784334848 784334848 0 0 784334848 2931818496
784334849 784334848 587202560 784334847 784334847 2931818497
784844921 1662691199 784844921 1662691198 784844921 3818563455
785581784 862138568 785581784 862111557 785581784 3017997318
788808727 1707094707 788808727 1707094706 788808727 3862966963
788842406 823085695 788842406 822541829 788842406 2978686018
790708792 853517288 790708792 853434724 790708792 3009348262
791325354 1069547520 791325354 1069547519 791325354 3225419776
791325354 2113929215 791325354 2113929214 791325354 4269801471
792374496 1052592106 792374496 1052592105 792374496 3208464362
792723455 792723456 792723455 595591168 792723455 2940207105
792723456 792723456 0 0 792723456 2940207104
792723457 792723456 595591168 792723455 792723455 2940207105
795327917 522525025 508716380 518062100 518062100 2673455800
797518323 1416236558 797518323 1416236557 797518323 3572108814
799093054 1694418208 799093054 1694418207 799093054 3850290464
801112063 801112064 801112063 603979776 801112063 2948595713
801112064 801112064 0 0 801112064 2948595712
801112065 801112064 603979776 801112063 801112063 2948595713
805306367 578813952 0 0 0 2734686208
805306367 1069547520 805306367 1069547519 805306367 3225419776
805306368 1069547520 805306368 1069547519 805306368 3225419776
805306368 1191182337 805306368 1191182336 805306368 3347054593
807344883 37446988 6493760 36635268 6493760 2192913384
809500671 809500672 809500671 612368384 809500671 2956984321
809500672 809500672 0 0 809500672 2956984320
809500673 809500672 612368384 809500671 809500671 2956984321
810270396 1667662458 810270396 1667662457 810270396 3823534714
810917021 1428581773 810917021 1428581772 810917021 3584454029
813694977 1069547520 813694977 1069547519 813694977 3225419776
813694977 1806346922 813694977 1806346921 813694977 3962219178
817579441 954929980 817579441 954929793 817579441 3110802142
817889279 817889280 817889279 620756992 817889279 2965372929
817889280 817889280 0 0 817889280 2965372928
817889281 817889280 620756992 817889279 817889279 2965372929
821121521 1814564487 821121521 1814564486 821121521 3970436743
824242988 1343574504 824242988 1343574503 824242988 3499446760
824879786 285212671 271231658 279620266 279620266 2435492522
824879786 1069547520 824879786 1069547519 824879786 3225419776
826277887 826277888 826277887 629145600 826277887 2973761537
826277888 826277888 0 0 826277888 2973761536
826277889 826277888 629145600 826277887 826277887 2973761537
827930684 930082864 827930684 930079388 827930684 3085953382
829654991 107199736 105819784 78148480 78148480 2262382016
832366886 2067382256 832366886 2067382255 832366886 4223254512
832636165 1174500810 832636165 1174500809 832636165 3330373066
834666495 834666496 834666495 637534208 834666495 2982150145
834666496 834666496 0 0 834666496 2982150144
834666497 834666496 637534208 834666495 834666495 2982150145
838860799 889192448 838860799 888930304 838860799 3044933632
838860799 1069547520 838860799 1069547519 838860799 3225419776
838860800 1069547520 838860800 1069547519 838860800 3225419776
838860800 1501560833 838860800 1501560832 838860800 3657433089
843055103 843055104 843055103 645922816 843055103 2990538753
843055104 843055104 0 0 843055104 2990538752
843055105 843055104 645922816 843055103 843055103 2990538753
844447647 1736170513 844447647 1736170512 844447647 3892042769
847249409 1069547520 847249409 1069547519 847249409 3225419776
847249409 2116725418 847249409 2116725417 847249409 4272597674
851443711 851443712 851443711 654311424 851443711 2998927361
851443712 851443712 0 0 851443712 2998927360
851443713 851443712 654311424 851443711 851443711 2998927361
853260441 358336484 357980736 313373824 357980736 2506175880
853793981 1908016078 853793981 1908016077 853793981 4063888334
858434218 595591167 589998762 581610154 589998762 2745871018
858434218 1069547520 858434218 1069547519 858434218 3225419776
859398299 1908214529 859398299 1908214528 859398299 4064086785
859832319 859832320 859832319 662700032 859832319 3007315969
859832320 859832320 0 0 859832320 3007315968
859832321 859832320 662700032 859832319 859832319 3007315969
862767594 979183213 862767594 979182266 862767594 3135054995
867529299 1414929450 867529299 1414929449 867529299 3570801706
868220927 868220928 868220927 671088640 868220927 3015704577
868220928 868220928 0 0 868220928 3015704576
868220929 868220928 671088640 868220927 868220927 3015704577
871277694 2003804915 871277694 2003804914 871277694 4159677171
872415231 1069547520 872415231 1069547519 872415231 3225419776
872415231 1199570944 872415231 1199570943 872415231 3355443200
872415232 1069547520 872415232 1069547519 872415232 3225419776
872415232 1811939329 872415232 1811939328 872415232 3967811585
876609535 876609536 876609535 679477248 876609535 3024093185
876609536 876609536 0 0 876609536 3024093184
876609537 876609536 679477248 876609535 876609535 3024093185
879490261 833042536 810386112 831358992 831358992 2982209728
879917269 222137182 221861704 176587456 221861704 2369896308
880803841 288008874 262843056 286610772 286610772 2436890624
880803841 1069547520 880803841 1069547518 880803841 3225419775
882442027 24920432 6028896 21905984 21905984 2174034000
884998143 884998144 884998143 687865856 884998143 3032481793
884998144 884998144 0 0 884998144 3032481792
884998145 884998144 687865856 884998143 884998143 3032481793
891988650 905969663 891988650 900377258 891988650 3059045716
891988650 1069547520 891988650 1069547515 891988650 3225419773
893386751 893386752 893386751 696254464 893386751 3040870401
893386752 893386752 0 0 893386752 3040870400
893386753 893386752 696254464 893386751 893386751 3040870401
896068644 1104378851 896068644 1104378850 896068644 3260251107
898732899 809929647 804531674 798550404 798550404 2963296590
901775359 901775360 901775359 704643072 901775359 3049259009
901775360 901775360 0 0 901775360 3049259008
901775361 901775360 704643072 901775359 901775359 3049259009
903316223 1837789145 903316223 1837789144 903316223 3993661401
904965915 864533489 852069712 858435898 852069712 3017610382
905969663 1069547520 905969663 1069547504 905969663 3225419768
905969663 1509949440 905969663 1509949439 905969663 3665821696
905969664 1069547520 905969664 1069547504 905969664 3225419768
905969664 2122317825 905969664 2122317824 905969664 4278190081
906011947 1757122811 906011947 1757122810 906011947 3912995067
909443509 666055366 637580800 665000966 637580800 2821400422
910163967 910163968 910163967 713031680 910163967 3057647617
910163968 910163968 0 0 910163968 3057647616
910163969 910163968 713031680 910163967 910163967 3057647617
910671560 321752791 293313360 320722210 320722210 2470267020
914358273 598387370 524288000 598362794 524288000 2754247338
914358273 1069547520 914358273 1069547488 914358273 3225419760
914804632 850249057 844226036 839494862 844226036 3002244040
918252646 734634233 723712956 728778294 723712956 2887836170
918552575 918552576 918552575 721420288 918552575 3066036225
918552576 918552576 0 0 918552576 3066036224
918552577 918552576 721420288 918552575 918552575 3066036225
923503405 1185127282 923503405 1185127281 923503405 3340999538
924190741 1893208726 924190741 1893208725 924190741 4049080982
924894419 2045198181 924894419 2045198180 924894419 4201070437
925543082 1069547520 925543082 1069547435 925543082 3225419733
925543082 1216348159 925543082 1216348158 925543082 3372220415
926941183 926941184 926941183 729808896 926941183 3074424833
926941184 926941184 0 0 926941184 3074424832
926941185 926941184 729808896 926941183 926941183 3074424833
931570277 1044869234 931570277 1044868157 931570277 3200740951
935329791 935329792 935329791 738197504 935329791 3082813441
935329792 935329792 0 0 935329792 3082813440
935329793 935329792 738197504 935329791 935329791 3082813441
935918339 462616829 461687150 434305264 461687150 2611030156
939524095 1069547520 939524095 1069547264 939524095 3225419648
939524095 1820327936 939524095 1820327935 939524095 3976200192
939524096 293601281 167772160 293600770 167772160 2449473282
939524096 1069547520 939524096 1069547264 939524096 3225419648
942025374 781925923 780452431 758374048 758374048 2937061433
943718399 943718400 943718399 746586112 943718399 3091202049
943718400 943718400 0 0 943718400 3091202048
943718401 943718400 746586112 943718399 943718399 3091202049
947912705 908765866 759169024 908765818 759169024 3064638098
947912705 1069547520 947912705 1069547008 947912705 3225419520
951814269 1896620071 951814269 1896620070 951814269 4052492327
952107007 952107008 952107007 754974720 952107007 3099590657
952107008 952107008 0 0 952107008 3099590656
952107009 952107008 754974720 952107007 952107007 3099590657
953604391 2023676839 953604391 2023676838 953604391 4179549095
957181304 504779412 495925584 496856024 495925584 2657421440
959097514 1069547520 959097514 1069546155 959097514 3225419093
959097514 1526726655 959097514 1526726654 959097514 3682598911
959900453 1762863382 959900453 1762863381 959900453 3918735638
960495615 960495616 960495615 763363328 960495615 3107979265
960495616 960495616 0 0 960495616 3107979264
960495617 960495616 763363328 960495615 960495615 3107979265
965952794 157284320 143433472 152676448 143433472 2310852640
968884223 968884224 968884223 771751936 968884223 3116367873
968884224 968884224 0 0 968884224 3116367872
968884225 968884224 771751936 968884223 968884223 3116367873
972902707 1833545463 972902707 1833545462 972902707 3989417719
973078527 1069547520 973078527 1069543424 973078527 3225417728
973078527 2130706432 973078527 2130706431 973078527 4286578688
973078528 603979777 587202560 599785474 587202560 2757754882
973078528 1069547520 973078528 1069543424 973078528 3225417728
977272831 977272832 977272831 780140544 977272831 3124756481
977272832 977272832 0 0 977272832 3124756480
977272833 977272832 780140544 977272831 977272831 3124756481
981467137 1069547520 981467137 1069539328 981467137 3225415680
981467137 1219144362 981467137 1219144361 981467137 3375016618
985552252 872376719 860587586 865707630 865707630 3023214168
985661439 985661440 985661439 788529152 985661439 3133145089
985661440 985661440 0 0 985661440 3133145088
985661441 985661440 788529152 985661439 985661439 3133145089
992651946 1069547520 992651946 1069525675 992651946 3225408853
992651946 1837105151 992651946 1837105150 992651946 3992977407
993237082 539887533 536226240 525060916 536226240 2690710138
994050047 994050048 994050047 796917760 994050047 3141533697
994050048 994050048 0 0 994050048 3141533696
994050049 994050048 796917760 994050047 994050047 3141533697
997933278 1679337613 997933278 1679337612 997933278 3835209869
999023882 1851006700 999023882 1851006699 999023882 4006878956
1001327873 82427653 76278349 71018864 71018864 2235225257
1002438655 1002438656 1002438655 805306368 1002438655 3149922305
1002438656 1002438656 0 0 1002438656 3149922304
1002438657 1002438656 805306368 1002438655 1002438655 3149922305
1006632959 301989888 0 0 0 2457862144
1006632959 1069547520 1006632959 1069481984 1006632959 3225387008
1006632960 914358273 914354178 813694976 813694976 3070228482
1006632960 1069547520 1006632960 1069481984 1006632960 3225387008
1007352691 574049922 573255722 541189504 541189504 2729525078
1010538266 1403969446 1010538266 1403969445 1010538266 3559841702
1010827263 1010827264 1010827263 813694976 1010827263 3158310913
1010827264 1010827264 0 0 1010827264 3158310912
1010827265 1010827264 813694976 1010827263 1010827263 3158310913
1015021569 1069547520 1015021569 1069416448 1015021569 3225354240
1015021569 1529522858 1015021569 1529522857 1015021569 3685395114
1015320563 1559027838 1015320563 1559027837 1015320563 3714900094
1019215871 1019215872 1019215871 822083584 1019215871 3166699521
1019215872 1019215872 0 0 1019215872 3166699520
1019215873 1019215872 822083584 1019215871 1019215871 3166699521
1026206378 8388607 2796245 5592362 5592362 2158668500
1026206378 1069547520 1026206378 1069197995 1026206378 3225245013
1027604479 1027604480 1027604479 830472192 1027604479 3175088129
1027604480 1027604480 0 0 1027604480 3175088128
1027604481 1027604480 830472192 1027604479 1027604479 3175088129
1035993087 1035993088 1035993087 838860800 1035993087 3183476737
1035993088 1035993088 0 0 1035993088 3183476736
1035993089 1035993088 838860800 1035993087 1035993087 3183476737
1040187391 612368384 0 0 0 2768240640
1040187391 1069547520 1040187391 1068498944 1040187391 3224895488
1040187392 1069547520 1040187392 1068498944 1040187392 3224895488
1040187392 1224736769 1040187392 1224736766 1040187392 3380609024
1044381695 1044381696 1044381695 847249408 1044381695 3191865345
1044381696 1044381696 0 0 1044381696 3191865344
1044381697 1044381696 847249408 1044381695 1044381695 3191865345
1048567013 1104099513 1048567013 1103968511 1048567013 3259906268
1048576001 1069547520 1048576001 1067450368 1048576001 3224371200
1048576001 1839901354 1048576001 1839901353 1048576001 3995773610
1052770303 1052770304 1052770303 855638016 1052770303 3200253953
1052770304 1052770304 0 0 1052770304 3200253952
1052770305 1052770304 855638016 1052770303 1052770303 3200253953
1053499011 1333234076 1053499011 1333234075 1053499011 3489106332
1059760810 318767103 304786090 313174698 313174698 2469046954
1059760810 1069547520 1059760810 1062557014 1059760810 3222623574
1061158911 1061158912 1061158911 864026624 1061158911 3208642561
1061158912 1061158912 0 0 1061158912 3208642560
1061158913 1061158912 864026624 1061158911 1061158911 3208642561
1065353216 1 0 0 0 2147483650
1065353216 2 0 0 0 2147483652
1065353216 3 2 1 2 2147483652
1065353216 8388607 2048 8386559 2048 2164258814
1065353216 8388608 0 0 0 2164260864
1065353216 8388609 2048 8386561 2048 2164258818
1065353216 1065353216 0 0 1065353216 3212836864
1065353216 1069547520 1065353216 1056964608 1065353216 3221225472
1065353216 1073741824 1065353216 1065353216 1065353216 3225419776
1065353216 2139095038 1065353216 2139095037 1065353216 4286578688
1065353216 2139095039 1065353216 2139095038 1065353216 4286578688
1069547519 1069547520 1069547519 872415232 1069547519 3217031169
1069547520 1 0 0 0 2147483650
1069547520 2 0 0 0 2147483652
1069547520 3 0 0 0 2147483654
1069547520 8388607 3072 8385535 3072 2164257790
1069547520 8388608 0 0 0 2164260864
1069547520 8388609 3072 8385537 3072 2164257794
1069547520 1065353216 1056964608 1056964608 1056964608 3217031168
1069547520 1069547520 0 0 1069547520 3217031168
1069547520 1073741824 1069547520 1056964608 1069547520 3223322624
1069547520 2139095038 1069547520 2139095037 1069547520 4286578688
1069547520 2139095039 1069547520 2139095038 1069547520 4286578688
1069547521 1069547520 872415232 1069547519 1069547519 3217031169
1073741823 922746880 922484736 872415232 872415232 3078488064
1073741823 1069547520 1056964604 1065353217 1065353217 3221225471
1073741824 1 0 0 0 2147483650
1073741824 2 0 0 0 2147483652
1073741824 3 1 2 2 2147483652
1073741824 8388607 4096 8384511 4096 2164256766
1073741824 8388608 0 0 0 2164260864
1073741824 8388609 4096 8384513 4096 2164256770
1073741824 1065353216 0 0 0 3221225472
1073741824 1069547520 1056964608 1065353216 1065353216 3221225472
1073741824 1073741824 0 0 1073741824 3221225472
1073741824 1535115265 1073741824 1535115264 1073741824 3690987521
1073741824 2139095038 1073741824 2139095037 1073741824 4286578688
1073741824 2139095039 1073741824 2139095038 1073741824 4286578688
1075056476 1493099728 1075056476 1493099727 1075056476 3648971984
1075952049 2074744155 1075952049 2074744154 1075952049 4230616411
1076028468 867834139 860457252 858433810 860457252 3020404434
1076704051 907848689 895964876 902147196 902147196 3059122596
1077936127 1077936128 1077936127 880803840 1077936127 3225419777
1077936128 1077936128 0 0 1077936128 3225419776
1077936129 1077936128 880803840 1077936127 1077936127 3225419777
1082130433 11184810 384 11184426 384 2167056874
1082130433 1069547520 1065353220 1056964592 1065353220 3221225468
1086324735 1086324736 1086324735 889192448 1086324735 3233808385
1086324736 1086324736 0 0 1086324736 3233808384
1086324737 1086324736 889192448 1086324735 1086324735 3233808385
1093256604 933844999 917344020 930867332 930867332 3084172236
1093315242 629145599 623553194 615164586 623553194 2779425450
1093315242 1069547520 1042983552 1068149424 1068149424 3218429264
1094713343 1094713344 1094713343 897581056 1094713343 3242196993
1094713344 1094713344 0 0 1094713344 3242196992
1094713345 1094713344 897581056 1094713343 1094713343 3242196993
1095915265 1056218934 1048324828 1047335824 1047335824 3208206930
1097896652 1835406504 1097896652 1835406503 1097896652 3991278760
1099455944 1407127440 1099455944 1407127439 1099455944 3562999696
1100062029 1175665311 1100062029 1175646672 1100062029 3331528248
1103101951 1103101952 1103101951 905969664 1103101951 3250585601
1103101952 1103101952 0 0 1103101952 3250585600
1103101953 1103101952 905969664 1103101951 1103101951 3250585601
1107296255 1069547520 1056964544 1065353232 1065353232 3221225456
1107296255 1233125376 1107296255 1233124864 1107296255 3388997376
1107296256 1069547520 1056964608 1065353216 1065353216 3221225472
1107296256 1845493761 1107296256 1845493760 1107296256 4001366017
1111490559 1111490560 1111490559 914358272 1111490559 3258974209
1111490560 1111490560 0 0 1111490560 3258974208
1111490561 1111490560 914358272 1111490559 1111490559 3258974209
1115684865 321563306 296397488 320165204 320165204 2470445056
1115684865 1069547520 1065353280 1056964352 1065353280 3221225408
1118673601 1309536170 1118673601 1309536169 1118673601 3465408425
1119879167 1119879168 1119879167 922746880 1119879167 3267362817
1119879168 1119879168 0 0 1119879168 3267362816
1119879169 1119879168 922746880 1119879167 1119879167 3267362817
1126869674 939524095 925543082 933931690 933931690 3089803946
1126869674 1069547520 1066751232 1051372544 1051372544 3224021632
1127548838 1451161586 1127548838 1451161585 1127548838 3607033842
1128267775 1128267776 1128267775 931135488 1128267775 3275751425
1128267776 1128267776 0 0 1128267776 3275751424
1128267777 1128267776 931135488 1128267775 1128267775 3275751425
1130360290 851185163 837339260 847371244 847371244 3002482730
1132664198 21915033 609284 21610391 609284 2177634968
1133094661 1697009880 1133094661 1697009879 1133094661 3852882136
1133875853 2007011667 1133875853 2007011666 1133875853 4162883923
1136656383 1136656384 1136656383 939524096 1136656383 3284140033
1136656384 1136656384 0 0 1136656384 3284140032
1136656385 1136656384 939524096 1136656383 1136656383 3284140033
1140668719 1906977663 1140668719 1906977662 1140668719 4062849919
1140850687 1069547520 1056963584 1065353472 1065353472 3221225216
1140850687 1543503872 1140850687 1543503871 1140850687 3699376128
1140850688 16777217 1048576 15728642 1048576 2172125186
1140850688 1069547520 1056964608 1065353216 1065353216 3221225472
1143566051 988879012 977126584 982660680 982660680 3139960192
1145044991 1145044992 1145044991 947912704 1145044991 3292528641
1145044992 1145044992 0 0 1145044992 3292528640
1145044993 1145044992 947912704 1145044991 1145044991 3292528641
1148514164 663150727 646082860 659327096 659327096 2812771538
1149239297 631941802 557842432 631917226 557842432 2787801770
1149239297 1069547520 1065354240 1056960512 1065354240 3221224448
1152171360 1432293872 1152171360 1432293871 1152171360 3588166128
1153433599 1153433600 1153433599 956301312 1153433599 3300917249
1153433600 1153433600 0 0 1153433600 3300917248
1153433601 1153433600 956301312 1153433599 1153433599 3300917249
1155250916 724927174 720437572 712247440 712247440 2878800308
1155499469 746840600 743466960 727544192 727544192 2901153280
1160424106 1069547520 1059758080 1062559744 1059758080 3222624256
1160424106 1249902591 1160424106 1249891668 1160424106 3405769386
1160845130 2078739491 1160845130 2078739490 1160845130 4234611747
1161123172 476972692 475352604 449168320 449168320 2632034904
1161822207 1161822208 1161822207 964689920 1161822207 3309305857
1161822208 1161822208 0 0 1161822208 3309305856
1161822209 1161822208 964689920 1161822207 1161822207 3309305857
1170210815 1170210816 1170210815 973078528 1170210815 3317694465
1170210816 1170210816 0 0 1170210816 3317694464
1170210817 1170210816 973078528 1170210815 1170210815 3317694465
1172815373 1184958298 1172815373 1179529134 1172815373 3338932120
1174405119 1069547520 1056948224 1065357312 1065357312 3221221376
1174405119 1853882368 1174405119 1853882367 1174405119 4009754624
1174405120 327155713 327154690 209715200 209715200 2483027458
1174405120 1069547520 1056964608 1065353216 1065353216 3221225472
1175318079 2067121919 1175318079 2067121918 1175318079 4222994175
1178599423 1178599424 1178599423 981467136 1178599423 3326083073
1178599424 1178599424 0 0 1178599424 3326083072
1178599425 1178599424 981467136 1178599423 1178599423 3326083073
1178897762 2058183076 1178897762 2058183075 1178897762 4214055332
1182793729 942320298 792723456 942320250 792723456 3098192530
1182793729 1069547520 1065369600 1056899072 1065369600 3221209088
1183035081 1417263897 1183035081 1417263896 1183035081 3573136153
1186988031 1186988032 1186988031 989855744 1186988031 3334471681
1186988032 1186988032 0 0 1186988032 3334471680
1186988033 1186988032 989855744 1186988031 1186988031 3334471681
1193978538 1069547520 1042808832 1068171264 1068171264 3218407424
1193978538 1560281087 1193978538 1560281086 1193978538 3716153343
1195376639 1195376640 1195376639 998244352 1195376639 3342860289
1195376640 1195376640 0 0 1195376640 3342860288
1195376641 1195376640 998244352 1195376639 1195376639 3342860289
1195670690 746942178 739115644 737785488 737785488 2899079200
1195937865 585822801 580422855 572836628 572836628 2738995084
1198565382 795842195 790864624 781707078 790864624 2946352411
1200570823 1620934236 1200570823 1620934235 1200570823 3776806492
1202267163 837342470 833643570 820101968 820101968 2991365276
1203765247 1203765248 1203765247 1006632960 1203765247 3351248897
1203765248 1203765248 0 0 1203765248 3351248896
1203765249 1203765248 1006632960 1203765247 1203765247 3351248897
1207959551 25165824 0 0 0 2181038080
1207959551 1069547520 1056702464 1065418752 1065418752 3221159936
1207959552 637534209 629145602 629145600 629145600 2789212162
1207959552 1069547520 1056964608 1065353216 1065353216 3221225472
1211366488 1005556383 981832580 1003367870 1003367870 3154672576
1211802045 2034013787 1211802045 2034013786 1211802045 4189886043
1212153855 1212153856 1212153855 1015021568 1212153855 3359637505
1212153856 1212153856 0 0 1212153856 3359637504
1212153857 1212153856 1015021568 1212153855 1212153855 3359637505
1212728128 512184880 493890432 508729728 508729728 2661636000
1216348161 1069547520 1065615360 1055916032 1065615360 3220963328
1216348161 1252698794 1216348161 1252174506 1216348161 3408308906
1216351173 278518857 274353708 263378124 274353708 2428932476
1220542463 1220542464 1220542463 1023410176 1220542463 3368026113
1220542464 1220542464 0 0 1220542464 3368026112
1220542465 1220542464 1023410176 1220542463 1220542463 3368026113
1225054570 1312218844 1225054570 1312210342 1225054570 3468086849
1227532970 1069547520 1066401792 1052770304 1052770304 3223846912
1227532970 1870659583 1227532970 1870659582 1227532970 4026531839
1228931071 1228931072 1228931071 1031798784 1228931071 3376414721
1228931072 1228931072 0 0 1228931072 3376414720
1228931073 1228931072 1031798784 1228931071 1228931071 3376414721
1229406058 1711383261 1229406058 1711383260 1229406058 3867255517
1235041883 391091377 386246678 378788150 386246678 2542583974
1237039565 1117955540 1097855296 1115989932 1097855296 3272844992
1237319679 1237319680 1237319679 1040187392 1237319679 3384803329
1237319680 1237319680 0 0 1237319680 3384803328
1237319681 1237319680 1040187392 1237319679 1237319679 3384803329
1241513983 335544320 0 0 0 2491416576
1241513983 1069547520 1052770304 1066401792 1066401792 3220176896
1241513984 947912705 855638016 947904514 855638016 3103780866
1241513984 1069547520 1056964608 1065353216 1065353216 3221225472
1245708287 1245708288 1245708287 1048576000 1245708287 3393191937
1245708288 1245708288 0 0 1245708288 3393191936
1245708289 1245708288 1048576000 1245708287 1245708287 3393191937
1246178047 2068049201 1246178047 2068049200 1246178047 4223921457
1246629469 1634778636 1246629469 1634778635 1246629469 3790650892
1247508895 228086252 217158000 221764384 221764384 2379527752
1249902593 1069547520 0 0 1069547520 3217031168
1249902593 1563077290 1249902593 1563077289 1249902593 3718949546
1250268667 2119291129 1250268667 2119291128 1250268667 4275163385
1250828724 327712753 316816108 320856684 320856684 2478902956
1253896746 1103668709 1092571898 1097988304 1097988304 3255576497
1254096895 1254096896 1254096895 1056964608 1254096895 3401580545
1254096896 1254096896 0 0 1254096896 3401580544
1254096897 1254096896 1056964608 1254096895 1254096895 3401580545
1256158841 969363063 956701132 964968849 956701132 3123038212
1261087402 41943039 36350634 27962026 36350634 2192222890
1261087402 1069547520 0 0 0 3225419776
1261491863 1376693742 1261491863 1376693035 1261491863 3532565644
1262485503 1262485504 1262485503 1065353216 1262485503 3409969153
1262485504 1262485504 0 0 1262485504 3409969152
1262485505 1262485504 1065353216 1262485503 1262485503 3409969153
1264248627 1133863659 1126196640 1124753462 1126196640 3285881606
1264580713 1026270546 1025147160 998842832 1025147160 3174877580
1265880494 1614827104 1265880494 1614827103 1265880494 3770699360
1266618722 1045152362 1032607312 1040553794 1032607312 3198725334
1266965847 507472417 496966016 501201602 496966016 2660737985
1270874111 1270874112 1270874111 1073741824 1270874111 3418357761
1270874112 1270874112 0 0 1270874112 3418357760
1270874113 1270874112 1073741824 1270874111 1270874111 3418357761
1275068415 645922816 0 0 0 2801795072
1275068415 1069547520 0 0 0 3225419776
1275068416 1069547520 1056964608 1065353216 1065353216 3221225472
1275068416 1258291201 1258291194 1082130432 1082130432 3414163454
1276096621 1603301513 1276096621 1603301512 1276096621 3759173769
1277347159 312559598 290386128 310864340 310864340 2461738504
1279262719 1279262720 1279262719 1082130432 1279262719 3426746369
1279262720 1279262720 0 0 1279262720 3426746368
1279262721 1279262720 1082130432 1279262719 1279262719 3426746369
1280041056 622530602 604721288 619739152 619739152 2772296780
1283437932 694313861 686309710 685540796 685540796 2846573078
1283457025 1069547520 0 0 0 3225419776
1283457025 1873455786 1283457025 1873455785 1283457025 4029328042
1286685504 1396258536 1286685504 1396257118 1286685504 3552130083
1287651327 1287651328 1287651327 1090519040 1287651327 3435134977
1287651328 1287651328 0 0 1287651328 3435134976
1287651329 1287651328 1090519040 1287651327 1287651327 3435134977
1290029903 2064997267 1290029903 2064997266 1290029903 4220869523
1294641834 352321535 338340522 346729130 346729130 2502601386
1294641834 1069547520 0 0 0 3225419776
1294743496 1796740272 1294743496 1796740271 1294743496 3952612528
1294811131 1299694261 1294811131 1284834676 1294811131 3449889464
1294845106 1983353064 1294845106 1983353063 1294845106 4139225320
1295489778 664556787 646625612 661867840 661867840 2814313286
1296039935 1296039936 1296039935 1098907648 1296039935 3443523585
1296039936 1296039936 0 0 1296039936 3443523584
1296039937 1296039936 1098907648 1296039935 1296039935 3443523585
1304428543 1304428544 1304428543 1107296256 1304428543 3451912193
1304428544 1304428544 0 0 1304428544 3451912192
1304428545 1304428544 1107296256 1304428543 1304428543 3451912193
1306209693 471943900 469217208 454413312 454413312 2626589020
1308622847 956301312 0 0 0 3112173568
1308622847 1069547520 0 0 0 3225419776
1308622848 1069547520 1056964608 1065353216 1065353216 3221225472
1308622848 1568669697 1308622848 1568669696 1308622848 3724541953
1312817151 1312817152 1312817151 1115684864 1312817151 3460300801
1312817152 1312817152 0 0 1312817152 3460300800
1312817153 1312817152 1115684864 1312817151 1312817151 3460300801
1315083538 2127238079 1315083538 2127238078 1315083538 4283110335
1317011457 44739242 6144 44738858 6144 2200611306
1317011457 1069547520 0 0 0 3225419776
1317962848 1512064975 1317962848 1512064974 1317962848 3667937230
1321205759 1321205760 1321205759 1124073472 1321205759 3468689409
1321205760 1321205760 0 0 1321205760 3468689408
1321205761 1321205760 1124073472 1321205759 1321205759 3468689409
1328041878 302069694 284040560 298248224 298248224 2451503980
1328196266 662700031 657107626 648719018 657107626 2812979882
1328196266 1069547520 0 0 0 3225419776
1329594367 1329594368 1329594367 1132462080 1329594367 3477078017
1329594368 1329594368 0 0 1329594368 3477078016
1329594369 1329594368 1132462080 1329594367 1329594367 3477078017
1337982975 1337982976 1337982975 1140850688 1337982975 3485466625
1337982976 1337982976 0 0 1337982976 3485466624
1337982977 1337982976 1140850688 1337982975 1337982975 3485466625
1338818589 910254051 881486272 909120171 881486272 3065559367
1340165746 1545154619 1340165746 1545154618 1340165746 3701026875
1342177279 1069547520 0 0 0 3225419776
1342177279 1266679808 1266679296 1140850688 1140850688 3422551808
1342177280 1069547520 1056964608 1065353216 1065353216 3221225472
1342177280 1879048193 1342177280 1879048192 1342177280 4034920449
1343436531 452424774 449536390 430983936 430983936 2606852838
1345027957 599371839 598785567 563028480 563028480 2754950959
1346371583 1346371584 1346371583 1149239296 1346371583 3493855233
1346371584 1346371584 0 0 1346371584 3493855232
1346371585 1346371584 1149239296 1346371583 1346371583 3493855233
1350565889 355117738 329951920 353719636 353719636 2503999488
1350565889 1069547520 0 0 0 3225419776
1352855847 60467672 53898624 50187360 53898624 2212109552
1354760191 1354760192 1354760191 1157627904 1354760191 3502243841
1354760192 1354760192 0 0 1354760192 3502243840
1354760193 1354760192 1157627904 1354760191 1354760191 3502243841
1361750698 973078527 959097514 967486122 967486122 3123358378
1361750698 1069547520 0 0 0 3225419776
1363148799 1363148800 1363148799 1166016512 1363148799 3510632449
1363148800 1363148800 0 0 1363148800 3510632448
1363148801 1363148800 1166016512 1363148799 1363148799 3510632449
1365381699 1702624627 1365381699 1702624626 1365381699 3858496883
1366228223 783626512 782486208 755708544 782486208 2932250464
1366931680 1197061651 1181168896 1193273555 1181168896 3351039859
1371537407 1371537408 1371537407 1174405120 1371537407 3519021057
1371537408 1371537408 0 0 1371537408 3519021056
1371537409 1371537408 1174405120 1371537407 1371537407 3519021057
1375731711 1069547520 0 0 0 3225419776
1375731711 1577058304 1375731711 1577058303 1375731711 3732930560
1375731712 50331649 48234498 25165824 25165824 2205155330
1375731712 1069547520 1056964608 1065353216 1065353216 3221225472
1379926015 1379926016 1379926015 1182793728 1379926015 3527409665
1379926016 1379926016 0 0 1379926016 3527409664
1379926017 1379926016 1182793728 1379926015 1379926015 3527409665
1380015504 152697626 139656440 147486648 147486648 2303638104
1381360353 1931474822 1381360353 1931474821 1381360353 4087347078
1384120321 665496234 591396864 665471658 591396864 2821356202
1384120321 1069547520 0 0 0 3225419776
1387589886 1088483943 1081924804 1078265866 1081924804 3240213302
1388314623 1388314624 1388314623 1191182336 1388314623 3535798273
1388314624 1388314624 0 0 1388314624 3535798272
1388314625 1388314624 1191182336 1388314623 1388314623 3535798273
1389920621 2005117842 1389920621 2005117841 1389920621 4160990098
1390780786 889062873 873818840 884166765 873818840 3042487075
1390999767 807571768 804959536 789895808 789895808 2962224616
1391260304 530240043 526837560 513636924 526837560 2680303802
1393722882 2127923434 1393722882 2127923433 1393722882 4283795690
1393956577 13935754 13620800 314954 13620800 2161734356
1394078152 149610832 95443968 149430240 149430240 2297275072
1394131910 880556009 876643354 862900028 876643354 3030119900
1395305130 1069547520 0 0 0 3225419776
1395305130 1283457023 1277864618 1269476010 1277864618 3433736874
1395535526 1433954029 1395535526 1433240579 1395535526 3589469560
1396703231 1396703232 1396703231 1199570944 1396703231 3544186881
1396703232 1396703232 0 0 1396703232 3544186880
1396703233 1396703232 1199570944 1396703231 1396703231 3544186881
1398758919 118473285 109518068 110651286 109518068 2270950928
1399140320 1902800301 1399140320 1902800300 1399140320 4058672557
1405091839 1405091840 1405091839 1207959552 1405091839 3552575489
1405091840 1405091840 0 0 1405091840 3552575488
1405091841 1405091840 1207959552 1405091839 1405091839 3552575489
1406076367 1857786617 1406076367 1857786616 1406076367 4013658873
1409286143 1069547520 0 0 0 3225419776
1409286143 1887436800 1409286143 1887436799 1409286143 4043309056
1409286144 360710145 251658240 360708098 251658240 2516581378
1409286144 1069547520 1056964608 1065353216 1065353216 3221225472
1413480447 1413480448 1413480447 1216348160 1413480447 3560964097
1413480448 1413480448 0 0 1413480448 3560964096
1413480449 1413480448 1216348160 1413480447 1413480447 3560964097
1417674753 975874730 826277888 975874682 826277888 3131746962
1417674753 1069547520 0 0 0 3225419776
1419123734 988398642 987898406 947143040 947143040 3144020780
1420589273 697621649 687809808 690628250 687809808 2850680798
1421869055 1421869056 1421869055 1224736768 1421869055 3569352705
1421869056 1421869056 0 0 1421869056 3569352704
1421869057 1421869056 1224736768 1421869055 1421869055 3569352705
1428450682 975724447 967166636 967505042 967166636 3128809960
1428859562 1069547520 0 0 0 3225419776
1428859562 1593835519 1428859562 1593835498 1428859562 3749707764
1430257663 1430257664 1430257663 1233125376 1430257663 3577741313
1430257664 1430257664 0 0 1430257664 3577741312
1430257665 1430257664 1233125376 1430257663 1430257663 3577741313
1433508699 665019728 663261328 643212800 643212800 2820012784
1433948187 1372435105 1364537676 1363555318 1364537676 3524814414
1434261646 221416326 174955520 221173014 174955520 2377166926
1434273941 22931555 8763378 18549866 18549866 2173723182
1438646271 1438646272 1438646271 1241513984 1438646271 3586129921
1438646272 1438646272 0 0 1438646272 3586129920
1438646273 1438646272 1241513984 1438646271 1438646271 3586129921
1441328894 1634590191 1441328894 1634590189 1441328894 3790462446
1441469287 614936785 597507256 612352838 597507256 2769520954
1442840575 58720256 0 0 0 2214592512
1442840575 1069547520 0 0 0 3225419776
1442840576 671088641 671088640 478150656 671088640 2818572290
1442840576 1069547520 1056964608 1065353216 1065353216 3221225472
1447032224 479812803 479484501 438324672 438324672 2635520908
1447034879 1447034880 1447034879 1249902592 1447034879 3594518529
1447034880 1447034880 0 0 1447034880 3594518528
1447034881 1447034880 1249902592 1447034879 1447034879 3594518529
1449587336 474210449 450718392 472396602 472396602 2623507944
1451229185 1069547520 0 0 0 3225419776
1451229185 1286253226 1262485504 1284680362 1262485504 3441339050
1452650922 2006023272 1452650922 2006023271 1452650922 4161895528
1455423487 1455423488 1455423487 1258291200 1455423487 3602907137
1455423488 1455423488 0 0 1455423488 3602907136
1455423489 1455423488 1258291200 1455423487 1455423487 3602907137
1462413994 1069547520 0 0 0 3225419776
1462413994 1904214015 1462413994 1904214014 1462413994 4060086271
1463812095 1463812096 1463812095 1266679808 1463812095 3611295745
1463812096 1463812096 0 0 1463812096 3611295744
1463812097 1463812096 1266679808 1463812095 1463812095 3611295745
1465263366 1451971203 1420109872 1451294720 1451294720 3600131334
1470918901 483124918 481110884 460708496 481110884 2632622600
1472200703 1472200704 1472200703 1275068416 1472200703 3619684353
1472200704 1472200704 0 0 1472200704 3619684352
1472200705 1472200704 1275068416 1472200703 1472200703 3619684353
1476395007 369098752 0 0 0 2524971008
1476395007 1069547520 0 0 0 3225419776
1476395008 981467137 981450754 897581056 897581056 3137331202
1476395008 1069547520 1056964608 1065353216 1065353216 3221225472
1476885644 875506630 859627760 872408852 859627760 3029831592
1477287240 997431647 977384912 994257899 977384912 3151717029
1478034165 1947008356 1478034165 1947008355 1478034165 4102880612
1480589311 1480589312 1480589311 1283457024 1480589311 3628072961
1480589312 1480589312 0 0 1480589312 3628072960
1480589313 1480589312 1283457024 1480589311 1480589311 3628072961
1484783617 1069547520 0 0 0 3225419776
1484783617 1596631722 1484783617 1596630698 1484783617 3752503466
1484993734 959005694 957361732 935898576 957361732 3108133304
1487585663 2127103373 1487585663 2127103372 1487585663 4282975629
1488289984 364968164 337512128 363673612 337512128 2520193144
1488977919 1488977920 1488977919 1291845632 1488977919 3636461569
1488977920 1488977920 0 0 1488977920 3636461568
1488977921 1488977920 1291845632 1488977919 1488977919 3636461569
1495968426 75497471 69905066 61516458 69905066 2225777322
1495968426 1069547520 0 0 0 3225419776
1497366527 1497366528 1497366527 1300234240 1497366527 3644850177
1497366528 1497366528 0 0 1497366528 3644850176
1497366529 1497366528 1300234240 1497366527 1497366527 3644850177
1500957218 1610607168 1500957218 1610605194 1500957218 3766478437
1505755135 1505755136 1505755135 1308622848 1505755135 3653238785
1505755136 1505755136 0 0 1505755136 3653238784
1505755137 1505755136 1308622848 1505755135 1505755135 3653238785
1509949439 679477248 0 0 0 2835349504
1509949439 1069547520 0 0 0 3225419776
1509949440 1069547520 1056964608 1065353216 1065353216 3221225472
1509949440 1291845633 1124073472 1291845618 1124073472 3447717882
1510274523 1072557025 1071005722 1044209208 1071005722 3221408724
1511220664 1499144510 1494701156 1485281716 1494701156 3650057996
1514143743 1514143744 1514143743 1317011456 1514143743 3661627393
1514143744 1514143744 0 0 1514143744 3661627392
1514143745 1514143744 1317011456 1514143743 1514143743 3661627393
1514726627 390311664 373833024 387030944 387030944 2541076032
1518138460 1833313510 1518138460 1833313509 1518138460 3989185766
1518338049 1069547520 0 0 0 3225419776
1518338049 1907010218 1518338049 1907010217 1518338049 4062882474
1519703857 1740406428 1519703857 1740406427 1519703857 3896278684
1522532351 1522532352 1522532351 1325400064 1522532351 3670016001
1522532352 1522532352 0 0 1522532352 3670016000
1522532353 1522532352 1325400064 1522532351 1522532351 3670016001
1527161385 1504254199 1492774392 1498757874 1492774392 3658079032
1528510184 741942229 740124236 719187016 740124236 2891243870
1529522858 385875967 371894954 380283562 380283562 2536155818
1529522858 1069547520 0 0 0 3225419776
1530920959 1530920960 1530920959 1333788672 1530920959 3678404609
1530920960 1530920960 0 0 1530920960 3678404608
1530920961 1530920960 1333788672 1530920959 1530920959 3678404609
1533258757 646134524 615876160 644859184 644859184 2794361696
1536684676 1740140605 1536684676 1740140604 1536684676 3896012861
1537040171 1070812440 1049594208 1068460736 1068460736 3220647792
1539309567 1539309568 1539309567 1342177280 1539309567 3686793217
1539309568 1539309568 0 0 1539309568 3686793216
1539309569 1539309568 1342177280 1539309567 1539309567 3686793217
1543503871 989855744 0 0 0 3145728000
1543503871 1069547520 0 0 0 3225419776
1543503872 1069547520 1056964608 1065353216 1065353216 3221225472
1543503872 1602224129 1543503872 1602093058 1543503872 3758030850
1545729448 1759340614 1545729448 1759340613 1545729448 3915212870
1547698175 1547698176 1547698175 1350565888 1547698175 3695181825
1547698176 1547698176 0 0 1547698176 3695181824
1547698177 1547698176 1350565888 1547698175 1547698175 3695181825
1551892481 78293674 98304 78293290 98304 2234165738
1551892481 1069547520 0 0 0 3225419776
1555623728 550165331 521724584 548912894 548912894 2698901416
1555750915 1804684015 1555750915 1804684014 1555750915 3960556271
1556086783 1556086784 1556086783 1358954496 1556086783 3703570433
1556086784 1556086784 0 0 1556086784 3703570432
1556086785 1556086784 1358954496 1556086783 1556086783 3703570433
1557764838 489632584 468430208 487701912 468430208 2644539504
1563077290 696254463 690662058 682273450 690662058 2846534314
1563077290 1069547520 0 0 0 3225419776
1564475391 1564475392 1564475391 1367343104 1564475391 3711959041
1564475392 1564475392 0 0 1564475392 3711959040
1564475393 1564475392 1367343104 1564475391 1564475391 3711959041
1569391572 1209927365 1209657430 1166265824 1209657430 3357680948
1570736630 168039021 154755308 162231396 162231396 2318559912
1572600661 1188987450 1167515712 1186515498 1167515712 3343623730
1572863999 1572864000 1572863999 1375731712 1572863999 3720347649
1572864000 1572864000 0 0 1572864000 3720347648
1572864001 1572864000 1375731712 1572863999 1572863999 3720347649
1575917273 1017536101 1010879520 1007415466 1010879520 3169605306
1577058303 1069547520 0 0 0 3225419776
1577058303 1300234240 0 0 0 3456106496
1577058304 1069547520 1056964608 1065353216 1065353216 3221225472
1577058304 1912602625 1577058304 1912602624 1577058304 4068474881
1580752157 1997008678 1580752157 1997008677 1580752157 4152880934
1581252607 1581252608 1581252607 1384120320 1581252607 3728736257
1581252608 1581252608 0 0 1581252608 3728736256
1581252609 1581252608 1384120320 1581252607 1581252607 3728736257
1584913067 2054825539 1584913067 2054825538 1584913067 4210697795
1585446913 388672170 363506352 387274068 387274068 2537553920
1585446913 1069547520 0 0 0 3225419776
1586130386 1535155672 1533218368 1508993920 1533218368 3683628176
1587263547 1300199756 1296793960 1280302992 1296793960 3449403544
1589641215 1589641216 1589641215 1392508928 1589641215 3737124865
1589641216 1589641216 0 0 1589641216 3737124864
1589641217 1589641216 1392508928 1589641215 1589641215 3737124865
1591980527 512847587 508487564 497544308 508487564 2663082496
1596631722 1006632959 992651946 1001040554 1001040554 3156912810
1596631722 1069547520 0 0 0 3225419776
1598029823 1598029824 1598029823 1400897536 1598029823 3745513473
1598029824 1598029824 0 0 1598029824 3745513472
1598029825 1598029824 1400897536 1598029823 1598029823 3745513473
1599047065 1601806469 1599047065 1579707312 1599047065 3750878648
1600345453 143957525 143371432 110040784 143371432 2292027266
1606418431 1606418432 1606418431 1409286144 1606418431 3753902081
1606418432 1606418432 0 0 1606418432 3753902080
1606418433 1606418432 1409286144 1606418431 1606418431 3753902081
1606759036 978016662 976434652 952180176 976434652 3127082320
1610612735 1069547520 0 0 0 3225419776
1610612735 1610612736 1610612735 1409286144 1610612735 3758096384
1610612736 83886081 67108864 79691778 67108864 2237661186
1610612736 1069547520 1056964608 1065353216 1065353216 3221225472
1614807039 1614807040 1614807039 1417674752 1614807039 3762290689
1614807040 1614807040 0 0 1614807040 3762290688
1614807041 1614807040 1417674752 1614807039 1614807039 3762290689
1618960315 1633137339 1618960315 1628953292 1618960315 3786917572
1619001345 699050666 624951296 699026090 624951296 2854910634
1619001345 1069547520 0 0 0 3225419776
1620411180 2060871932 1620411180 2060871931 1620411180 4216744188
1623195647 1623195648 1623195647 1426063360 1623195647 3770679297
1623195648 1623195648 0 0 1623195648 3770679296
1623195649 1623195648 1426063360 1623195647 1623195647 3770679297
1628304511 1361608086 1340825104 1359679956 1359679956 3511019864
1629826033 545900023 534350376 539412186 534350376 2698848612
1630186154 1069547520 0 0 0 3225419776
1630186154 1317011455 1311419050 1303030442 1311419050 3467291306
1631584255 1631584256 1631584255 1434451968 1631584255 3779067905
1631584256 1631584256 0 0 1631584256 3779067904
1631584257 1631584256 1434451968 1631584255 1631584255 3779067905
1635009510 292885385 258776448 291916209 258776448 2448273053
1639972863 1639972864 1639972863 1442840576 1639972863 3787456513
1639972864 1639972864 0 0 1639972864 3787456512
1639972865 1639972864 1442840576 1639972863 1639972863 3787456513
1644167167 1069547520 0 0 0 3225419776
1644167167 1920991232 1644167167 1920991231 1644167167 4076863488
1644167168 394264577 394260482 293601280 293601280 2550134786
1644167168 1069547520 1056964608 1065353216 1065353216 3221225472
1646917188 697889176 697047072 667785088 697047072 2846214928
1647083338 1538380869 1527067804 1532916718 1527067804 3692070686
1648361471 1648361472 1648361471 1451229184 1648361471 3795845121
1648361472 1648361472 0 0 1648361472 3795845120
1648361473 1648361472 1451229184 1648361471 1648361471 3795845121
1648894396 753436881 751794146 726173560 751794146 2902510816
1651114624 1765950120 1651114624 1765949184 1651114624 3921821908
1651266087 157425002 156040330 128517888 128517888 2312604922
1652555777 1009429162 859832320 1009429114 859832320 3165301394
1652555777 1069547520 0 0 0 3225419776
1652556027 543043908 506439360 542324440 542324440 2691247024
1655883920 661960987 649559282 655948450 655948450 2812820426
1656750079 1656750080 1656750079 1459617792 1656750079 3804233729
1656750080 1656750080 0 0 1656750080 3804233728
1656750081 1656750080 1459617792 1656750079 1656750079 3804233729
1657136594 1931426634 1657136594 1931426633 1657136594 4087298890
1659429642 2013599586 1659429642 2013599585 1659429642 4169471842
1660353762 1364672200 1341492224 1362660680 1341492224 3519538696
1663740586 1069547520 0 0 0 3225419776
1663740586 1627389951 1613408938 1621797546 1621797546 3777669802
1665138687 1665138688 1665138687 1468006400 1665138687 3812622337
1665138688 1665138688 0 0 1665138688 3812622336
1665138689 1665138688 1468006400 1665138687 1665138687 3812622337
1673527295 1673527296 1673527295 1476395008 1673527295 3821010945
1673527296 1673527296 0 0 1673527296 3821010944
1673527297 1673527296 1476395008 1673527295 1673527295 3821010945
1674172578 2136170643 1674172578 2136170642 1674172578 4286578688
1677721599 92274688 0 0 0 2248146944
1677721599 1069547520 0 0 0 3225419776
1677721600 704643073 520093696 704643070 520093696 2860515328
1677721600 1069547520 1056964608 1065353216 1065353216 3221225472
1681915903 1681915904 1681915903 1484783616 1681915903 3829399553
1681915904 1681915904 0 0 1681915904 3829399552
1681915905 1681915904 1484783616 1681915903 1681915903 3829399553
1682664156 266836224 251090944 262783744 251090944 2420682240
1683284011 1588982735 1555507648 1588232499 1555507648 3744479873
1686110209 1069547520 0 0 0 3225419776
1686110209 1319807658 1296039936 1318234794 1296039936 3474893482
1688232791 897137459 892845351 880999448 880999448 3050863661
1690304511 1690304512 1690304511 1493172224 1690304511 3837788161
1690304512 1690304512 0 0 1690304512 3837788160
1690304513 1690304512 1493172224 1690304511 1690304511 3837788161
1691492455 1453783041 1443965868 1446822998 1443965868 3607276822
1697295018 1069547520 0 0 0 3225419776
1697295018 1937768447 1697295018 1937768446 1697295018 4093640703
1698693119 1698693120 1698693119 1501560832 1698693119 3846176769
1698693120 1698693120 0 0 1698693120 3846176768
1698693121 1698693120 1501560832 1698693119 1698693119 3846176769
1702329078 141375976 113572672 139762304 139762304 2290281640
1706092696 1387848902 1381760324 1377160264 1377160264 3541266868
1707081727 1707081728 1707081727 1509949440 1707081727 3854565377
1707081728 1707081728 0 0 1707081728 3854565376
1707081729 1707081728 1509949440 1707081727 1707081727 3854565377
1711276031 402653184 0 0 0 2558525440
1711276031 1069547520 0 0 0 3225419776
1711276032 1015021569 939524096 1014988802 939524096 3170877442
1711276032 1069547520 1056964608 1065353216 1065353216 3221225472
1712839189 1207376560 1193175424 1202185712 1193175424 3360653392
1713198305 2066953100 1713198305 2066953099 1713198305 4222825356
1715157247 313439011 298242204 309984760 309984760 2464180042
1715470335 1715470336 1715470335 1518338048 1715470335 3862953985
1715470336 1715470336 0 0 1715470336 3862953984
1715470337 1715470336 1518338048 1715470335 1715470335 3862953985
1716578803 719653065 711227398 711301516 711301516 2871763558
1718239683 761118196 757216584 745415344 757216584 2911675216
1719664641 1069547520 0 0 0 3225419776
1719664641 1630186154 1530920960 1630183082 1530920960 3786056874
1723858943 1723858944 1723858943 1526726656 1723858943 3871342593
1723858944 1723858944 0 0 1723858944 3871342592
1723858945 1723858944 1526726656 1723858943 1723858943 3871342593
1727066649 1904063915 1727066649 1904063907 1727066649 4059936167
1728655436 2013225520 1728655436 2013225519 1728655436 4169097776
1729957488 1508784980 1504769200 1492458128 1504769200 3658858748
1730196895 1422612456 1421158336 1395753280 1421158336 3571550224
1730849450 109051903 103459498 95070890 103459498 2259331754
1730849450 1069547520 0 0 0 3225419776
1731957723 2055564687 1731957723 2055564686 1731957723 4211436943
1732247551 1732247552 1732247551 1535115264 1732247551 3879731201
1732247552 1732247552 0 0 1732247552 3879731200
1732247553 1732247552 1535115264 1732247551 1732247551 3879731201
1733727764 633695809 630450361 616961568 616961568 2787945341
1739151583 155571589 147121940 147244022 147121940 2308217792
1740636159 1740636160 1740636159 1543503872 1740636159 3888119809
1740636160 1740636160 0 0 1740636160 3888119808
1740636161 1740636160 1543503872 1740636159 1740636159 3888119809
1741312415 721758902 718012756 704204896 704204896 2875927392
1741498489 1636231926 1626184992 1628899164 1626184992 3788664484
1742332625 1489619644 1486313084 1472844032 1472844032 3643838620
1744470753 1407782618 1407521668 1358878080 1407521668 3555527216
1744830463 713031680 0 0 0 2868903936
1744830463 1069547520 0 0 0 3225419776
1744830464 1069547520 1056964608 1065353216 1065353216 3221225472
1744830464 1325400065 1325400034 1166016512 1166016512 3481272306
1746479978 1547369989 1539251160 1538711602 1539251160 3700111119
1749024767 1749024768 1749024767 1551892480 1749024767 3896508417
1749024768 1749024768 0 0 1749024768 3896508416
1749024769 1749024768 1551892480 1749024767 1749024767 3896508417
1750680957 1721970932 1716815040 1709423184 1716815040 3873185672
1752835552 1310490238 1301330644 1302872616 1302872616 3462716392
1753219073 1069547520 0 0 0 3225419776
1753219073 1940564650 1753219073 1940564648 1753219073 4096436905
1755122956 1122355009 1120682350 1095511704 1120682350 3271511316
1757413375 1757413376 1757413375 1560281088 1757413375 3904897025
1757413376 1757413376 0 0 1757413376 3904897024
1757413377 1757413376 1560281088 1757413375 1757413375 3904897025
1762682842 1956227623 1762682842 1956227622 1762682842 4112099878
1764403882 419430399 405449386 413837994 413837994 2569710250
1764403882 1069547520 0 0 0 3225419776
1765801983 1765801984 1765801983 1568669696 1765801983 3913285633
1765801984 1765801984 0 0 1765801984 3913285632
1765801985 1765801984 1568669696 1765801983 1765801983 3913285633
1766072291 1291953249 1277985744 1286407898 1277985744 3445106638
1774190591 1774190592 1774190591 1577058304 1774190591 3921674241
1774190592 1774190592 0 0 1774190592 3921674240
1774190593 1774190592 1577058304 1774190591 1774190591 3921674241
1778384895 1023410176 0 0 0 3179282432
1778384895 1069547520 0 0 0 3225419776
1778384896 1069547520 1056964608 1065353216 1065353216 3221225472
1778384896 1635778561 1635516418 1585446912 1585446912 3791519746
1778588457 519504441 510841958 511389708 511389708 2671261238
1782579199 1782579200 1782579199 1585446912 1782579199 3930062849
1782579200 1782579200 0 0 1782579200 3930062848
1782579201 1782579200 1585446912 1782579199 1782579199 3930062849
1786773505 111848106 1572864 111847722 1572864 2267720170
1786773505 1069547520 0 0 0 3225419776
1790967807 1790967808 1790967807 1593835520 1790967807 3938451457
1790967808 1790967808 0 0 1790967808 3938451456
1790967809 1790967808 1593835520 1790967807 1790967807 3938451457
1793687210 1683292767 1681069555 1661448624 1661448624 3838053417
1794248660 462812069 453146136 455700786 453146136 2615847998
1795894792 1501581807 1496466190 1486668192 1486668192 3654906742
1796662846 1691350727 1668225984 1689391951 1668225984 3846243595
1797958314 729808895 724216490 715827882 724216490 2880088746
1797958314 1069547520 0 0 0 3225419776
1799356415 1799356416 1799356415 1602224128 1799356415 3946840065
1799356416 1799356416 0 0 1799356416 3946840064
1799356417 1799356416 1602224128 1799356415 1799356415 3946840065
1802962296 1013891768 1006605120 1004401200 1006605120 3165576680
1807745023 1807745024 1807745023 1610612736 1807745023 3955228673
1807745024 1807745024 0 0 1807745024 3955228672
1807745025 1807745024 1610612736 1807745023 1807745023 3955228673
1809476937 117799419 114130806 99996160 99996160 2272016822
1811080643 1171208974 1167097490 1157296624 1157296624 3325025488
1811939327 1069547520 0 0 0 3225419776
1811939327 1333788672 0 0 0 3489660928
1811939328 1069547520 1056964608 1065353216 1065353216 3221225472
1811939328 1946157057 1811939328 1946156802 1811939328 4102029186
1813518510 1154185624 1145129776 1146464256 1146464256 3306557336
1816133631 1816133632 1816133631 1619001344 1816133631 3963617281
1816133632 1816133632 0 0 1816133632 3963617280
1816133633 1816133632 1619001344 1816133631 1816133631 3963617281
1817900184 901372964 890703320 895265392 895265392 3053629832
1818734859 1052537551 1048872037 1038072232 1038072232 3206577050
1820327937 422226602 397060784 420828500 420828500 2571108352
1820327937 1069547520 0 0 0 3225419776
1822258598 1062382713 1055352950 1052635260 1052635260 3215143002
1823421877 379239870 376166260 361973776 361973776 2533905596
1824522239 1824522240 1824522239 1627389952 1824522239 3972005889
1824522240 1824522240 0 0 1824522240 3972005888
1824522241 1824522240 1627389952 1824522239 1824522239 3972005889
1826972540 1298601681 1294393621 1283484536 1283484536 3452369907
1830057615 1759511722 1745740228 1754862536 1754862536 3910367942
1831512746 1040187391 1026206378 1034594986 1034594986 3190467242
1831512746 1069547520 0 0 0 3225419776
1832910847 1832910848 1832910847 1635778560 1832910847 3980394497
1832910848 1832910848 0 0 1832910848 3980394496
1832910849 1832910848 1635778560 1832910847 1832910847 3980394497
1841299455 1841299456 1841299455 1644167168 1841299455 3988783105
1841299456 1841299456 0 0 1841299456 3988783104
1841299457 1841299456 1644167168 1841299455 1841299455 3988783105
1841586032 1388405707 1385027174 1372468628 1385027174 3539267888
1841623515 1207338720 1192059200 1202705984 1202705984 3357449152
1845493759 1069547520 0 0 0 3225419776
1845493759 1644167168 0 0 1644167168 3791650816
1845493760 117440513 109051906 109051904 109051904 2269118466
1845493760 1069547520 1056964608 1065353216 1065353216 3221225472
1845625861 1829449156 1825377680 1813158896 1813158896 3983651980
1845897306 984130150 966557352 981566140 981566140 3134177808
1849688063 1849688064 1849688063 1652555776 1849688063 3997171713
1849688064 1849688064 0 0 1849688064 3997171712
1849688065 1849688064 1652555776 1849688063 1849688063 3997171713
1851077821 631770070 626289756 620189344 620189344 2785616130
1851255452 529885769 520270506 522723816 522723816 2681652126
1853882369 732605098 658505728 732580522 658505728 2888465066
1853882369 1069547520 0 0 0 3225419776
1855323845 703396846 689854408 698208266 689854408 2856674812
1858076671 1858076672 1858076671 1660944384 1858076671 4005560321
1858076672 1858076672 0 0 1858076672 4005560320
1858076673 1858076672 1660944384 1858076671 1858076671 4005560321
1858168262 812079818 805884418 800919952 800919952 2964854374
1860387381 1231000284 1226108696 1217742728 1226108696 3381992272
1865067178 1069547520 0 0 0 3225419776
1865067178 1350565887 1344973482 1336584874 1344973482 3500845738
1866465279 1866465280 1866465279 1669332992 1866465279 4013948929
1866465280 1866465280 0 0 1866465280 4013948928
1866465281 1866465280 1669332992 1866465279 1866465279 4013948929
1868922493 788250755 787489929 750370720 750370720 2943742598
1869285872 2015195151 1869285872 2015195092 1869285872 4171067378
1870589436 1615976754 1598563240 1612697672 1612697672 3766612238
1874853887 1874853888 1874853887 1677721600 1874853887 4022337537
1874853888 1874853888 0 0 1874853888 4022337536
1874853889 1874853888 1677721600 1874853887 1874853887 4022337537
1879048191 1069547520 0 0 0 3225419776
1879048191 1954545664 1879048191 1954512896 1879048191 4110401536
1879048192 427819009 335544320 427810818 335544320 2583687170
1879048192 1069547520 1056964608 1065353216 1065353216 3221225472
1880043585 370780584 367447328 353963104 367447328 2520771776
1883242495 1883242496 1883242495 1686110208 1883242495 4030726145
1883242496 1883242496 0 0 1883242496 4030726144
1883242497 1883242496 1686110208 1883242495 1883242495 4030726145
1884557810 577284984 572036944 564144208 572036944 2728157136
1885298948 694323266 677184616 690702120 690702120 2844583086
1885306080 1618538120 1604103552 1613404104 1604103552 3771843368
1887436801 1042983594 893386752 1042983546 893386752 3198855826
1887436801 1069547520 0 0 0 3225419776
1888865153 1445076718 1410338528 1444486656 1444486656 3593150428
1891631103 1891631104 1891631103 1694498816 1891631103 4039114753
1891631104 1891631104 0 0 1891631104 4039114752
1891631105 1891631104 1694498816 1891631103 1891631103 4039114753
1896555382 146091777 140230804 135175534 140230804 2298248632
1898033699 2075092847 1898033699 2075092842 1898033699 4230965100
1898559034 361438119 353036744 353062278 353036744 2513486442
1898621610 1069547520 0 0 0 3225419776
1898621610 1660944383 1646963370 1655351978 1655351978 3811224234
1899630538 1320524652 1312898312 1311373776 1311373776 3473612024
1900019711 1900019712 1900019711 1702887424 1900019711 4047503361
1900019712 1900019712 0 0 1900019712 4047503360
1900019713 1900019712 1702887424 1900019711 1900019711 4047503361
1901718268 1259779997 1259546355 1214524032 1214524032 3415535432
1903909385 1234229304 1233718304 1199145728 1233718304 3382223952
1908408319 1908408320 1908408319 1711276032 1908408319 4055891969
1908408320 1908408320 0 0 1908408320 4055891968
1908408321 1908408320 1711276032 1908408319 1908408319 4055891969
1912075158 753772430 748031820 741290116 748031820 2904727528
1912602623 125829120 0 0 0 2281701376
1912602623 1069547520 0 0 0 3225419776
1912602624 738197505 738197498 562036736 562036736 2894069758
1912602624 1069547520 1056964608 1065353216 1065353216 3221225472
1913944023 696411899 686155688 689035810 686155688 2848674828
1916796927 1916796928 1916796927 1719664640 1916796927 4064280577
1916796928 1916796928 0 0 1916796928 4064280576
1916796929 1916796928 1719664640 1916796927 1916796927 4064280577
1920180090 1868949744 1866196912 1848116480 1848116480 4023445584
1920843657 1137531889 1134505250 1119402812 1134505250 3288042176
1920991233 1069547520 0 0 0 3225419776
1920991233 1353362090 1329594368 1351789226 1329594368 3508447914
1922340360 346252395 345135836 319310968 345135836 2494852602
1922746762 2135966934 1922746762 2135966933 1922746762 4286578688
1925185535 1925185536 1925185535 1728053248 1925185535 4072669185
1925185536 1925185536 0 0 1925185536 4072669184
1925185537 1925185536 1728053248 1925185535 1925185535 4072669185
1925902318 1060247813 1042338968 1057612767 1042338968 3214802546
1932176042 1069547520 0 0 0 3225419776
1932176042 1971322879 1932176042 1970623828 1932176042 4126845610
1932568255 804011140 784860016 800734120 800734120 2953780912
1933574143 1933574144 1933574143 1736441856 1933574143 4081057793
1933574144 1933574144 0 0 1933574144 4081057792
1933574145 1933574144 1736441856 1933574143 1933574143 4081057793
1936249408 716823589 711783744 705086218 711783744 2868723114
1938703387 776783539 769300368 767489494 769300368 2929074383
1940451444 634395812 624519792 627494616 624519792 2787230216
1941962751 1941962752 1941962751 1744830464 1941962751 4089446401
1941962752 1941962752 0 0 1941962752 4089446400
1941962753 1941962752 1744830464 1941962751 1941962751 4089446401
1946157055 436207616 0 0 0 2592079872
1946157055 1069547520 0 0 0 3225419776
1946157056 1048576001 1048510466 981467136 981467136 3204415490
1946157056 1069547520 1056964608 1065353216 1065353216 3221225472
1948728012 171775572 159206512 167478896 167478896 2323409264
1950351359 1950351360 1950351359 1753219072 1950351359 4097835009
1950351360 1950351360 0 0 1950351360 4097835008
1950351361 1950351360 1753219072 1950351359 1950351359 4097835009
1952141073 1763245646 1758146440 1749916200 1758146440 3914097880
1954545665 1069547520 0 0 0 3225419776
1954545665 1663740586 1564475392 1663737514 1564475392 3819611306
1956352179 759585087 750226222 752166736 752166736 2911965035
1958689089 1397528184 1388413952 1389865200 1388413952 3550229880
1958739967 1958739968 1958739967 1761607680 1958739967 4106223617
1958739968 1958739968 0 0 1958739968 4106223616
1958739969 1958739968 1761607680 1958739967 1958739967 4106223617
1963147325 908649932 902527920 897994728 902527920 3060534720
1965730474 142606335 137013930 128625322 137013930 2292886186
1965730474 1069547520 0 0 0 3225419776
1966326773 197010316 181344048 193617344 193617344 2347886936
1967128575 1967128576 1967128575 1769996288 1967128575 4114612225
1967128576 1967128576 0 0 1967128576 4114612224
1967128577 1967128576 1769996288 1967128575 1967128575 4114612225
1972522395 1304967911 1294247376 1298911230 1294247376 3458142579
1975517183 1975517184 1975517183 1778384896 1975517183 4123000833
1975517184 1975517184 0 0 1975517184 4123000832
1975517185 1975517184 1778384896 1975517183 1975517183 4123000833
1978173505 286780886 278304348 278480208 278480208 2439198980
1979711487 746586112 0 0 0 2902458368
1979711487 1069547520 0 0 0 3225419776
1979711488 1069547520 1056964608 1065353216 1065353216 3221225472
1979711488 1358954497 1207959552 1358954434 1207959552 3514826722
1983905791 1983905792 1983905791 1786773504 1983905791 4131389441
1983905792 1983905792 0 0 1983905792 4131389440
1983905793 1983905792 1786773504 1983905791 1983905791 4131389441
1986394908 1179536620 1175135572 1166430000 1166430000 3333208352
1986448067 546410619 531177184 542019974 531177184 2700663102
1988100097 1069547520 0 0 0 3225419776
1988100097 1974119082 1799356416 1974119076 1974119076 4121602736
1992294399 1992294400 1992294399 1795162112 1992294399 4139778049
1992294400 1992294400 0 0 1992294400 4139778048
1992294401 1992294400 1795162112 1992294399 1992294399 4139778049
1996719311 1459346133 1402968704 1459182699 1402968704 3615136672
1999284906 452984831 439003818 447392426 447392426 2603264682
1999284906 1069547520 0 0 0 3225419776
2000683007 2000683008 2000683007 1803550720 2000683007 4148166657
2000683008 2000683008 0 0 2000683008 4148166656
2000683009 2000683008 1803550720 2000683007 2000683007 4148166657
2009071615 2009071616 2009071615 1811939328 2009071615 4156555265
2009071616 2009071616 0 0 2009071616 4156555264
2009071617 2009071616 1811939328 2009071615 2009071615 4156555265
2009552710 146165490 137243312 138310452 137243312 2299184198
2013265919 1056964608 0 0 0 3212836864
2013265919 1069547520 0 0 0 3225419776
2013265920 1069547520 1056964608 1065353216 1065353216 3221225472
2013265920 1669332993 1627389952 1668808706 1627389952 3824943106
2017460223 2017460224 2017460223 1820327936 2017460223 4164943873
2017460224 2017460224 0 0 2017460224 4164943872
2017460225 2017460224 1820327936 2017460223 2017460223 4164943873
2020812989 1375349789 1362647600 1369308933 1362647600 3528201617
2021654529 145402538 20971520 145402154 20971520 2301274602
2021654529 1069547520 0 0 0 3225419776
2025848831 2025848832 2025848831 1828716544 2025848831 4173332481
2025848832 2025848832 0 0 2025848832 4173332480
2025848833 2025848832 1828716544 2025848831 2025848831 4173332481
2026530326 1760626753 1760248339 1714996672 1714996672 3916309802
2027103300 363020311 360823781 344330440 344330440 2517794302
2029189120 1235181283 1228539100 1225046250 1228539100 3387013976
2032839338 763363327 757770922 749382314 757770922 2913643178
2032839338 1069547520 0 0 0 3225419776
2034237439 2034237440 2034237439 1837105152 2034237439 4181721089
2034237440 2034237440 0 0 2034237440 4181721088
2034237441 2034237440 1837105152 2034237439 2034237439 4181721089
2041878388 85110821 78338314 74714752 74714752 2238209194
2041884569 1739351312 1733828160 1728097248 1733828160 3891051264
2042626047 2042626048 2042626047 1845493760 2042626047 4190109697
2042626048 2042626048 0 0 2042626048 4190109696
2042626049 2042626048 1845493760 2042626047 2042626047 4190109697
2044767737 840648887 822842908 837863008 837863008 2990419518
2045517999 774385776 765376544 766617792 766617792 2927070336
2046820351 1069547520 0 0 0 3225419776
2046820351 1367343104 0 0 0 3523215360
2046820352 1069547520 1056964608 1065353216 1065353216 3221225472
2046820352 1979711489 1979710978 1853882368 1853882368 4135583490
2051014655 2051014656 2051014655 1853882368 2051014655 4198498305
2051014656 2051014656 0 0 2051014656 4198498304
2051014657 2051014656 1853882368 2051014655 2051014655 4198498305
2053099193 1903967781 1897254704 1892474346 1897254704 4054931085
2054853374 2083142189 2054853374 2082115837 2054853374 4238501269
2055208961 455781034 430615216 454382932 454382932 2604662784
2055208961 1069547520 0 0 0 3225419776
2055985720 799324123 775889712 797758325 775889712 2954413480
2058654299 307604905 298135400 300297194 298135400 2460246479
2059403263 2059403264 2059403263 1862270976 2059403263 4206886913
2059403264 2059403264 0 0 2059403264 4206886912
2059403265 2059403264 1862270976 2059403263 2059403263 4206886913
2064520741 363446808 347525792 360192736 360192736 2513925824
2065460140 1556271063 1528596608 1554988743 1528596608 3711502159
2066393770 1069547520 0 0 0 3225419776
2066393770 1073741823 1059760810 1068149418 1068149418 3224021674
2067791871 2067791872 2067791871 1870659584 2067791871 4215275521
2067791872 2067791872 0 0 2067791872 4215275520
2067791873 2067791872 1870659584 2067791871 2067791871 4215275521
2070153023 2026400246 2015625872 2020397404 2015625872 4179585362
2072538938 402950101 383298432 399697098 383298432 2557344314
2074768888 294601280 263458816 293863744 263458816 2450104768
2076180479 2076180480 2076180479 1879048192 2076180479 4223664129
2076180480 2076180480 0 0 2076180480 4223664128
2076180481 2076180480 1879048192 2076180479 2076180479 4223664129
2076334427 157667121 156310554 128293048 156310554 2306507336
2077071411 661950078 661681294 612580864 612580864 2817687942
2080374783 1069547520 0 0 0 3225419776
2080374783 1677721600 0 0 0 3833593856
2080374784 150994945 150994944 131072 150994944 2298478594
2080374784 1069547520 1056964608 1065353216 1065353216 3221225472
2084569087 2084569088 2084569087 1887436800 2084569087 4232052737
2084569088 2084569088 0 0 2084569088 4232052736
2084569089 2084569088 1887436800 2084569087 2084569087 4232052737
2088763393 766159530 692060160 766134954 692060160 2922019498
2088763393 1069547520 0 0 0 3225419776
2088931132 1950851804 1940284024 1944642368 1944642368 4102908428
2090223414 1378226958 1374745260 1362519776 1362519776 3532604978
2092957695 2092957696 2092957695 1895825408 2092957695 4240441345
2092957696 2092957696 0 0 2092957696 4240441344
2092957697 2092957696 1895825408 2092957695 2092957695 4240441345
2099948202 1069547520 0 0 0 3225419776
2099948202 1384120319 1378527914 1370139306 1378527914 3534400170
2101346303 2101346304 2101346303 1904214016 2101346303 4248829953
2101346304 2101346304 0 0 2101346304 4248829952
2101346305 2101346304 1904214016 2101346303 2101346303 4248829953
2104716369 1453299857 1431562688 1451563865 1431562688 3608304117
2106096242 119588057 114451620 106842652 114451620 2270713696
2109734911 2109734912 2109734911 1912602624 2109734911 4257218561
2109734912 2109734912 0 0 2109734912 4257218560
2109734913 2109734912 1912602624 2109734911 2109734911 4257218561
2111989153 1829906149 1819329832 1823206198 1819329832 3983023232
2112915167 146652856 142748064 133059680 142748064 2298041296
2113251583 531442684 524380992 521727160 524380992 2683937368
2113929215 1069547520 0 0 0 3225419776
2113929215 1988100096 1988067328 1912602624 1912602624 4143955968
2113929216 461373441 461357058 377487360 377487360 2617237506
2113929216 1069547520 1056964608 1065353216 1065353216 3221225472
2118123519 2118123520 2118123519 1920991232 2118123519 4265607169
2118123520 2118123520 0 0 2118123520 4265607168
2118123521 2118123520 1920991232 2118123519 2118123519 4265607169
2122317825 1069547520 0 0 0 3225419776
2122317825 1076538026 926941184 1076537978 926941184 3232410258
2123824263 1660256558 1654329200 1647633276 1654329200 3811047798
2124164233 1415771486 1401509816 1411271042 1401509816 3569393520
2126276235 1994013108 1974451088 1991133904 1991133904 4144174156
2126512127 2126512128 2126512127 1929379840 2126512127 4273995777
2126512128 2126512128 0 0 2126512128 4273995776
2126512129 2126512128 1929379840 2126512127 2126512127 4273995777
2130807507 1916507806 1900332928 1913283774 1900332928 4070768046
2131969365 598400744 596313352 578735872 578735872 2753229304
2133502634 1069547520 0 0 0 3225419776
2133502634 1694498815 1680517802 1688906410 1688906410 3844778666
2134878291 1881337967 1875235412 1870663306 1875235412 4033017780
2134900735 2134900736 2134900735 1937768448 2134900735 4282384385
2134900736 2134900736 0 0 2134900736 4282384384
2134900737 2134900736 1937768448 2134900735 2134900735 4282384385
2139095038 1 0 0 0 2147483650
2139095038 2 0 0 0 2147483652
2139095038 3 1 2 2 2147483652
2139095038 8388607 0 0 0 2164260862
2139095038 8388608 0 0 0 2164260864
2139095038 8388609 4 8388605 4 2164260862
2139095038 1065353216 0 0 0 3221225472
2139095038 1069547520 1056964608 1065353216 1065353216 3221225472
2139095038 1073741824 0 0 0 3229614080
2139095038 2139095038 0 0 2139095038 4286578686
2139095038 2139095039 2139095038 1937768448 2139095038 4286578688
2139095039 1 0 0 0 2147483650
2139095039 2 0 0 0 2147483652
2139095039 3 0 0 0 2147483654
2139095039 8388607 1 8388606 8388606 2155872256
2139095039 8388608 0 0 0 2164260864
2139095039 8388609 3 8388606 8388606 2155872260
2139095039 1065353216 0 0 0 3221225472
2139095039 1069547520 0 0 0 3225419776
2139095039 1073741824 0 0 0 3229614080
2139095039 2139095038 1937768448 2139095037 2139095037 4286578687
2139095039 2139095039 0 0 2139095039 4286578687
