0 1 0
0 2 0
0 3 0
0 4503599627370495 0
0 4503599627370496 0
0 4503599627370497 0
0 85568392920039425 0
0 4607182418800017408 0
0 4609434218613702656 0
0 4611686018427387904 0
0 9218868437227405310 0
0 9218868437227405311 0
1 1 0
1 2 1
1 3 1
1 4503599627370495 1
1 4503599627370496 1
1 4503599627370497 1
1 4607182418800017408 1
1 4609434218613702656 1
1 4611686018427387904 1
1 9218868437227405310 1
1 9218868437227405311 1
2 1 0
2 2 0
2 3 2
2 4503599627370495 2
2 4503599627370496 2
2 4503599627370497 2
2 4607182418800017408 2
2 4609434218613702656 2
2 4611686018427387904 2
2 9218868437227405310 2
2 9218868437227405311 2
3 1 0
3 2 1
3 3 0
3 4503599627370495 3
3 4503599627370496 3
3 4503599627370497 3
3 4607182418800017408 3
3 4609434218613702656 3
3 4611686018427387904 3
3 9218868437227405310 3
3 9218868437227405311 3
2251799813685247 2251799813685248 2251799813685247
2251799813685248 2251799813685248 0
2251799813685249 2251799813685248 1
4503599627370495 1 0
4503599627370495 2 1
4503599627370495 3 0
4503599627370495 4503599627370495 0
4503599627370495 4503599627370496 4503599627370495
4503599627370495 4503599627370497 4503599627370495
4503599627370495 4607182418800017408 4503599627370495
4503599627370495 4609434218613702656 4503599627370495
4503599627370495 4611686018427387904 4503599627370495
4503599627370495 9218868437227405310 4503599627370495
4503599627370495 9218868437227405311 4503599627370495
4503599627370496 1 0
4503599627370496 2 0
4503599627370496 3 1
4503599627370496 4503599627370495 1
4503599627370496 4503599627370496 0
4503599627370496 4503599627370497 4503599627370496
4503599627370496 4607182418800017408 4503599627370496
4503599627370496 4609434218613702656 4503599627370496
4503599627370496 4611686018427387904 4503599627370496
4503599627370496 9218868437227405310 4503599627370496
4503599627370496 9218868437227405311 4503599627370496
4503599627370497 1 0
4503599627370497 2 1
4503599627370497 3 2
4503599627370497 4503599627370495 2
4503599627370497 4503599627370496 1
4503599627370497 4503599627370497 0
4503599627370497 415832365593875797 4503599627370497
4503599627370497 4607182418800017408 4503599627370497
4503599627370497 4609434218613702656 4503599627370497
4503599627370497 4611686018427387904 4503599627370497
4503599627370497 9218868437227405310 4503599627370497
4503599627370497 9218868437227405311 4503599627370497
6755399441055743 6755399441055744 6755399441055743
6755399441055744 6755399441055744 0
6755399441055745 6755399441055744 1
10508399130531157 747597538143502335 10508399130531157
10508399130531157 4609434218613702656 10508399130531157
11258999068426239 11258999068426240 11258999068426239
11258999068426240 11258999068426240 0
11258999068426241 11258999068426240 2
15762598695796735 15762598695796736 15762598695796735
15762598695796736 15762598695796736 0
15762598695796737 15762598695796736 4
18014398509481983 1071856711314178048 18014398509481983
18014398509481983 4609434218613702656 18014398509481983
18014398509481984 1400619484112224257 18014398509481984
18014398509481984 4609434218613702656 18014398509481984
20266198323167231 20266198323167232 20266198323167231
20266198323167232 20266198323167232 0
20266198323167233 20266198323167232 8
22517998136852481 1730883456786060629 22517998136852481
22517998136852481 4609434218613702656 22517998136852481
24769797950537727 24769797950537728 24769797950537727
24769797950537728 24769797950537728 0
24769797950537729 24769797950537728 16
26702983349426821 3104641168098052493 26702983349426821
28522797640013141 2062648629335687167 28522797640013141
28522797640013141 4609434218613702656 28522797640013141
29273397577908223 29273397577908224 29273397577908223
29273397577908224 29273397577908224 0
29273397577908225 29273397577908224 32
33776997205278719 33776997205278720 33776997205278719
33776997205278720 33776997205278720 0
33776997205278721 33776997205278720 64
36028797018963967 2386907802506362880 36028797018963967
36028797018963967 4609434218613702656 36028797018963967
36028797018963968 2715670575304409089 36028797018963968
36028797018963968 4609434218613702656 36028797018963968
38280596832649215 38280596832649216 38280596832649215
38280596832649216 38280596832649216 0
38280596832649217 38280596832649216 128
40532396646334465 3045934547978245461 40532396646334465
40532396646334465 4609434218613702656 40532396646334465
42496272800684273 1699915790186271467 42496272800684273
42784196460019711 42784196460019712 42784196460019711
42784196460019712 42784196460019712 0
42784196460019713 42784196460019712 256
46537196149495125 3377699720527871999 46537196149495125
46537196149495125 4609434218613702656 46537196149495125
47287796087390207 47287796087390208 47287796087390207
47287796087390208 47287796087390208 0
47287796087390209 47287796087390208 512
51791395714760703 51791395714760704 51791395714760703
51791395714760704 51791395714760704 0
51791395714760705 51791395714760704 1024
54043195528445951 3701958893698547712 54043195528445951
54043195528445951 4609434218613702656 54043195528445951
54043195528445952 4030721666496593921 54043195528445952
54043195528445952 4609434218613702656 54043195528445952
56294995342131199 56294995342131200 56294995342131199
56294995342131200 56294995342131200 0
56294995342131201 56294995342131200 2048
58546795155816449 4360985639170430293 58546795155816449
58546795155816449 4609434218613702656 58546795155816449
60798594969501695 60798594969501696 60798594969501695
60798594969501696 60798594969501696 0
60798594969501697 60798594969501696 4096
64551594658977109 4609434218613702656 64551594658977109
64551594658977109 4692750811720056831 64551594658977109
65302194596872191 65302194596872192 65302194596872191
65302194596872192 65302194596872192 0
65302194596872193 65302194596872192 8192
69805794224242687 69805794224242688 69805794224242687
69805794224242688 69805794224242688 0
69805794224242689 69805794224242688 16384
72057594037927935 4609434218613702656 72057594037927935
72057594037927935 5017009984890732544 72057594037927935
72057594037927936 4609434218613702656 72057594037927936
72057594037927936 5345772757688778753 72057594037927936
74309393851613183 74309393851613184 74309393851613183
74309393851613184 74309393851613184 0
74309393851613185 74309393851613184 32768
76561193665298433 4609434218613702656 76561193665298433
76561193665298433 5676036730362615125 76561193665298433
78812993478983679 78812993478983680 78812993478983679
78812993478983680 78812993478983680 0
78812993478983681 78812993478983680 65536
82565993168459093 4609434218613702656 82565993168459093
82565993168459093 6007801902912241663 82565993168459093
83316593106354175 83316593106354176 83316593106354175
83316593106354176 83316593106354176 0
83316593106354177 83316593106354176 131072
87820192733724671 87820192733724672 87820192733724671
87820192733724672 87820192733724672 0
87820192733724673 87820192733724672 262144
90071992547409919 4609434218613702656 90071992547409919
90071992547409919 6332061076082917376 90071992547409919
90071992547409920 4609434218613702656 90071992547409920
90071992547409920 6660823848880963585 90071992547409920
92323792361095167 92323792361095168 92323792361095167
92323792361095168 92323792361095168 0
92323792361095169 92323792361095168 524288
94575592174780417 4609434218613702656 94575592174780417
94575592174780417 6991087821554799957 94575592174780417
96827391988465663 96827391988465664 96827391988465663
96827391988465664 96827391988465664 0
96827391988465665 96827391988465664 1048576
99630269249196217 3956054486657601421 99630269249196217
100580391677941077 4609434218613702656 100580391677941077
100580391677941077 7322852994104426495 100580391677941077
101330991615836159 101330991615836160 101330991615836159
101330991615836160 101330991615836160 0
101330991615836161 101330991615836160 2097152
105834591243206655 105834591243206656 105834591243206655
105834591243206656 105834591243206656 0
105834591243206657 105834591243206656 4194304
108086391056891903 4609434218613702656 108086391056891903
108086391056891903 7647112167275102208 108086391056891903
108086391056891904 4609434218613702656 108086391056891904
108086391056891904 7975874940073148417 108086391056891904
108452653949609051 8470723623014435431 108452653949609051
110338190870577151 110338190870577152 110338190870577151
110338190870577152 110338190870577152 0
110338190870577153 110338190870577152 8388608
112286469091711898 4431317051894990713 112286469091711898
112589990684262401 4609434218613702656 112589990684262401
112589990684262401 8306138912746984789 112589990684262401
114841790497947647 114841790497947648 114841790497947647
114841790497947648 114841790497947648 0
114841790497947649 114841790497947648 16777216
118594790187423061 4609434218613702656 118594790187423061
118594790187423061 8637904085296611327 118594790187423061
119345390125318143 119345390125318144 119345390125318143
119345390125318144 119345390125318144 0
119345390125318145 119345390125318144 33554432
123848989752688639 123848989752688640 123848989752688639
123848989752688640 123848989752688640 0
123848989752688641 123848989752688640 67108864
126100789566373887 4609434218613702656 126100789566373887
126100789566373887 8962163258467287040 126100789566373887
126100789566373888 72057594037927937 72057594037919746
126100789566373888 4609434218613702656 126100789566373888
128352589380059135 128352589380059136 128352589380059135
128352589380059136 128352589380059136 0
128352589380059137 128352589380059136 134217728
130604389193744385 402321566711764309 130604389193744385
130604389193744385 4609434218613702656 130604389193744385
132856189007429631 132856189007429632 132856189007429631
132856189007429632 132856189007429632 0
132856189007429633 132856189007429632 268435456
136609188696905045 734086739261390847 136609188696905045
136609188696905045 4609434218613702656 136609188696905045
137359788634800127 137359788634800128 137359788634800127
137359788634800128 137359788634800128 0
137359788634800129 137359788634800128 536870912
141863388262170623 141863388262170624 141863388262170623
141863388262170624 141863388262170624 0
141863388262170625 141863388262170624 1073741824
144115188075855871 1058345912432066560 144115188075855871
144115188075855871 4609434218613702656 144115188075855871
144115188075855872 1387108685230112769 144115188075855872
144115188075855872 4609434218613702656 144115188075855872
146366987889541119 146366987889541120 146366987889541119
146366987889541120 146366987889541120 0
146366987889541121 146366987889541120 2147483648
148618787703226369 1717372657903949141 148618787703226369
148618787703226369 4609434218613702656 148618787703226369
150870587516911615 150870587516911616 150870587516911615
150870587516911616 150870587516911616 0
150870587516911617 150870587516911616 4294967296
154623587206387029 2049137830453575679 154623587206387029
154623587206387029 4609434218613702656 154623587206387029
155359121873952216 6711114347869085829 155359121873952216
155374187144282111 155374187144282112 155374187144282111
155374187144282112 155374187144282112 0
155374187144282113 155374187144282112 8589934592
159877786771652607 159877786771652608 159877786771652607
159877786771652608 159877786771652608 0
159877786771652609 159877786771652608 17179869184
162129586585337855 2373397003624251392 162129586585337855
162129586585337855 4609434218613702656 162129586585337855
162129586585337856 2702159776422297601 162129586585337856
162129586585337856 4609434218613702656 162129586585337856
162497633932989302 7771411844396666778 162497633932989302
164381386399023103 164381386399023104 164381386399023103
164381386399023104 164381386399023104 0
164381386399023105 164381386399023104 34359738368
166633186212708353 3032423749096133973 166633186212708353
166633186212708353 4609434218613702656 166633186212708353
168884986026393599 168884986026393600 168884986026393599
168884986026393600 168884986026393600 0
168884986026393601 168884986026393600 68719476736
170227028554886271 3133481842186664443 170227028554886271
172637985715869013 3364188921645760511 172637985715869013
172637985715869013 4609434218613702656 172637985715869013
173388585653764095 173388585653764096 173388585653764095
173388585653764096 173388585653764096 0
173388585653764097 173388585653764096 137438953472
177892185281134591 177892185281134592 177892185281134591
177892185281134592 177892185281134592 0
177892185281134593 177892185281134592 274877906944
180143985094819839 3688448094816436224 180143985094819839
180143985094819839 4609434218613702656 180143985094819839
180143985094819840 4017210867614482433 180143985094819840
180143985094819840 4609434218613702656 180143985094819840
182395784908505087 182395784908505088 182395784908505087
182395784908505088 182395784908505088 0
182395784908505089 182395784908505088 549755813888
183062849349571776 5292819054347672517 183062849349571776
184647584722190337 4347474840288318805 184647584722190337
184647584722190337 4609434218613702656 184647584722190337
186899384535875583 186899384535875584 186899384535875583
186899384535875584 186899384535875584 0
186899384535875585 186899384535875584 1099511627776
190652384225350997 4609434218613702656 190652384225350997
190652384225350997 4679240012837945343 190652384225350997
191402984163246079 191402984163246080 191402984163246079
191402984163246080 191402984163246080 0
191402984163246081 191402984163246080 2199023255552
195906583790616575 195906583790616576 195906583790616575
195906583790616576 195906583790616576 0
195906583790616577 195906583790616576 4398046511104
197787677848038070 5078033113305476613 197787677848038070
198158383604301823 4609434218613702656 198158383604301823
198158383604301823 5003499186008621056 198158383604301823
198158383604301824 4609434218613702656 198158383604301824
198158383604301824 5332261958806667265 198158383604301824
200410183417987071 200410183417987072 200410183417987071
200410183417987072 200410183417987072 0
200410183417987073 200410183417987072 8796093022208
202661983231672321 4609434218613702656 202661983231672321
202661983231672321 5662525931480503637 202661983231672321
204913783045357567 204913783045357568 204913783045357567
204913783045357568 204913783045357568 0
204913783045357569 204913783045357568 17592186044416
208666782734832981 4609434218613702656 208666782734832981
208666782734832981 5994291104030130175 208666782734832981
209417382672728063 209417382672728064 209417382672728063
209417382672728064 209417382672728064 0
209417382672728065 209417382672728064 35184372088832
213920982300098559 213920982300098560 213920982300098559
213920982300098560 213920982300098560 0
213920982300098561 213920982300098560 70368744177664
214068319816906155 4001986343946637252 214068319816906155
216172782113783807 4609434218613702656 216172782113783807
216172782113783807 6318550277200805888 216172782113783807
216172782113783808 4609434218613702656 216172782113783808
216172782113783808 6647313049998852097 216172782113783808
216997223271345712 7467827986226483758 216997223271345712
218424581927469055 218424581927469056 218424581927469055
218424581927469056 218424581927469056 0
218424581927469057 218424581927469056 140737488355328
220676381741154305 4609434218613702656 220676381741154305
220676381741154305 6977577022672688469 220676381741154305
222928181554839551 222928181554839552 222928181554839551
222928181554839552 222928181554839552 0
222928181554839553 222928181554839552 281474976710656
223683853783850696 7162620434384542121 223683853783850696
226681181244314965 4609434218613702656 226681181244314965
226681181244314965 7309342195222315007 226681181244314965
227431781182210047 227431781182210048 227431781182210047
227431781182210048 227431781182210048 0
227431781182210049 227431781182210048 562949953421312
231935380809580543 231935380809580544 231935380809580543
231935380809580544 231935380809580544 0
231935380809580545 231935380809580544 1125899906842624
234187180623265791 4609434218613702656 234187180623265791
234187180623265791 7633601368392990720 234187180623265791
234187180623265792 4609434218613702656 234187180623265792
234187180623265792 7962364141191036929 234187180623265792
236438980436951039 236438980436951040 236438980436951039
236438980436951040 236438980436951040 0
236438980436951041 236438980436951040 2251799813685248
238690780250636289 4609434218613702656 238690780250636289
238690780250636289 8292628113864873301 238690780250636289
240942580064321535 240942580064321536 240942580064321535
240942580064321536 240942580064321536 0
240942580064321537 240942580064321536 4503599627370496
244695579753796949 4609434218613702656 244695579753796949
244695579753796949 8624393286414499839 244695579753796949
245446179691692031 245446179691692032 245446179691692031
245446179691692032 245446179691692032 0
245446179691692033 245446179691692032 9007199254740992
249949779319062527 249949779319062528 249949779319062527
249949779319062528 249949779319062528 0
249949779319062529 249949779319062528 13510798882111488
252201579132747775 4609434218613702656 252201579132747775
252201579132747775 8948652459585175552 252201579132747775
252201579132747776 58546795155816449 58529202969772034
252201579132747776 4609434218613702656 252201579132747776
254453378946433023 254453378946433024 254453378946433023
254453378946433024 254453378946433024 0
254453378946433025 254453378946433024 18014398509481984
256705178760118273 388810767829652821 256705178760118273
256705178760118273 4609434218613702656 256705178760118273
258956978573803519 258956978573803520 258956978573803519
258956978573803520 258956978573803520 0
258956978573803521 258956978573803520 22517998136852480
262709978263278933 720575940379279359 262709978263278933
262709978263278933 4609434218613702656 262709978263278933
263460578201174015 263460578201174016 263460578201174015
263460578201174016 263460578201174016 0
263460578201174017 263460578201174016 27021597764222976
267964177828544511 267964177828544512 267964177828544511
267964177828544512 267964177828544512 0
267964177828544513 267964177828544512 31525197391593472
270215977642229759 1044835113549955072 270215977642229759
270215977642229759 4609434218613702656 270215977642229759
270215977642229760 1373597886348001281 270215977642229760
270215977642229760 4609434218613702656 270215977642229760
272467777455915007 272467777455915008 272467777455915007
272467777455915008 272467777455915008 0
272467777455915009 272467777455915008 36028797018963968
274719577269600257 1703861859021837653 274719577269600257
274719577269600257 4609434218613702656 274719577269600257
276971377083285503 276971377083285504 276971377083285503
276971377083285504 276971377083285504 0
276971377083285505 276971377083285504 40532396646334464
280724376772760917 2035627031571464191 280724376772760917
280724376772760917 4609434218613702656 280724376772760917
281474976710655999 281474976710656000 281474976710655999
281474976710656000 281474976710656000 0
281474976710656001 281474976710656000 45035996273704960
285978576338026495 285978576338026496 285978576338026495
285978576338026496 285978576338026496 0
285978576338026497 285978576338026496 49539595901075456
288230376151711743 2359886204742139904 288230376151711743
288230376151711743 4609434218613702656 288230376151711743
288230376151711744 2688648977540186113 288230376151711744
288230376151711744 4609434218613702656 288230376151711744
290482175965396991 290482175965396992 290482175965396991
290482175965396992 290482175965396992 0
290482175965396993 290482175965396992 54043195528445952
292733975779082241 3018912950214022485 292733975779082241
292733975779082241 4609434218613702656 292733975779082241
294985775592767487 294985775592767488 294985775592767487
294985775592767488 294985775592767488 0
294985775592767489 294985775592767488 58546795155816448
296591489387399507 6301904536638806229 296591489387399507
298738775282242901 3350678122763649023 298738775282242901
298738775282242901 4609434218613702656 298738775282242901
299092193927218693 8678746889460940804 299092193927218693
299489375220137983 299489375220137984 299489375220137983
299489375220137984 299489375220137984 0
299489375220137985 299489375220137984 63050394783186944
303992974847508479 303992974847508480 303992974847508479
303992974847508480 303992974847508480 0
303992974847508481 303992974847508480 67553994410557440
306244774661193727 3674937295934324736 306244774661193727
306244774661193727 4609434218613702656 306244774661193727
306244774661193728 4003700068732370945 306244774661193728
306244774661193728 4609434218613702656 306244774661193728
308496574474878975 308496574474878976 308496574474878975
308496574474878976 308496574474878976 0
308496574474878977 308496574474878976 72057594037927936
310748374288564225 4333964041406207317 310748374288564225
310748374288564225 4609434218613702656 310748374288564225
313000174102249471 313000174102249472 313000174102249471
313000174102249472 313000174102249472 0
313000174102249473 313000174102249472 76561193665298432
313659808964449342 6546832182028056636 313659808964449342
316753173791724885 4609434218613702656 316753173791724885
316753173791724885 4665729213955833855 316753173791724885
317503773729619967 317503773729619968 317503773729619967
317503773729619968 317503773729619968 0
317503773729619969 317503773729619968 81064793292668928
322007373356990463 322007373356990464 322007373356990463
322007373356990464 322007373356990464 0
322007373356990465 322007373356990464 85568392920039424
324259173170675711 4609434218613702656 324259173170675711
324259173170675711 4989988387126509568 324259173170675711
324259173170675712 4609434218613702656 324259173170675712
324259173170675712 5318751159924555777 324259173170675712
326510972984360959 326510972984360960 326510972984360959
326510972984360960 326510972984360960 0
326510972984360961 326510972984360960 90071992547409920
328762772798046209 4609434218613702656 328762772798046209
328762772798046209 5649015132598392149 328762772798046209
331014572611731455 331014572611731456 331014572611731455
331014572611731456 331014572611731456 0
331014572611731457 331014572611731456 94575592174780416
334739231901405606 2642504897694332513 334739231901405606
334767572301206869 4609434218613702656 334767572301206869
334767572301206869 5980780305148018687 334767572301206869
335518172239101951 335518172239101952 335518172239101951
335518172239101952 335518172239101952 0
335518172239101953 335518172239101952 99079191802150912
340021771866472447 340021771866472448 340021771866472447
340021771866472448 340021771866472448 0
340021771866472449 340021771866472448 103582791429521408
342273571680157695 4609434218613702656 342273571680157695
342273571680157695 6305039478318694400 342273571680157695
342273571680157696 4609434218613702656 342273571680157696
342273571680157696 6633802251116740609 342273571680157696
344525371493842943 344525371493842944 344525371493842943
344525371493842944 344525371493842944 0
344525371493842945 344525371493842944 108086391056891904
346777171307528193 4609434218613702656 346777171307528193
346777171307528193 6964066223790576981 346777171307528193
349028971121213439 349028971121213440 349028971121213439
349028971121213440 349028971121213440 0
349028971121213441 349028971121213440 112589990684262400
352781970810688853 4609434218613702656 352781970810688853
352781970810688853 7295831396340203519 352781970810688853
353532570748583935 353532570748583936 353532570748583935
353532570748583936 353532570748583936 0
353532570748583937 353532570748583936 117093590311632896
358036170375954431 358036170375954432 358036170375954431
358036170375954432 358036170375954432 0
358036170375954433 358036170375954432 121597189939003392
360287970189639679 4609434218613702656 360287970189639679
360287970189639679 7620090569510879232 360287970189639679
360287970189639680 4609434218613702656 360287970189639680
360287970189639680 7948853342308925441 360287970189639680
362539770003324927 362539770003324928 362539770003324927
362539770003324928 362539770003324928 0
362539770003324929 362539770003324928 126100789566373888
364791569817010177 4609434218613702656 364791569817010177
364791569817010177 8279117314982761813 364791569817010177
367043369630695423 367043369630695424 367043369630695423
367043369630695424 367043369630695424 0
367043369630695425 367043369630695424 130604389193744384
370796369320170837 4609434218613702656 370796369320170837
370796369320170837 8610882487532388351 370796369320170837
371546969258065919 371546969258065920 371546969258065919
371546969258065920 371546969258065920 0
371546969258065921 371546969258065920 135107988821114880
376050568885436415 376050568885436416 376050568885436415
376050568885436416 376050568885436416 0
376050568885436417 376050568885436416 139611588448485376
378302368699121663 4609434218613702656 378302368699121663
378302368699121663 8935141660703064064 378302368699121663
378302368699121664 45035996273704961 2147483648
378302368699121664 4609434218613702656 378302368699121664
380554168512806911 380554168512806912 380554168512806911
380554168512806912 380554168512806912 0
380554168512806913 380554168512806912 144115188075855872
382805968326492161 375299968947541333 149744687610068992
382805968326492161 4609434218613702656 382805968326492161
385057768140177407 385057768140177408 385057768140177407
385057768140177408 385057768140177408 0
385057768140177409 385057768140177408 148618787703226368
388810767829652821 707065141497167871 388810767829652821
388810767829652821 4609434218613702656 388810767829652821
389561367767547903 389561367767547904 389561367767547903
389561367767547904 389561367767547904 0
389561367767547905 389561367767547904 153122387330596864
394064967394918399 394064967394918400 394064967394918399
394064967394918400 394064967394918400 0
394064967394918401 394064967394918400 157625986957967360
396316767208603647 1031324314667843584 396316767208603647
396316767208603647 4609434218613702656 396316767208603647
396316767208603648 1360087087465889793 396316767208603648
396316767208603648 4609434218613702656 396316767208603648
398568567022288895 398568567022288896 398568567022288895
398568567022288896 398568567022288896 0
398568567022288897 398568567022288896 162129586585337856
400820366835974145 1690351060139726165 400820366835974145
400820366835974145 4609434218613702656 400820366835974145
403072166649659391 403072166649659392 403072166649659391
403072166649659392 403072166649659392 0
403072166649659393 403072166649659392 166633186212708352
406825166339134805 2022116232689352703 406825166339134805
406825166339134805 4609434218613702656 406825166339134805
407575766277029887 407575766277029888 407575766277029887
407575766277029888 407575766277029888 0
407575766277029889 407575766277029888 171136785840078848
408541456491538969 2842389094339709984 408541456491538969
412079365904400383 412079365904400384 412079365904400383
412079365904400384 412079365904400384 0
412079365904400385 412079365904400384 175640385467449344
414331165718085631 2346375405860028416 414331165718085631
414331165718085631 4609434218613702656 414331165718085631
414331165718085632 2675138178658074625 414331165718085632
414331165718085632 4609434218613702656 414331165718085632
416582965531770879 416582965531770880 416582965531770879
416582965531770880 416582965531770880 0
416582965531770881 416582965531770880 180143985094819840
418834765345456129 3005402151331910997 418834765345456129
418834765345456129 4609434218613702656 418834765345456129
421086565159141375 421086565159141376 421086565159141375
421086565159141376 421086565159141376 0
421086565159141377 421086565159141376 184647584722190336
424839564848616789 3337167323881537535 424839564848616789
424839564848616789 4609434218613702656 424839564848616789
425590164786511871 425590164786511872 425590164786511871
425590164786511872 425590164786511872 0
425590164786511873 425590164786511872 189151184349560832
430093764413882367 430093764413882368 430093764413882367
430093764413882368 430093764413882368 0
430093764413882369 430093764413882368 193654783976931328
432345564227567615 3661426497052213248 432345564227567615
432345564227567615 4609434218613702656 432345564227567615
432345564227567616 3990189269850259457 432345564227567616
432345564227567616 4609434218613702656 432345564227567616
432917710348451563 6436366267298040413 432917710348451563
434597364041252863 434597364041252864 434597364041252863
434597364041252864 434597364041252864 0
434597364041252865 434597364041252864 198158383604301824
436849163854938113 4320453242524095829 436849163854938113
436849163854938113 4609434218613702656 436849163854938113
439100963668623359 439100963668623360 439100963668623359
439100963668623360 439100963668623360 0
439100963668623361 439100963668623360 202661983231672320
442853963358098773 4609434218613702656 442853963358098773
442853963358098773 4652218415073722367 442853963358098773
443604563295993855 443604563295993856 443604563295993855
443604563295993856 443604563295993856 0
443604563295993857 443604563295993856 207165582859042816
448108162923364351 448108162923364352 448108162923364351
448108162923364352 448108162923364352 0
448108162923364353 448108162923364352 211669182486413312
449870053210395281 2303463004527081550 449870053210395281
450359962737049599 4609434218613702656 450359962737049599
450359962737049599 4976477588244398080 450359962737049599
450359962737049600 4609434218613702656 450359962737049600
450359962737049600 5305240361042444289 450359962737049600
452611762550734847 452611762550734848 452611762550734847
452611762550734848 452611762550734848 0
452611762550734849 452611762550734848 216172782113783808
454863562364420097 4609434218613702656 454863562364420097
454863562364420097 5635504333716280661 454863562364420097
457115362178105343 457115362178105344 457115362178105343
457115362178105344 457115362178105344 0
457115362178105345 457115362178105344 220676381741154304
460868361867580757 4609434218613702656 460868361867580757
460868361867580757 5967269506265907199 460868361867580757
461618961805475839 461618961805475840 461618961805475839
461618961805475840 461618961805475840 0
461618961805475841 461618961805475840 225179981368524800
465146460761889434 3448908380743781039 465146460761889434
466122561432846335 466122561432846336 466122561432846335
466122561432846336 466122561432846336 0
466122561432846337 466122561432846336 229683580995895296
468061109843290647 4901747327932378053 468061109843290647
468374361246531583 4609434218613702656 468374361246531583
468374361246531583 6291528679436582912 468374361246531583
468374361246531584 4609434218613702656 468374361246531584
468374361246531584 6620291452234629121 468374361246531584
468970364855417831 7486760015764958978 468970364855417831
470626161060216831 470626161060216832 470626161060216831
470626161060216832 470626161060216832 0
470626161060216833 470626161060216832 234187180623265792
472877960873902081 4609434218613702656 472877960873902081
472877960873902081 6950555424908465493 472877960873902081
475129760687587327 475129760687587328 475129760687587327
475129760687587328 475129760687587328 0
475129760687587329 475129760687587328 238690780250636288
478882760377062741 4609434218613702656 478882760377062741
478882760377062741 7282320597458092031 478882760377062741
479633360314957823 479633360314957824 479633360314957823
479633360314957824 479633360314957824 0
479633360314957825 479633360314957824 243194379878006784
484136959942328319 484136959942328320 484136959942328319
484136959942328320 484136959942328320 0
484136959942328321 484136959942328320 247697979505377280
486388759756013567 4609434218613702656 486388759756013567
486388759756013567 7606579770628767744 486388759756013567
486388759756013568 4609434218613702656 486388759756013568
486388759756013568 7935342543426813953 486388759756013568
488052950275181819 6510487654960092135 488052950275181819
488640559569698815 488640559569698816 488640559569698815
488640559569698816 488640559569698816 0
488640559569698817 488640559569698816 252201579132747776
490892359383384065 4609434218613702656 490892359383384065
490892359383384065 8265606516100650325 490892359383384065
493144159197069311 493144159197069312 493144159197069311
493144159197069312 493144159197069312 0
493144159197069313 493144159197069312 256705178760118272
496897158886544725 4609434218613702656 496897158886544725
496897158886544725 8597371688650276863 496897158886544725
497647758824439807 497647758824439808 497647758824439807
497647758824439808 497647758824439808 0
497647758824439809 497647758824439808 261208778387488768
497814600127823280 8630218526391656706 497814600127823280
502151358451810303 502151358451810304 502151358451810303
502151358451810304 502151358451810304 0
502151358451810305 502151358451810304 265712378014859264
504403158265495551 4609434218613702656 504403158265495551
504403158265495551 8921630861820952576 504403158265495551
504403158265495552 31525197391593473 31525197391593470
504403158265495552 4609434218613702656 504403158265495552
506654958079180799 506654958079180800 506654958079180799
506654958079180800 506654958079180800 0
506654958079180801 506654958079180800 270215977642229760
508906757892866049 361789170065429845 275845477176442880
508906757892866049 4609434218613702656 508906757892866049
511158557706551295 511158557706551296 511158557706551295
511158557706551296 511158557706551296 0
511158557706551297 511158557706551296 274719577269600256
514911557396026709 693554342615056383 514911557396026709
514911557396026709 4609434218613702656 514911557396026709
515662157333921791 515662157333921792 515662157333921791
515662157333921792 515662157333921792 0
515662157333921793 515662157333921792 279223176896970752
516082750333766749 8936250760617905357 516082750333766749
520165756961292287 520165756961292288 520165756961292287
520165756961292288 520165756961292288 0
520165756961292289 520165756961292288 283726776524341248
522417556774977535 1017813515785732096 522417556774977535
522417556774977535 4609434218613702656 522417556774977535
522417556774977536 1346576288583778305 522417556774977536
522417556774977536 4609434218613702656 522417556774977536
524669356588662783 524669356588662784 524669356588662783
524669356588662784 524669356588662784 0
524669356588662785 524669356588662784 288230376151711744
525109427948021028 6347965165632533160 525109427948021028
526921156402348033 1676840261257614677 526921156402348033
526921156402348033 4609434218613702656 526921156402348033
529172956216033279 529172956216033280 529172956216033279
529172956216033280 529172956216033280 0
529172956216033281 529172956216033280 292733975779082240
531540447343929752 7503496208061055530 531540447343929752
532925955905508693 2008605433807241215 532925955905508693
532925955905508693 4609434218613702656 532925955905508693
533676555843403775 533676555843403776 533676555843403775
533676555843403776 533676555843403776 0
533676555843403777 533676555843403776 297237575406452736
538180155470774271 538180155470774272 538180155470774271
538180155470774272 538180155470774272 0
538180155470774273 538180155470774272 301741175033823232
540431955284459519 2332864606977916928 540431955284459519
540431955284459519 4609434218613702656 540431955284459519
540431955284459520 2661627379775963137 540431955284459520
540431955284459520 4609434218613702656 540431955284459520
542683755098144767 542683755098144768 542683755098144767
542683755098144768 542683755098144768 0
542683755098144769 542683755098144768 306244774661193728
544935554911830017 2991891352449799509 544935554911830017
544935554911830017 4609434218613702656 544935554911830017
547187354725515263 547187354725515264 547187354725515263
547187354725515264 547187354725515264 0
547187354725515265 547187354725515264 310748374288564224
547238871341016528 251254290827662129 243664760132306532
550940354414990677 3323656524999426047 550940354414990677
550940354414990677 4609434218613702656 550940354414990677
551690954352885759 551690954352885760 551690954352885759
551690954352885760 551690954352885760 0
551690954352885761 551690954352885760 315251973915934720
556194553980256255 556194553980256256 556194553980256255
556194553980256256 556194553980256256 0
556194553980256257 556194553980256256 319755573543305216
558446353793941503 3647915698170101760 558446353793941503
558446353793941503 4609434218613702656 558446353793941503
558446353793941504 3976678470968147969 558446353793941504
558446353793941504 4609434218613702656 558446353793941504
560698153607626751 560698153607626752 560698153607626751
560698153607626752 560698153607626752 0
560698153607626753 560698153607626752 324259173170675712
562949953421312001 4306942443641984341 562949953421312001
562949953421312001 4609434218613702656 562949953421312001
565201753234997247 565201753234997248 565201753234997247
565201753234997248 565201753234997248 0
565201753234997249 565201753234997248 328762772798046208
568954752924472661 4609434218613702656 568954752924472661
568954752924472661 4638707616191610879 568954752924472661
569705352862367743 569705352862367744 569705352862367743
569705352862367744 569705352862367744 0
569705352862367745 569705352862367744 333266372425416704
574208952489738239 574208952489738240 574208952489738239
574208952489738240 574208952489738240 0
574208952489738241 574208952489738240 337769972052787200
576460752303423487 4609434218613702656 576460752303423487
576460752303423487 4962966789362286592 576460752303423487
576460752303423488 4609434218613702656 576460752303423488
576460752303423488 5291729562160332801 576460752303423488
578712552117108735 578712552117108736 578712552117108735
578712552117108736 578712552117108736 0
578712552117108737 578712552117108736 342273571680157696
580964351930793985 4609434218613702656 580964351930793985
580964351930793985 5621993534834169173 580964351930793985
582132768145882352 4349026657112400377 582132768145882352
583216151744479231 583216151744479232 583216151744479231
583216151744479232 583216151744479232 0
583216151744479233 583216151744479232 346777171307528192
583500423317876933 1480659800502381660 583500423317876933
586969151433954645 4609434218613702656 586969151433954645
586969151433954645 5953758707383795711 586969151433954645
587719751371849727 587719751371849728 587719751371849727
587719751371849728 587719751371849728 0
587719751371849729 587719751371849728 351280770934898688
592223350999220223 592223350999220224 592223350999220223
592223350999220224 592223350999220224 0
592223350999220225 592223350999220224 355784370562269184
594475150812905471 4609434218613702656 594475150812905471
594475150812905471 6278017880554471424 594475150812905471
594475150812905472 4609434218613702656 594475150812905472
594475150812905472 6606780653352517633 594475150812905472
596726950626590719 596726950626590720 596726950626590719
596726950626590720 596726950626590720 0
596726950626590721 596726950626590720 360287970189639680
598978750440275969 4609434218613702656 598978750440275969
598978750440275969 6937044626026354005 598978750440275969
601230550253961215 601230550253961216 601230550253961215
601230550253961216 601230550253961216 0
601230550253961217 601230550253961216 364791569817010176
604769266217299893 4129124797233366478 604769266217299893
604983549943436629 4609434218613702656 604983549943436629
604983549943436629 7268809798575980543 604983549943436629
605734149881331711 605734149881331712 605734149881331711
605734149881331712 605734149881331712 0
605734149881331713 605734149881331712 369295169444380672
610237749508702207 610237749508702208 610237749508702207
610237749508702208 610237749508702208 0
610237749508702209 610237749508702208 373798769071751168
612489549322387455 4609434218613702656 612489549322387455
612489549322387455 7593068971746656256 612489549322387455
612489549322387456 4609434218613702656 612489549322387456
612489549322387456 7921831744544702465 612489549322387456
614741349136072703 614741349136072704 614741349136072703
614741349136072704 614741349136072704 0
614741349136072705 614741349136072704 378302368699121664
616993148949757953 4609434218613702656 616993148949757953
616993148949757953 8252095717218538837 616993148949757953
619244948763443199 619244948763443200 619244948763443199
619244948763443200 619244948763443200 0
619244948763443201 619244948763443200 382805968326492160
619684147672266068 2226609108584462983 619684147672266068
620494020293361723 1368253170985348174 620494020293361723
622997948452918613 4609434218613702656 622997948452918613
622997948452918613 8583860889768165375 622997948452918613
623748548390813695 623748548390813696 623748548390813695
623748548390813696 623748548390813696 0
623748548390813697 623748548390813696 387309567953862656
628252148018184191 628252148018184192 628252148018184191
628252148018184192 628252148018184192 0
628252148018184193 628252148018184192 391813167581233152
630503947831869439 4609434218613702656 630503947831869439
630503947831869439 8908120062938841088 630503947831869439
630503947831869440 18014398509481985 18014389919547394
630503947831869440 4609434218613702656 630503947831869440
632755747645554687 632755747645554688 632755747645554687
632755747645554688 632755747645554688 0
632755747645554689 632755747645554688 396316767208603648
635007547459239937 348278371183318357 158751886864809984
635007547459239937 4609434218613702656 635007547459239937
637259347272925183 637259347272925184 637259347272925183
637259347272925184 637259347272925184 0
637259347272925185 637259347272925184 400820366835974144
641012346962400597 680043543732944895 641012346962400597
641012346962400597 4609434218613702656 641012346962400597
641762946900295679 641762946900295680 641762946900295679
641762946900295680 641762946900295680 0
641762946900295681 641762946900295680 405323966463344640
646266546527666175 646266546527666176 646266546527666175
646266546527666176 646266546527666176 0
646266546527666177 646266546527666176 409827566090715136
648518346341351423 1004302716903620608 648518346341351423
648518346341351423 4609434218613702656 648518346341351423
648518346341351424 1333065489701666817 648518346341351424
648518346341351424 4609434218613702656 648518346341351424
650770146155036671 650770146155036672 650770146155036671
650770146155036672 650770146155036672 0
650770146155036673 650770146155036672 414331165718085632
653021945968721921 1663329462375503189 653021945968721921
653021945968721921 4609434218613702656 653021945968721921
655273745782407167 655273745782407168 655273745782407167
655273745782407168 655273745782407168 0
655273745782407169 655273745782407168 418834765345456128
659026745471882581 1995094634925129727 659026745471882581
659026745471882581 4609434218613702656 659026745471882581
659777345409777663 659777345409777664 659777345409777663
659777345409777664 659777345409777664 0
659777345409777665 659777345409777664 423338364972826624
664280945037148159 664280945037148160 664280945037148159
664280945037148160 664280945037148160 0
664280945037148161 664280945037148160 427841964600197120
666532744850833407 2319353808095805440 666532744850833407
666532744850833407 4609434218613702656 666532744850833407
666532744850833408 2648116580893851649 666532744850833408
666532744850833408 4609434218613702656 666532744850833408
668784544664518655 668784544664518656 668784544664518655
668784544664518656 668784544664518656 0
668784544664518657 668784544664518656 432345564227567616
670042349358900322 4940682451938950990 670042349358900322
671036344478203905 2978380553567688021 671036344478203905
671036344478203905 4609434218613702656 671036344478203905
673288144291889151 673288144291889152 673288144291889151
673288144291889152 673288144291889152 0
673288144291889153 673288144291889152 436849163854938112
677041143981364565 3310145726117314559 677041143981364565
677041143981364565 4609434218613702656 677041143981364565
677791743919259647 677791743919259648 677791743919259647
677791743919259648 677791743919259648 0
677791743919259649 677791743919259648 441352763482308608
682295343546630143 682295343546630144 682295343546630143
682295343546630144 682295343546630144 0
682295343546630145 682295343546630144 445856363109679104
684547143360315391 3634404899287990272 684547143360315391
684547143360315391 4609434218613702656 684547143360315391
684547143360315392 3963167672086036481 684547143360315392
684547143360315392 4609434218613702656 684547143360315392
686798943174000639 686798943174000640 686798943174000639
686798943174000640 686798943174000640 0
686798943174000641 686798943174000640 450359962737049600
689050742987685889 4293431644759872853 689050742987685889
689050742987685889 4609434218613702656 689050742987685889
691191466183804743 1052067340003863795 691191466183804743
691302542801371135 691302542801371136 691302542801371135
691302542801371136 691302542801371136 0
691302542801371137 691302542801371136 454863562364420096
695055542490846549 4609434218613702656 695055542490846549
695055542490846549 4625196817309499391 695055542490846549
695806142428741631 695806142428741632 695806142428741631
695806142428741632 695806142428741632 0
695806142428741633 695806142428741632 459367161991790592
700309742056112127 700309742056112128 700309742056112127
700309742056112128 700309742056112128 0
700309742056112129 700309742056112128 463870761619161088
702561541869797375 4609434218613702656 702561541869797375
702561541869797375 4949455990480175104 702561541869797375
702561541869797376 4609434218613702656 702561541869797376
702561541869797376 5278218763278221313 702561541869797376
704813341683482623 704813341683482624 704813341683482623
704813341683482624 704813341683482624 0
704813341683482625 704813341683482624 468374361246531584
707065141497167873 4609434218613702656 707065141497167873
707065141497167873 5608482735952057685 707065141497167873
709316941310853119 709316941310853120 709316941310853119
709316941310853120 709316941310853120 0
709316941310853121 709316941310853120 472877960873902080
713069941000328533 4609434218613702656 713069941000328533
713069941000328533 5940247908501684223 713069941000328533
713820540938223615 713820540938223616 713820540938223615
713820540938223616 713820540938223616 0
713820540938223617 713820540938223616 477381560501272576
718324140565594111 718324140565594112 718324140565594111
718324140565594112 718324140565594112 0
718324140565594113 718324140565594112 481885160128643072
720575940379279359 4609434218613702656 720575940379279359
720575940379279359 6264507081672359936 720575940379279359
720575940379279360 4609434218613702656 720575940379279360
720575940379279360 6593269854470406145 720575940379279360
722827740192964607 722827740192964608 722827740192964607
722827740192964608 722827740192964608 0
722827740192964609 722827740192964608 486388759756013568
725079540006649857 4609434218613702656 725079540006649857
725079540006649857 6923533827144242517 725079540006649857
727331339820335103 727331339820335104 727331339820335103
727331339820335104 727331339820335104 0
727331339820335105 727331339820335104 490892359383384064
731084339509810517 4609434218613702656 731084339509810517
731084339509810517 7255298999693869055 731084339509810517
731834939447705599 731834939447705600 731834939447705599
731834939447705600 731834939447705600 0
731834939447705601 731834939447705600 495395959010754560
736338539075076095 736338539075076096 736338539075076095
736338539075076096 736338539075076096 0
736338539075076097 736338539075076096 499899558638125056
738590338888761343 4609434218613702656 738590338888761343
738590338888761343 7579558172864544768 738590338888761343
738590338888761344 4609434218613702656 738590338888761344
738590338888761344 7908320945662590977 738590338888761344
740842138702446591 740842138702446592 740842138702446591
740842138702446592 740842138702446592 0
740842138702446593 740842138702446592 504403158265495552
743093938516131841 4609434218613702656 743093938516131841
743093938516131841 8238584918336427349 743093938516131841
745345738329817087 745345738329817088 745345738329817087
745345738329817088 745345738329817088 0
745345738329817089 745345738329817088 508906757892866048
749098738019292501 4609434218613702656 749098738019292501
749098738019292501 8570350090886053887 749098738019292501
749849337957187583 749849337957187584 749849337957187583
749849337957187584 749849337957187584 0
749849337957187585 749849337957187584 513410357520236544
754352937584558079 754352937584558080 754352937584558079
754352937584558080 754352937584558080 0
754352937584558081 754352937584558080 517913957147607040
756604737398243327 4609434218613702656 756604737398243327
756604737398243327 8894609264056729600 756604737398243327
756604737398243328 4503599627370497 2048
756604737398243328 4609434218613702656 756604737398243328
758856537211928575 758856537211928576 758856537211928575
758856537211928576 758856537211928576 0
758856537211928577 758856537211928576 522417556774977536
761108337025613825 334767572301206869 284852676431183872
761108337025613825 4609434218613702656 761108337025613825
763360136839299071 763360136839299072 763360136839299071
763360136839299072 763360136839299072 0
763360136839299073 763360136839299072 526921156402348032
767113136528774485 666532744850833407 659026745477474986
767113136528774485 4609434218613702656 767113136528774485
767863736466669567 767863736466669568 767863736466669567
767863736466669568 767863736466669568 0
767863736466669569 767863736466669568 531424756029718528
772367336094040063 772367336094040064 772367336094040063
772367336094040064 772367336094040064 0
772367336094040065 772367336094040064 535928355657089024
774619135907725311 990791918021509120 774619135907725311
774619135907725311 4609434218613702656 774619135907725311
774619135907725312 1319554690819555329 774619135907725312
774619135907725312 4609434218613702656 774619135907725312
776870935721410559 776870935721410560 776870935721410559
776870935721410560 776870935721410560 0
776870935721410561 776870935721410560 540431955284459520
779122735535095809 1649818663493391701 779122735535095809
779122735535095809 4609434218613702656 779122735535095809
781374535348781055 781374535348781056 781374535348781055
781374535348781056 781374535348781056 0
781374535348781057 781374535348781056 544935554911830016
785127535038256469 1981583836043018239 785127535038256469
785127535038256469 4609434218613702656 785127535038256469
785878134976151551 785878134976151552 785878134976151551
785878134976151552 785878134976151552 0
785878134976151553 785878134976151552 549439154539200512
790381734603522047 790381734603522048 790381734603522047
790381734603522048 790381734603522048 0
790381734603522049 790381734603522048 553942754166571008
792633534417207295 2305843009213693952 792633534417207295
792633534417207295 4609434218613702656 792633534417207295
792633534417207296 2634605782011740161 792633534417207296
792633534417207296 4609434218613702656 792633534417207296
794885334230892543 794885334230892544 794885334230892543
794885334230892544 794885334230892544 0
794885334230892545 794885334230892544 558446353793941504
797137134044577793 2964869754685576533 797137134044577793
797137134044577793 4609434218613702656 797137134044577793
799388933858263039 799388933858263040 799388933858263039
799388933858263040 799388933858263040 0
799388933858263041 799388933858263040 562949953421312000
803141933547738453 3296634927235203071 803141933547738453
803141933547738453 4609434218613702656 803141933547738453
803892533485633535 803892533485633536 803892533485633535
803892533485633536 803892533485633536 0
803892533485633537 803892533485633536 567453553048682496
808396133113004031 808396133113004032 808396133113004031
808396133113004032 808396133113004032 0
808396133113004033 808396133113004032 571957152676052992
810647932926689279 3620894100405878784 810647932926689279
810647932926689279 4609434218613702656 810647932926689279
810647932926689280 3949656873203924993 810647932926689280
810647932926689280 4609434218613702656 810647932926689280
812899732740374527 812899732740374528 812899732740374527
812899732740374528 812899732740374528 0
812899732740374529 812899732740374528 576460752303423488
815151532554059777 4279920845877761365 815151532554059777
815151532554059777 4609434218613702656 815151532554059777
817403332367745023 817403332367745024 817403332367745023
817403332367745024 817403332367745024 0
817403332367745025 817403332367745024 580964351930793984
821156332057220437 4609434218613702656 821156332057220437
821156332057220437 4611686018427387903 821156332057220437
821906931995115519 821906931995115520 821906931995115519
821906931995115520 821906931995115520 0
821906931995115521 821906931995115520 585467951558164480
826410531622486015 826410531622486016 826410531622486015
826410531622486016 826410531622486016 0
826410531622486017 826410531622486016 589971551185534976
827763935687929691 6456518254601542933 827763935687929691
828512786329439175 5484912237172391508 828512786329439175
828662331436171263 4609434218613702656 828662331436171263
828662331436171263 4935945191598063616 828662331436171263
828662331436171264 4609434218613702656 828662331436171264
828662331436171264 5264707964396109825 828662331436171264
830914131249856511 830914131249856512 830914131249856511
830914131249856512 830914131249856512 0
830914131249856513 830914131249856512 594475150812905472
833165931063541761 4609434218613702656 833165931063541761
833165931063541761 5594971937069946197 833165931063541761
835417730877227007 835417730877227008 835417730877227007
835417730877227008 835417730877227008 0
835417730877227009 835417730877227008 598978750440275968
839170730566702421 4609434218613702656 839170730566702421
839170730566702421 5926737109619572735 839170730566702421
839921330504597503 839921330504597504 839921330504597503
839921330504597504 839921330504597504 0
839921330504597505 839921330504597504 603482350067646464
844424930131967999 844424930131968000 844424930131967999
844424930131968000 844424930131968000 0
844424930131968001 844424930131968000 607985949695016960
846676729945653247 4609434218613702656 846676729945653247
846676729945653247 6250996282790248448 846676729945653247
846676729945653248 4609434218613702656 846676729945653248
846676729945653248 6579759055588294657 846676729945653248
848928529759338495 848928529759338496 848928529759338495
848928529759338496 848928529759338496 0
848928529759338497 848928529759338496 612489549322387456
849508644927482457 723504278186809005 723438286504512722
851180329573023745 4609434218613702656 851180329573023745
851180329573023745 6910023028262131029 851180329573023745
853432129386708991 853432129386708992 853432129386708991
853432129386708992 853432129386708992 0
853432129386708993 853432129386708992 616993148949757952
857185129076184405 4609434218613702656 857185129076184405
857185129076184405 7241788200811757567 857185129076184405
857935729014079487 857935729014079488 857935729014079487
857935729014079488 857935729014079488 0
857935729014079489 857935729014079488 621496748577128448
862439328641449983 862439328641449984 862439328641449983
862439328641449984 862439328641449984 0
862439328641449985 862439328641449984 626000348204498944
864691128455135231 4609434218613702656 864691128455135231
864691128455135231 7566047373982433280 864691128455135231
864691128455135232 4609434218613702656 864691128455135232
864691128455135232 7894810146780479489 864691128455135232
865514832581780486 2669283751608714122 865514832581780486
866711741492490433 7155947811474401934 866711741492490433
866942928268820479 866942928268820480 866942928268820479
866942928268820480 866942928268820480 0
866942928268820481 866942928268820480 630503947831869440
869194728082505729 4609434218613702656 869194728082505729
869194728082505729 8225074119454315861 869194728082505729
871446527896190975 871446527896190976 871446527896190975
871446527896190976 871446527896190976 0
871446527896190977 871446527896190976 635007547459239936
875199527585666389 4609434218613702656 875199527585666389
875199527585666389 8556839292003942399 875199527585666389
875950127523561471 875950127523561472 875950127523561471
875950127523561472 875950127523561472 0
875950127523561473 875950127523561472 639511147086610432
880453727150931967 880453727150931968 880453727150931967
880453727150931968 880453727150931968 0
880453727150931969 880453727150931968 644014746713980928
882705526964617215 4609434218613702656 882705526964617215
882705526964617215 8881098465174618112 882705526964617215
882705526964617216 4609434218613702656 882705526964617216
882705526964617216 9209861237972664321 882705526964617216
884957326778302463 884957326778302464 884957326778302463
884957326778302464 884957326778302464 0
884957326778302465 884957326778302464 648518346341351424
887209126591987713 321256773419095381 167759086119550976
887209126591987713 4609434218613702656 887209126591987713
887917950435913138 7808292889325618424 887917950435913138
889460926405672959 889460926405672960 889460926405672959
889460926405672960 889460926405672960 0
889460926405672961 889460926405672960 653021945968721920
893213926095148373 653021945968721919 645515946589771094
893213926095148373 4609434218613702656 893213926095148373
893964526033043455 893964526033043456 893964526033043455
893964526033043456 893964526033043456 0
893964526033043457 893964526033043456 657525545596092416
898468125660413951 898468125660413952 898468125660413951
898468125660413952 898468125660413952 0
898468125660413953 898468125660413952 662029145223462912
900719925474099199 977281119139397632 900719925474099199
900719925474099199 4609434218613702656 900719925474099199
900719925474099200 1306043891937443841 900719925474099200
900719925474099200 4609434218613702656 900719925474099200
902971725287784447 902971725287784448 902971725287784447
902971725287784448 902971725287784448 0
902971725287784449 902971725287784448 666532744850833408
905223525101469697 1636307864611280213 905223525101469697
905223525101469697 4609434218613702656 905223525101469697
907411159076180439 5328921027879989287 907411159076180439
907475324915154943 907475324915154944 907475324915154943
907475324915154944 907475324915154944 0
907475324915154945 907475324915154944 671036344478203904
911228324604630357 1968073037160906751 911228324604630357
911228324604630357 4609434218613702656 911228324604630357
911978924542525439 911978924542525440 911978924542525439
911978924542525440 911978924542525440 0
911978924542525441 911978924542525440 675539944105574400
915046868380720107 1989476588613685841 915046868380720107
915090117218549026 1058757577160554618 915090117218549026
916482524169895935 916482524169895936 916482524169895935
916482524169895936 916482524169895936 0
916482524169895937 916482524169895936 680043543732944896
918734323983581183 2292332210331582464 918734323983581183
918734323983581183 4609434218613702656 918734323983581183
918734323983581184 2621094983129628673 918734323983581184
918734323983581184 4609434218613702656 918734323983581184
920986123797266431 920986123797266432 920986123797266431
920986123797266432 920986123797266432 0
920986123797266433 920986123797266432 684547143360315392
923237923610951681 2951358955803465045 923237923610951681
923237923610951681 4609434218613702656 923237923610951681
925489723424636927 925489723424636928 925489723424636927
925489723424636928 925489723424636928 0
925489723424636929 925489723424636928 689050742987685888
929242723114112341 3283124128353091583 929242723114112341
929242723114112341 4609434218613702656 929242723114112341
929993323052007423 929993323052007424 929993323052007423
929993323052007424 929993323052007424 0
929993323052007425 929993323052007424 693554342615056384
934496922679377919 934496922679377920 934496922679377919
934496922679377920 934496922679377920 0
934496922679377921 934496922679377920 698057942242426880
936748722493063167 3607383301523767296 936748722493063167
936748722493063167 4609434218613702656 936748722493063167
936748722493063168 3936146074321813505 936748722493063168
936748722493063168 4609434218613702656 936748722493063168
939000522306748415 939000522306748416 939000522306748415
939000522306748416 939000522306748416 0
939000522306748417 939000522306748416 702561541869797376
941252322120433665 4266410046995649877 941252322120433665
941252322120433665 4609434218613702656 941252322120433665
943504121934118911 943504121934118912 943504121934118911
943504121934118912 943504121934118912 0
943504121934118913 943504121934118912 707065141497167872
947257121623594325 4598175219545276415 947257121623594325
947257121623594325 4609434218613702656 947257121623594325
948007721561489407 948007721561489408 948007721561489407
948007721561489408 948007721561489408 0
948007721561489409 948007721561489408 711568741124538368
952511321188859903 952511321188859904 952511321188859903
952511321188859904 952511321188859904 0
952511321188859905 952511321188859904 716072340751908864
954763121002545151 4609434218613702656 954763121002545151
954763121002545151 4922434392715952128 954763121002545151
954763121002545152 4609434218613702656 954763121002545152
954763121002545152 5251197165513998337 954763121002545152
956310774701774898 8077728248787928555 956310774701774898
957014920816230399 957014920816230400 957014920816230399
957014920816230400 957014920816230400 0
957014920816230401 957014920816230400 720575940379279360
959266720629915649 4609434218613702656 959266720629915649
959266720629915649 5581461138187834709 959266720629915649
960258442725701746 8022051593928482527 960258442725701746
961518520443600895 961518520443600896 961518520443600895
961518520443600896 961518520443600896 0
961518520443600897 961518520443600896 725079540006649856
965271520133076309 4609434218613702656 965271520133076309
965271520133076309 5913226310737461247 965271520133076309
966022120070971391 966022120070971392 966022120070971391
966022120070971392 966022120070971392 0
966022120070971393 966022120070971392 729583139634020352
970525719698341887 970525719698341888 970525719698341887
970525719698341888 970525719698341888 0
970525719698341889 970525719698341888 734086739261390848
972684043494191785 4635579763532625591 972684043494191785
972777519512027135 4609434218613702656 972777519512027135
972777519512027135 6237485483908136960 972777519512027135
972777519512027136 4609434218613702656 972777519512027136
972777519512027136 6566248256706183169 972777519512027136
975029319325712383 975029319325712384 975029319325712383
975029319325712384 975029319325712384 0
975029319325712385 975029319325712384 738590338888761344
977281119139397633 4609434218613702656 977281119139397633
977281119139397633 6896512229380019541 977281119139397633
979532918953082879 979532918953082880 979532918953082879
979532918953082880 979532918953082880 0
979532918953082881 979532918953082880 743093938516131840
983285918642558293 4609434218613702656 983285918642558293
983285918642558293 7228277401929646079 983285918642558293
984036518580453375 984036518580453376 984036518580453375
984036518580453376 984036518580453376 0
984036518580453377 984036518580453376 747597538143502336
988540118207823871 988540118207823872 988540118207823871
988540118207823872 988540118207823872 0
988540118207823873 988540118207823872 752101137770872832
990791918021509119 4609434218613702656 990791918021509119
990791918021509119 7552536575100321792 990791918021509119
990791918021509120 4609434218613702656 990791918021509120
990791918021509120 7881299347898368001 990791918021509120
993043717835194367 993043717835194368 993043717835194367
993043717835194368 993043717835194368 0
993043717835194369 993043717835194368 756604737398243328
995295517648879617 4609434218613702656 995295517648879617
995295517648879617 8211563320572204373 995295517648879617
997547317462564863 997547317462564864 997547317462564863
997547317462564864 997547317462564864 0
997547317462564865 997547317462564864 761108337025613824
1001300317152040277 4609434218613702656 1001300317152040277
1001300317152040277 8543328493121830911 1001300317152040277
1002050917089935359 1002050917089935360 1002050917089935359
1002050917089935360 1002050917089935360 0
1002050917089935361 1002050917089935360 765611936652984320
1006554516717305855 1006554516717305856 1006554516717305855
1006554516717305856 1006554516717305856 0
1006554516717305857 1006554516717305856 770115536280354816
1008806316530991103 4609434218613702656 1008806316530991103
1008806316530991103 8867587666292506624 1008806316530991103
1008806316530991104 4609434218613702656 1008806316530991104
1008806316530991104 9196350439090552833 1008806316530991104
1011058116344676351 1011058116344676352 1011058116344676351
1011058116344676352 1011058116344676352 0
1011058116344676353 1011058116344676352 774619135907725312
1011831249048043922 2783126448969524564 1011831249048043922
1013309916158361601 307745974536983893 293859875685924864
1013309916158361601 4609434218613702656 1013309916158361601
1013854469157458757 1147728091848041965 1013854469157458757
1015561715972046847 1015561715972046848 1015561715972046847
1015561715972046848 1015561715972046848 0
1015561715972046849 1015561715972046848 779122735535095808
1019314715661522261 639511147086610431 636508748766685866
1019314715661522261 4609434218613702656 1019314715661522261
1020065315599417343 1020065315599417344 1020065315599417343
1020065315599417344 1020065315599417344 0
1020065315599417345 1020065315599417344 783626335162466304
1024568915226787839 1024568915226787840 1024568915226787839
1024568915226787840 1024568915226787840 0
1024568915226787841 1024568915226787840 788129934789836800
1026820715040473087 963770320257286144 963770320257269760
1026820715040473087 4609434218613702656 1026820715040473087
1026820715040473088 1292533093055332353 1026820715040473088
1026820715040473088 4609434218613702656 1026820715040473088
1029072514854158335 1029072514854158336 1029072514854158335
1029072514854158336 1029072514854158336 0
1029072514854158337 1029072514854158336 792633534417207296
1031324314667843585 1622797065729168725 1031324314667843585
1031324314667843585 4609434218613702656 1031324314667843585
1033576114481528831 1033576114481528832 1033576114481528831
1033576114481528832 1033576114481528832 0
1033576114481528833 1033576114481528832 797137134044577792
1037329114171004245 1954562238278795263 1037329114171004245
1037329114171004245 4609434218613702656 1037329114171004245
1038079714108899327 1038079714108899328 1038079714108899327
1038079714108899328 1038079714108899328 0
1038079714108899329 1038079714108899328 801640733671948288
1038514980406939505 805222110426657496 803660156019922456
1042583313736269823 1042583313736269824 1042583313736269823
1042583313736269824 1042583313736269824 0
1042583313736269825 1042583313736269824 806144333299318784
1044835113549955071 2278821411449470976 1044835113549955071
1044835113549955071 4609434218613702656 1044835113549955071
1044835113549955072 2607584184247517185 1044835113549955072
1044835113549955072 4609434218613702656 1044835113549955072
1047086913363640319 1047086913363640320 1047086913363640319
1047086913363640320 1047086913363640320 0
1047086913363640321 1047086913363640320 810647932926689280
1049338713177325569 2937848156921353557 1049338713177325569
1049338713177325569 4609434218613702656 1049338713177325569
1051590512991010815 1051590512991010816 1051590512991010815
1051590512991010816 1051590512991010816 0
1051590512991010817 1051590512991010816 815151532554059776
1055343512680486229 3269613329470980095 1055343512680486229
1055343512680486229 4609434218613702656 1055343512680486229
1056094112618381311 1056094112618381312 1056094112618381311
1056094112618381312 1056094112618381312 0
1056094112618381313 1056094112618381312 819655132181430272
1060597712245751807 1060597712245751808 1060597712245751807
1060597712245751808 1060597712245751808 0
1060597712245751809 1060597712245751808 824158731808800768
1062849512059437055 3593872502641655808 1062849512059437055
1062849512059437055 4609434218613702656 1062849512059437055
1062849512059437056 3922635275439702017 1062849512059437056
1062849512059437056 4609434218613702656 1062849512059437056
1065101311873122303 1065101311873122304 1065101311873122303
1065101311873122304 1065101311873122304 0
1065101311873122305 1065101311873122304 828662331436171264
1067353111686807553 4252899248113538389 1067353111686807553
1067353111686807553 4609434218613702656 1067353111686807553
1069604911500492799 1069604911500492800 1069604911500492799
1069604911500492800 1069604911500492800 0
1069604911500492801 1069604911500492800 833165931063541760
1073357911189968213 4584664420663164927 1073357911189968213
1073357911189968213 4609434218613702656 1073357911189968213
1074108511127863295 1074108511127863296 1074108511127863295
1074108511127863296 1074108511127863296 0
1074108511127863297 1074108511127863296 837669530690912256
1078612110755233791 1078612110755233792 1078612110755233791
1078612110755233792 1078612110755233792 0
1078612110755233793 1078612110755233792 842173130318282752
1080863910568919039 4609434218613702656 1080863910568919039
1080863910568919039 4908923593833840640 1080863910568919039
1080863910568919040 4609434218613702656 1080863910568919040
1080863910568919040 5237686366631886849 1080863910568919040
1083115710382604287 1083115710382604288 1083115710382604287
1083115710382604288 1083115710382604288 0
1083115710382604289 1083115710382604288 846676729945653248
1085367510196289537 4609434218613702656 1085367510196289537
1085367510196289537 5567950339305723221 1085367510196289537
1087619310009974783 1087619310009974784 1087619310009974783
1087619310009974784 1087619310009974784 0
1087619310009974785 1087619310009974784 851180329573023744
1089363581947789171 3258334463183627662 1089363581947789171
1091372309699450197 4609434218613702656 1091372309699450197
1091372309699450197 5899715511855349759 1091372309699450197
1092122909637345279 1092122909637345280 1092122909637345279
1092122909637345280 1092122909637345280 0
1092122909637345281 1092122909637345280 855683929200394240
1094547356285170469 4674273565958033551 1094547356285170469
1096626509264715775 1096626509264715776 1096626509264715775
1096626509264715776 1096626509264715776 0
1096626509264715777 1096626509264715776 860187528827764736
1098878309078401023 4609434218613702656 1098878309078401023
1098878309078401023 6223974685026025472 1098878309078401023
1098878309078401024 4609434218613702656 1098878309078401024
1098878309078401024 6552737457824071681 1098878309078401024
1099496536105013847 5721131400367097368 1099496536105013847
1101130108892086271 1101130108892086272 1101130108892086271
1101130108892086272 1101130108892086272 0
1101130108892086273 1101130108892086272 864691128455135232
1103381908705771521 4609434218613702656 1103381908705771521
1103381908705771521 6883001430497908053 1103381908705771521
1105633708519456767 1105633708519456768 1105633708519456767
1105633708519456768 1105633708519456768 0
1105633708519456769 1105633708519456768 869194728082505728
1109386708208932181 4609434218613702656 1109386708208932181
1109386708208932181 7214766603047534591 1109386708208932181
1110137308146827263 1110137308146827264 1110137308146827263
1110137308146827264 1110137308146827264 0
1110137308146827265 1110137308146827264 873698327709876224
1114640907774197759 1114640907774197760 1114640907774197759
1114640907774197760 1114640907774197760 0
1114640907774197761 1114640907774197760 878201927337246720
1116892707587883007 4609434218613702656 1116892707587883007
1116892707587883007 7539025776218210304 1116892707587883007
1116892707587883008 4609434218613702656 1116892707587883008
1116892707587883008 7867788549016256513 1116892707587883008
1117404728738364167 1206716903464679205 1117404728738364167
1119144507401568255 1119144507401568256 1119144507401568255
1119144507401568256 1119144507401568256 0
1119144507401568257 1119144507401568256 882705526964617216
1121396307215253505 4609434218613702656 1121396307215253505
1121396307215253505 8198052521690092885 1121396307215253505
1123648107028938751 1123648107028938752 1123648107028938751
1123648107028938752 1123648107028938752 0
1123648107028938753 1123648107028938752 887209126591987712
1127401106718414165 4609434218613702656 1127401106718414165
1127401106718414165 8529817694239719423 1127401106718414165
1128151706656309247 1128151706656309248 1128151706656309247
1128151706656309248 1128151706656309248 0
1128151706656309249 1128151706656309248 891712726219358208
1132655306283679743 1132655306283679744 1132655306283679743
1132655306283679744 1132655306283679744 0
1132655306283679745 1132655306283679744 896216325846728704
1134907106097364991 4609434218613702656 1134907106097364991
1134907106097364991 8854076867410395136 1134907106097364991
1134907106097364992 4609434218613702656 1134907106097364992
1134907106097364992 9182839640208441345 1134907106097364992
1137158905911050239 1137158905911050240 1137158905911050239
1137158905911050240 1137158905911050240 0
1137158905911050241 1137158905911050240 900719925474099200
1139410705724735489 294235175654872405 176766285374291968
1139410705724735489 4609434218613702656 1139410705724735489
1141662505538420735 1141662505538420736 1141662505538420735
1141662505538420736 1141662505538420736 0
1141662505538420737 1141662505538420736 905223525101469696
1145415505227896149 626000348204498943 622997948452918954
1145415505227896149 4609434218613702656 1145415505227896149
1146166105165791231 1146166105165791232 1146166105165791231
1146166105165791232 1146166105165791232 0
1146166105165791233 1146166105165791232 909727124728840192
1146935632243030089 1413939208812738873 1146935632243030089
1150669704793161727 1150669704793161728 1150669704793161727
1150669704793161728 1150669704793161728 0
1150669704793161729 1150669704793161728 914230724356210688
1152921504606846975 950259521375174656 950224337003085824
1152921504606846975 4609434218613702656 1152921504606846975
1152921504606846976 1279022294173220865 1152921504606846976
1152921504606846976 4609434218613702656 1152921504606846976
1154918500635594361 1169969187185689322 1154918500635594361
1155173304420532223 1155173304420532224 1155173304420532223
1155173304420532224 1155173304420532224 0
1155173304420532225 1155173304420532224 918734323983581184
1157425104234217473 1609286266847057237 1157425104234217473
1157425104234217473 4609434218613702656 1157425104234217473
1159676904047902719 1159676904047902720 1159676904047902719
1159676904047902720 1159676904047902720 0
1159676904047902721 1159676904047902720 923237923610951680
1163429903737378133 1941051439396683775 1163429903737378133
1163429903737378133 4609434218613702656 1163429903737378133
1164180503675273215 1164180503675273216 1164180503675273215
1164180503675273216 1164180503675273216 0
1164180503675273217 1164180503675273216 927741523238322176
1168684103302643711 1168684103302643712 1168684103302643711
1168684103302643712 1168684103302643712 0
1168684103302643713 1168684103302643712 932245122865692672
1170935903116328959 2265310612567359488 1170935903116328959
1170935903116328959 4609434218613702656 1170935903116328959
1170935903116328960 2594073385365405697 1170935903116328960
1170935903116328960 4609434218613702656 1170935903116328960
1173187702930014207 1173187702930014208 1173187702930014207
1173187702930014208 1173187702930014208 0
1173187702930014209 1173187702930014208 936748722493063168
1175439502743699457 2924337358039242069 1175439502743699457
1175439502743699457 4609434218613702656 1175439502743699457
1177691302557384703 1177691302557384704 1177691302557384703
1177691302557384704 1177691302557384704 0
1177691302557384705 1177691302557384704 941252322120433664
1181444302246860117 3256102530588868607 1181444302246860117
1181444302246860117 4609434218613702656 1181444302246860117
1182194902184755199 1182194902184755200 1182194902184755199
1182194902184755200 1182194902184755200 0
1182194902184755201 1182194902184755200 945755921747804160
1186698501812125695 1186698501812125696 1186698501812125695
1186698501812125696 1186698501812125696 0
1186698501812125697 1186698501812125696 950259521375174656
1188950301625810943 3580361703759544320 1188950301625810943
1188950301625810943 4609434218613702656 1188950301625810943
1188950301625810944 3909124476557590529 1188950301625810944
1188950301625810944 4609434218613702656 1188950301625810944
1191202101439496191 1191202101439496192 1191202101439496191
1191202101439496192 1191202101439496192 0
1191202101439496193 1191202101439496192 954763121002545152
1193453901253181441 4239388449231426901 1193453901253181441
1193453901253181441 4609434218613702656 1193453901253181441
1195705701066866687 1195705701066866688 1195705701066866687
1195705701066866688 1195705701066866688 0
1195705701066866689 1195705701066866688 959266720629915648
1197815275486038486 1829828603646432101 1197815275486038486
1199458700756342101 4571153621781053439 1199458700756342101
1199458700756342101 4609434218613702656 1199458700756342101
1200209300694237183 1200209300694237184 1200209300694237183
1200209300694237184 1200209300694237184 0
1200209300694237185 1200209300694237184 963770320257286144
1204712900321607679 1204712900321607680 1204712900321607679
1204712900321607680 1204712900321607680 0
1204712900321607681 1204712900321607680 968273919884656640
1206964700135292927 4609434218613702656 1206964700135292927
1206964700135292927 4895412794951729152 1206964700135292927
1206964700135292928 4609434218613702656 1206964700135292928
1206964700135292928 5224175567749775361 1206964700135292928
1209216499948978175 1209216499948978176 1209216499948978175
1209216499948978176 1209216499948978176 0
1209216499948978177 1209216499948978176 972777519512027136
1211468299762663425 4609434218613702656 1211468299762663425
1211468299762663425 5554439540423611733 1211468299762663425
1213720099576348671 1213720099576348672 1213720099576348671
1213720099576348672 1213720099576348672 0
1213720099576348673 1213720099576348672 977281119139397632
1217473099265824085 4609434218613702656 1217473099265824085
1217473099265824085 5886204712973238271 1217473099265824085
1218223699203719167 1218223699203719168 1218223699203719167
1218223699203719168 1218223699203719168 0
1218223699203719169 1218223699203719168 981784718766768128
1222727298831089663 1222727298831089664 1222727298831089663
1222727298831089664 1222727298831089664 0
1222727298831089665 1222727298831089664 986288318394138624
1224979098644774911 4609434218613702656 1224979098644774911
1224979098644774911 6210463886143913984 1224979098644774911
1224979098644774912 4609434218613702656 1224979098644774912
1224979098644774912 6539226658941960193 1224979098644774912
1226693436816121556 8955739286243161602 1226693436816121556
1227230898458460159 1227230898458460160 1227230898458460159
1227230898458460160 1227230898458460160 0
1227230898458460161 1227230898458460160 990791918021509120
1229482698272145409 4609434218613702656 1229482698272145409
1229482698272145409 6869490631615796565 1229482698272145409
1231734498085830655 1231734498085830656 1231734498085830655
1231734498085830656 1231734498085830656 0
1231734498085830657 1231734498085830656 995295517648879616
1235487497775306069 4609434218613702656 1235487497775306069
1235487497775306069 7201255804165423103 1235487497775306069
1236238097713201151 1236238097713201152 1236238097713201151
1236238097713201152 1236238097713201152 0
1236238097713201153 1236238097713201152 999799117276250112
1240741697340571647 1240741697340571648 1240741697340571647
1240741697340571648 1240741697340571648 0
1240741697340571649 1240741697340571648 1004302716903620608
1242993497154256895 4609434218613702656 1242993497154256895
1242993497154256895 7525514977336098816 1242993497154256895
1242993497154256896 4609434218613702656 1242993497154256896
1242993497154256896 7854277750134145025 1242993497154256896
1245245296967942143 1245245296967942144 1245245296967942143
1245245296967942144 1245245296967942144 0
1245245296967942145 1245245296967942144 1008806316530991104
1247497096781627393 4609434218613702656 1247497096781627393
1247497096781627393 8184541722807981397 1247497096781627393
1249748896595312639 1249748896595312640 1249748896595312639
1249748896595312640 1249748896595312640 0
1249748896595312641 1249748896595312640 1013309916158361600
1253501896284788053 4609434218613702656 1253501896284788053
1253501896284788053 8516306895357607935 1253501896284788053
1254252496222683135 1254252496222683136 1254252496222683135
1254252496222683136 1254252496222683136 0
1254252496222683137 1254252496222683136 1017813515785732096
1258756095850053631 1258756095850053632 1258756095850053631
1258756095850053632 1258756095850053632 0
1258756095850053633 1258756095850053632 1022317115413102592
1261007895663738879 4609434218613702656 1261007895663738879
1261007895663738879 8840566068528283648 1261007895663738879
1261007895663738880 4609434218613702656 1261007895663738880
1261007895663738880 9169328841326329857 1261007895663738880
1263259695477424127 1263259695477424128 1263259695477424127
1263259695477424128 1263259695477424128 0
1263259695477424129 1263259695477424128 1026820715040473088
1265511495291109377 280724376772760917 59672695062659072
1265511495291109377 4609434218613702656 1265511495291109377
1267763295104794623 1267763295104794624 1267763295104794623
1267763295104794624 1267763295104794624 0
1267763295104794625 1267763295104794624 1031324314667843584
1271516294794270037 612489549322387455 604985015958940330
1271516294794270037 4609434218613702656 1271516294794270037
1272266894732165119 1272266894732165120 1272266894732165119
1272266894732165120 1272266894732165120 0
1272266894732165121 1272266894732165120 1035827914295214080
1276770494359535615 1276770494359535616 1276770494359535615
1276770494359535616 1276770494359535616 0
1276770494359535617 1276770494359535616 1040331513922584576
1279022294173220863 936748722493063168 0
1279022294173220863 4609434218613702656 1279022294173220863
1279022294173220864 1265511495291109377 1265511495291109362
1279022294173220864 4609434218613702656 1279022294173220864
1281274093986906111 1281274093986906112 1281274093986906111
1281274093986906112 1281274093986906112 0
1281274093986906113 1281274093986906112 1044835113549955072
1283525893800591361 1595775467964945749 1283525893800591361
1283525893800591361 4609434218613702656 1283525893800591361
1285777693614276607 1285777693614276608 1285777693614276607
1285777693614276608 1285777693614276608 0
1285777693614276609 1285777693614276608 1049338713177325568
1289530693303752021 1927540640514572287 1289530693303752021
1289530693303752021 4609434218613702656 1289530693303752021
1290281293241647103 1290281293241647104 1290281293241647103
1290281293241647104 1290281293241647104 0
1290281293241647105 1290281293241647104 1053842312804696064
1294784892869017599 1294784892869017600 1294784892869017599
1294784892869017600 1294784892869017600 0
1294784892869017601 1294784892869017600 1058345912432066560
1297036692682702847 2251799813685248000 1297036692682702847
1297036692682702847 4609434218613702656 1297036692682702847
1297036692682702848 2580562586483294209 1297036692682702848
1297036692682702848 4609434218613702656 1297036692682702848
1299288492496388095 1299288492496388096 1299288492496388095
1299288492496388096 1299288492496388096 0
1299288492496388097 1299288492496388096 1062849512059437056
1301540292310073345 2910826559157130581 1301540292310073345
1301540292310073345 4609434218613702656 1301540292310073345
1303792092123758591 1303792092123758592 1303792092123758591
1303792092123758592 1303792092123758592 0
1303792092123758593 1303792092123758592 1067353111686807552
1307545091813234005 3242591731706757119 1307545091813234005
1307545091813234005 4609434218613702656 1307545091813234005
1308295691751129087 1308295691751129088 1308295691751129087
1308295691751129088 1308295691751129088 0
1308295691751129089 1308295691751129088 1071856711314178048
1310268021290176028 826903449598354461 821273139223899484
1312799291378499583 1312799291378499584 1312799291378499583
1312799291378499584 1312799291378499584 0
1312799291378499585 1312799291378499584 1076360310941548544
1315051091192184831 3566850904877432832 1315051091192184831
1315051091192184831 4609434218613702656 1315051091192184831
1315051091192184832 3895613677675479041 1315051091192184832
1315051091192184832 4609434218613702656 1315051091192184832
1317302891005870079 1317302891005870080 1317302891005870079
1317302891005870080 1317302891005870080 0
1317302891005870081 1317302891005870080 1080863910568919040
1319554690819555329 4225877650349315413 1319554690819555329
1319554690819555329 4609434218613702656 1319554690819555329
1321806490633240575 1321806490633240576 1321806490633240575
1321806490633240576 1321806490633240576 0
1321806490633240577 1321806490633240576 1085367510196289536
1322191820524360878 2735202197313770881 1322191820524360878
1325559490322715989 4557642822898941951 1325559490322715989
1325559490322715989 4609434218613702656 1325559490322715989
1326310090260611071 1326310090260611072 1326310090260611071
1326310090260611072 1326310090260611072 0
1326310090260611073 1326310090260611072 1089871109823660032
1330813689887981567 1330813689887981568 1330813689887981567
1330813689887981568 1330813689887981568 0
1330813689887981569 1330813689887981568 1094374709451030528
1333065489701666815 4609434218613702656 1333065489701666815
1333065489701666815 4881901996069617664 1333065489701666815
1333065489701666816 4609434218613702656 1333065489701666816
1333065489701666816 5210664768867663873 1333065489701666816
1335317289515352063 1335317289515352064 1335317289515352063
1335317289515352064 1335317289515352064 0
1335317289515352065 1335317289515352064 1098878309078401024
1337569089329037313 4609434218613702656 1337569089329037313
1337569089329037313 5540928741541500245 1337569089329037313
1339820889142722559 1339820889142722560 1339820889142722559
1339820889142722560 1339820889142722560 0
1339820889142722561 1339820889142722560 1103381908705771520
1341421782610322570 6553029910155380980 1341421782610322570
1343459853136721100 8854434805982671423 1343459853136721100
1343573888832197973 4609434218613702656 1343573888832197973
1343573888832197973 5872693914091126783 1343573888832197973
1344324488770093055 1344324488770093056 1344324488770093055
1344324488770093056 1344324488770093056 0
1344324488770093057 1344324488770093056 1107885508333142016
1348828088397463551 1348828088397463552 1348828088397463551
1348828088397463552 1348828088397463552 0
1348828088397463553 1348828088397463552 1112389107960512512
1351079888211148799 4609434218613702656 1351079888211148799
1351079888211148799 6196953087261802496 1351079888211148799
1351079888211148800 4609434218613702656 1351079888211148800
1351079888211148800 6525715860059848705 1351079888211148800
1353331688024834047 1353331688024834048 1353331688024834047
1353331688024834048 1353331688024834048 0
1353331688024834049 1353331688024834048 1116892707587883008
1355583487838519297 4609434218613702656 1355583487838519297
1355583487838519297 6855979832733685077 1355583487838519297
1357263691214520375 5690298329505640615 1357263691214520375
1357835287652204543 1357835287652204544 1357835287652204543
1357835287652204544 1357835287652204544 0
1357835287652204545 1357835287652204544 1121396307215253504
1361588287341679957 4609434218613702656 1361588287341679957
1361588287341679957 7187745005283311615 1361588287341679957
1362338887279575039 1362338887279575040 1362338887279575039
1362338887279575040 1362338887279575040 0
1362338887279575041 1362338887279575040 1125899906842624000
1364774600527081880 6545496805856437767 1364774600527081880
1365485020560583271 4981045355855655652 1365485020560583271
1366842486906945535 1366842486906945536 1366842486906945535
1366842486906945536 1366842486906945536 0
1366842486906945537 1366842486906945536 1130403506469994496
1369094286720630783 4609434218613702656 1369094286720630783
1369094286720630783 7512004178453987328 1369094286720630783
1369094286720630784 4609434218613702656 1369094286720630784
1369094286720630784 7840766951252033537 1369094286720630784
1371346086534316031 1371346086534316032 1371346086534316031
1371346086534316032 1371346086534316032 0
1371346086534316033 1371346086534316032 1134907106097364992
1373597886348001281 4609434218613702656 1373597886348001281
1373597886348001281 8171030923925869909 1373597886348001281
1373936387440011668 5439618454232326452 1373936387440011668
1375849686161686527 1375849686161686528 1375849686161686527
1375849686161686528 1375849686161686528 0
1375849686161686529 1375849686161686528 1139410705724735488
1379602685851161941 4609434218613702656 1379602685851161941
1379602685851161941 8502796096475496447 1379602685851161941
1380353285789057023 1380353285789057024 1380353285789057023
1380353285789057024 1380353285789057024 0
1380353285789057025 1380353285789057024 1143914305352105984
1384856885416427519 1384856885416427520 1384856885416427519
1384856885416427520 1384856885416427520 0
1384856885416427521 1384856885416427520 1148417904979476480
1387108685230112767 4609434218613702656 1387108685230112767
1387108685230112767 8827055269646172160 1387108685230112767
1387108685230112768 4609434218613702656 1387108685230112768
1387108685230112768 9155818042444218369 1387108685230112768
1389360485043798015 1389360485043798016 1389360485043798015
1389360485043798016 1389360485043798016 0
1389360485043798017 1389360485043798016 1152921504606846976
1391612284857483265 267213577890649429 185773484629032960
1391612284857483265 4609434218613702656 1391612284857483265
1393864084671168511 1393864084671168512 1393864084671168511
1393864084671168512 1393864084671168512 0
1393864084671168513 1393864084671168512 1157425104234217472
1397617084360643925 598978750440275967 591472751061674666
1397617084360643925 4609434218613702656 1397617084360643925
1398367684298539007 1398367684298539008 1398367684298539007
1398367684298539008 1398367684298539008 0
1398367684298539009 1398367684298539008 1161928703861587968
1402871283925909503 1402871283925909504 1402871283925909503
1402871283925909504 1402871283925909504 0
1402871283925909505 1402871283925909504 1166432303488958464
1405123083739594751 923237923610951680 0
1405123083739594751 4609434218613702656 1405123083739594751
1405123083739594752 1252000696408997889 1252000662049259522
1405123083739594752 4609434218613702656 1405123083739594752
1407374883553279999 1407374883553280000 1407374883553279999
1407374883553280000 1407374883553280000 0
1407374883553280001 1407374883553280000 1170935903116328960
1409626683366965249 1582264669082834261 1409626683366965249
1409626683366965249 4609434218613702656 1409626683366965249
1411878483180650495 1411878483180650496 1411878483180650495
1411878483180650496 1411878483180650496 0
1411878483180650497 1411878483180650496 1175439502743699456
1415631482870125909 1914029841632460799 1415631482870125909
1415631482870125909 4609434218613702656 1415631482870125909
1416382082808020991 1416382082808020992 1416382082808020991
1416382082808020992 1416382082808020992 0
1416382082808020993 1416382082808020992 1179943102371069952
1420885682435391487 1420885682435391488 1420885682435391487
1420885682435391488 1420885682435391488 0
1420885682435391489 1420885682435391488 1184446701998440448
1423137482249076735 2238289014803136512 1423137482249076735
1423137482249076735 4609434218613702656 1423137482249076735
1423137482249076736 2567051787601182721 1423137482249076736
1423137482249076736 4609434218613702656 1423137482249076736
1424433818771970096 4870655002249075965 1424433818771970096
1425389282062761983 1425389282062761984 1425389282062761983
1425389282062761984 1425389282062761984 0
1425389282062761985 1425389282062761984 1188950301625810944
1427641081876447233 2897315760275019093 1427641081876447233
1427641081876447233 4609434218613702656 1427641081876447233
1429003449809565250 7116638463270696702 1429003449809565250
1429892881690132479 1429892881690132480 1429892881690132479
1429892881690132480 1429892881690132480 0
1429892881690132481 1429892881690132480 1193453901253181440
1433645881379607893 3229080932824645631 1433645881379607893
1433645881379607893 4609434218613702656 1433645881379607893
1434396481317502975 1434396481317502976 1434396481317502975
1434396481317502976 1434396481317502976 0
1434396481317502977 1434396481317502976 1197957500880551936
1438900080944873471 1438900080944873472 1438900080944873471
1438900080944873472 1438900080944873472 0
1438900080944873473 1438900080944873472 1202461100507922432
1441151880758558719 3553340105995321344 1441151880758558719
1441151880758558719 4609434218613702656 1441151880758558719
1441151880758558720 3882102878793367553 1441151880758558720
1441151880758558720 4609434218613702656 1441151880758558720
1443403680572243967 1443403680572243968 1443403680572243967
1443403680572243968 1443403680572243968 0
1443403680572243969 1443403680572243968 1206964700135292928
1445655480385929217 4212366851467203925 1445655480385929217
1445655480385929217 4609434218613702656 1445655480385929217
1447907280199614463 1447907280199614464 1447907280199614463
1447907280199614464 1447907280199614464 0
1447907280199614465 1447907280199614464 1211468299762663424
1451660279889089877 4544132024016830463 1451660279889089877
1451660279889089877 4609434218613702656 1451660279889089877
1452410879826984959 1452410879826984960 1452410879826984959
1452410879826984960 1452410879826984960 0
1452410879826984961 1452410879826984960 1215971899390033920
1456914479454355455 1456914479454355456 1456914479454355455
1456914479454355456 1456914479454355456 0
1456914479454355457 1456914479454355456 1220475499017404416
1459166279268040703 4609434218613702656 1459166279268040703
1459166279268040703 4868391197187506176 1459166279268040703
1459166279268040704 4609434218613702656 1459166279268040704
1459166279268040704 5197153969985552385 1459166279268040704
1461418079081725951 1461418079081725952 1461418079081725951
1461418079081725952 1461418079081725952 0
1461418079081725953 1461418079081725952 1224979098644774912
1463669878895411201 4609434218613702656 1463669878895411201
1463669878895411201 5527417942659388757 1463669878895411201
1464912905500568639 7861048333758039541 1464912905500568639
1465921678709096447 1465921678709096448 1465921678709096447
1465921678709096448 1465921678709096448 0
1465921678709096449 1465921678709096448 1229482698272145408
1469674678398571861 4609434218613702656 1469674678398571861
1469674678398571861 5859183115209015295 1469674678398571861
1470425278336466943 1470425278336466944 1470425278336466943
1470425278336466944 1470425278336466944 0
1470425278336466945 1470425278336466944 1233986297899515904
1474928877963837439 1474928877963837440 1474928877963837439
1474928877963837440 1474928877963837440 0
1474928877963837441 1474928877963837440 1238489897526886400
1477180677777522687 4609434218613702656 1477180677777522687
1477180677777522687 6183442288379691008 1477180677777522687
1477180677777522688 4609434218613702656 1477180677777522688
1477180677777522688 6512205061177737217 1477180677777522688
1479432477591207935 1479432477591207936 1479432477591207935
1479432477591207936 1479432477591207936 0
1479432477591207937 1479432477591207936 1242993497154256896
1481684277404893185 4609434218613702656 1481684277404893185
1481684277404893185 6842469033851573589 1481684277404893185
1483936077218578431 1483936077218578432 1483936077218578431
1483936077218578432 1483936077218578432 0
1483936077218578433 1483936077218578432 1247497096781627392
1487689076908053845 4609434218613702656 1487689076908053845
1487689076908053845 7174234206401200127 1487689076908053845
1488439676845948927 1488439676845948928 1488439676845948927
1488439676845948928 1488439676845948928 0
1488439676845948929 1488439676845948928 1252000696408997888
1492943276473319423 1492943276473319424 1492943276473319423
1492943276473319424 1492943276473319424 0
1492943276473319425 1492943276473319424 1256504296036368384
1495195076287004671 4609434218613702656 1495195076287004671
1495195076287004671 7498493379571875840 1495195076287004671
1495195076287004672 4609434218613702656 1495195076287004672
1495195076287004672 7827256152369922049 1495195076287004672
1497446876100689919 1497446876100689920 1497446876100689919
1497446876100689920 1497446876100689920 0
1497446876100689921 1497446876100689920 1261007895663738880
1499698675914375169 4609434218613702656 1499698675914375169
1499698675914375169 8157520125043758421 1499698675914375169
1501950475728060415 1501950475728060416 1501950475728060415
1501950475728060416 1501950475728060416 0
1501950475728060417 1501950475728060416 1265511495291109376
1505703475417535829 4609434218613702656 1505703475417535829
1505703475417535829 8489285297593384959 1505703475417535829
1506454075355430911 1506454075355430912 1506454075355430911
1506454075355430912 1506454075355430912 0
1506454075355430913 1506454075355430912 1270015094918479872
1510957674982801407 1510957674982801408 1510957674982801407
1510957674982801408 1510957674982801408 0
1510957674982801409 1510957674982801408 1274518694545850368
1513209474796486655 4609434218613702656 1513209474796486655
1513209474796486655 8813544470764060672 1513209474796486655
1513209474796486656 4609434218613702656 1513209474796486656
1513209474796486656 9142307243562106881 1513209474796486656
1515461274610171903 1515461274610171904 1515461274610171903
1515461274610171904 1515461274610171904 0
1515461274610171905 1515461274610171904 1279022294173220864
1517713074423857153 253702779008537941 68679894317400064
1517713074423857153 4609434218613702656 1517713074423857153
1519964874237542399 1519964874237542400 1519964874237542399
1519964874237542400 1519964874237542400 0
1519964874237542401 1519964874237542400 1283525893800591360
1523717873927017813 585467951558164479 582840851775531690
1523717873927017813 4609434218613702656 1523717873927017813
1524468473864912895 1524468473864912896 1524468473864912895
1524468473864912896 1524468473864912896 0
1524468473864912897 1524468473864912896 1288029493427961856
1528972073492283391 1528972073492283392 1528972073492283391
1528972073492283392 1528972073492283392 0
1528972073492283393 1528972073492283392 1292533093055332352
1531223873305968639 909727124728840192 0
1531223873305968639 4609434218613702656 1531223873305968639
1531223873305968640 1238489897526886401 1062849512059437056
1531223873305968640 4609434218613702656 1531223873305968640
1533475673119653887 1533475673119653888 1533475673119653887
1533475673119653888 1533475673119653888 0
1533475673119653889 1533475673119653888 1297036692682702848
1535727472933339137 1568753870200722773 1535727472933339137
1535727472933339137 4609434218613702656 1535727472933339137
1537979272747024383 1537979272747024384 1537979272747024383
1537979272747024384 1537979272747024384 0
1537979272747024385 1537979272747024384 1301540292310073344
1541732272436499797 1900519042750349311 1541732272436499797
1541732272436499797 4609434218613702656 1541732272436499797
1542482872374394879 1542482872374394880 1542482872374394879
1542482872374394880 1542482872374394880 0
1542482872374394881 1542482872374394880 1306043891937443840
1542975320594910862 8785698980174428638 1542975320594910862
1546986472001765375 1546986472001765376 1546986472001765375
1546986472001765376 1546986472001765376 0
1546986472001765377 1546986472001765376 1310547491564814336
1548817050954141183 5026136927622090863 1548817050954141183
1549238271815450623 2224778215921025024 1549238271815450623
1549238271815450623 4609434218613702656 1549238271815450623
1549238271815450624 2553540988719071233 1549238271815450624
1549238271815450624 4609434218613702656 1549238271815450624
1551490071629135871 1551490071629135872 1551490071629135871
1551490071629135872 1551490071629135872 0
1551490071629135873 1551490071629135872 1315051091192184832
1553470185434840575 4085660481009561636 1553470185434840575
1553741871442821121 2883804961392907605 1553741871442821121
1553741871442821121 4609434218613702656 1553741871442821121
1555993671256506367 1555993671256506368 1555993671256506367
1555993671256506368 1555993671256506368 0
1555993671256506369 1555993671256506368 1319554690819555328
1559746670945981781 3215570133942534143 1559746670945981781
1559746670945981781 4609434218613702656 1559746670945981781
1560497270883876863 1560497270883876864 1560497270883876863
1560497270883876864 1560497270883876864 0
1560497270883876865 1560497270883876864 1324058290446925824
1565000870511247359 1565000870511247360 1565000870511247359
1565000870511247360 1565000870511247360 0
1565000870511247361 1565000870511247360 1328561890074296320
1567252670324932607 3539829307113209856 1567252670324932607
1567252670324932607 4609434218613702656 1567252670324932607
1567252670324932608 3868592079911256065 1567252670324932608
1567252670324932608 4609434218613702656 1567252670324932608
1569504470138617855 1569504470138617856 1569504470138617855
1569504470138617856 1569504470138617856 0
1569504470138617857 1569504470138617856 1333065489701666816
1570774503842114917 6308856872739343592 1570774503842114917
1571756269952303105 4198856052585092437 1571756269952303105
1571756269952303105 4609434218613702656 1571756269952303105
1574008069765988351 1574008069765988352 1574008069765988351
1574008069765988352 1574008069765988352 0
1574008069765988353 1574008069765988352 1337569089329037312
1577761069455463765 4530621225134718975 1577761069455463765
1577761069455463765 4609434218613702656 1577761069455463765
1578511669393358847 1578511669393358848 1578511669393358847
1578511669393358848 1578511669393358848 0
1578511669393358849 1578511669393358848 1342072688956407808
1583015269020729343 1583015269020729344 1583015269020729343
1583015269020729344 1583015269020729344 0
1583015269020729345 1583015269020729344 1346576288583778304
1585267068834414591 4609434218613702656 1585267068834414591
1585267068834414591 4854880398305394688 1585267068834414591
1585267068834414592 4609434218613702656 1585267068834414592
1585267068834414592 5183643171103440897 1585267068834414592
1587518868648099839 1587518868648099840 1587518868648099839
1587518868648099840 1587518868648099840 0
1587518868648099841 1587518868648099840 1351079888211148800
1589770668461785089 4609434218613702656 1589770668461785089
1589770668461785089 5513907143777277269 1589770668461785089
1592022468275470335 1592022468275470336 1592022468275470335
1592022468275470336 1592022468275470336 0
1592022468275470337 1592022468275470336 1355583487838519296
1593142389673593189 1434741817341977442 1432991334736125238
1595775467964945749 4609434218613702656 1595775467964945749
1595775467964945749 5845672316326903807 1595775467964945749
1596526067902840831 1596526067902840832 1596526067902840831
1596526067902840832 1596526067902840832 0
1596526067902840833 1596526067902840832 1360087087465889792
1601029667530211327 1601029667530211328 1601029667530211327
1601029667530211328 1601029667530211328 0
1601029667530211329 1601029667530211328 1364590687093260288
1603281467343896575 4609434218613702656 1603281467343896575
1603281467343896575 6169931489497579520 1603281467343896575
1603281467343896576 4609434218613702656 1603281467343896576
1603281467343896576 6498694262295625729 1603281467343896576
1605533267157581823 1605533267157581824 1605533267157581823
1605533267157581824 1605533267157581824 0
1605533267157581825 1605533267157581824 1369094286720630784
1607785066971267073 4609434218613702656 1607785066971267073
1607785066971267073 6828958234969462101 1607785066971267073
1610036866784952319 1610036866784952320 1610036866784952319
1610036866784952320 1610036866784952320 0
1610036866784952321 1610036866784952320 1373597886348001280
1610076898232316480 8863617457258975467 1610076898232316480
1613275697185943378 6380905381447278970 1613275697185943378
1613789866474427733 4609434218613702656 1613789866474427733
1613789866474427733 7160723407519088639 1613789866474427733
1614540466412322815 1614540466412322816 1614540466412322815
1614540466412322816 1614540466412322816 0
1614540466412322817 1614540466412322816 1378101485975371776
1619044066039693311 1619044066039693312 1619044066039693311
1619044066039693312 1619044066039693312 0
1619044066039693313 1619044066039693312 1382605085602742272
1621295865853378559 4609434218613702656 1621295865853378559
1621295865853378559 7484982580689764352 1621295865853378559
1621295865853378560 4609434218613702656 1621295865853378560
1621295865853378560 7813745353487810561 1621295865853378560
1623547665667063807 1623547665667063808 1623547665667063807
1623547665667063808 1623547665667063808 0
1623547665667063809 1623547665667063808 1387108685230112768
1625799465480749057 4609434218613702656 1625799465480749057
1625799465480749057 8144009326161646933 1625799465480749057
1626724629113886097 6057496189361604003 1626724629113886097
1628051265294434303 1628051265294434304 1628051265294434303
1628051265294434304 1628051265294434304 0
1628051265294434305 1628051265294434304 1391612284857483264
1631804264983909717 4609434218613702656 1631804264983909717
1631804264983909717 8475774498711273471 1631804264983909717
1632554864921804799 1632554864921804800 1632554864921804799
1632554864921804800 1632554864921804800 0
1632554864921804801 1632554864921804800 1396115884484853760
1637058464549175295 1637058464549175296 1637058464549175295
1637058464549175296 1637058464549175296 0
1637058464549175297 1637058464549175296 1400619484112224256
1639310264362860543 4609434218613702656 1639310264362860543
1639310264362860543 8800033671881949184 1639310264362860543
1639310264362860544 4609434218613702656 1639310264362860544
1639310264362860544 9128796444679995393 1639310264362860544
1640154509837992047 3968761898352240316 1640154509837992047
1641562064176545791 1641562064176545792 1641562064176545791
1641562064176545792 1641562064176545792 0
1641562064176545793 1641562064176545792 1405123083739594752
1643813863990231041 240191980126426453 194780683883773952
1643813863990231041 4609434218613702656 1643813863990231041
1646065663803916287 1646065663803916288 1646065663803916287
1646065663803916288 1646065663803916288 0
1646065663803916289 1646065663803916288 1409626683366965248
1647496387941157051 2922926020987030116 1647496387941157051
1647882514931421374 8120682995594079791 1647882514931421374
1649818663493391701 571957152676052991 568954753013951146
1649818663493391701 4609434218613702656 1649818663493391701
1649892687036171770 424223021342383308 405486683716602944
1650569263431286783 1650569263431286784 1650569263431286783
1650569263431286784 1650569263431286784 0
1650569263431286785 1650569263431286784 1414130282994335744
1655072863058657279 1655072863058657280 1655072863058657279
1655072863058657280 1655072863058657280 0
1655072863058657281 1655072863058657280 1418633882621706240
1657324662872342527 896216325846728704 0
1657324662872342527 4609434218613702656 1657324662872342527
1657324662872342528 1224979098644774913 1188950301625810944
1657324662872342528 4609434218613702656 1657324662872342528
1659576462686027775 1659576462686027776 1659576462686027775
1659576462686027776 1659576462686027776 0
1659576462686027777 1659576462686027776 1423137482249076736
1661828262499713025 1555243071318611285 1428766981783289856
1661828262499713025 4609434218613702656 1661828262499713025
1664080062313398271 1664080062313398272 1664080062313398271
1664080062313398272 1664080062313398272 0
1664080062313398273 1664080062313398272 1427641081876447232
1667833062002873685 1887008243868237823 1667833062002873685
1667833062002873685 4609434218613702656 1667833062002873685
1668583661940768767 1668583661940768768 1668583661940768767
1668583661940768768 1668583661940768768 0
1668583661940768769 1668583661940768768 1432144681503817728
1670269408981373579 2689568117306730614 1670269408981373579
1673087261568139263 1673087261568139264 1673087261568139263
1673087261568139264 1673087261568139264 0
1673087261568139265 1673087261568139264 1436648281131188224
1675339061381824511 2211267417038913536 1675339061381824511
1675339061381824511 4609434218613702656 1675339061381824511
1675339061381824512 2540030189836959745 1675339061381824512
1675339061381824512 4609434218613702656 1675339061381824512
1677590861195509759 1677590861195509760 1677590861195509759
1677590861195509760 1677590861195509760 0
1677590861195509761 1677590861195509760 1441151880758558720
1679842661009195009 2870294162510796117 1679842661009195009
1679842661009195009 4609434218613702656 1679842661009195009
1682094460822880255 1682094460822880256 1682094460822880255
1682094460822880256 1682094460822880256 0
1682094460822880257 1682094460822880256 1445655480385929216
1685847460512355669 3202059335060422655 1685847460512355669
1685847460512355669 4609434218613702656 1685847460512355669
1686598060450250751 1686598060450250752 1686598060450250751
1686598060450250752 1686598060450250752 0
1686598060450250753 1686598060450250752 1450159080013299712
1691101660077621247 1691101660077621248 1691101660077621247
1691101660077621248 1691101660077621248 0
1691101660077621249 1691101660077621248 1454662679640670208
1691235236360578716 7466068908205158286 1691235236360578716
1693353459891306495 3526318508231098368 1693353459891306495
1693353459891306495 4609434218613702656 1693353459891306495
1693353459891306496 3855081281029144577 1693353459891306496
1693353459891306496 4609434218613702656 1693353459891306496
1695605259704991743 1695605259704991744 1695605259704991743
1695605259704991744 1695605259704991744 0
1695605259704991745 1695605259704991744 1459166279268040704
1697809299856951564 243525286845765161 235435561313979520
1697857059518676993 4185345253702980949 1697857059518676993
1697857059518676993 4609434218613702656 1697857059518676993
1700108859332362239 1700108859332362240 1700108859332362239
1700108859332362240 1700108859332362240 0
1700108859332362241 1700108859332362240 1463669878895411200
1703861859021837653 4517110426252607487 1703861859021837653
1703861859021837653 4609434218613702656 1703861859021837653
1704612458959732735 1704612458959732736 1704612458959732735
1704612458959732736 1704612458959732736 0
1704612458959732737 1704612458959732736 1468173478522781696
1709116058587103231 1709116058587103232 1709116058587103231
1709116058587103232 1709116058587103232 0
1709116058587103233 1709116058587103232 1472677078150152192
1709961529282342671 1910214674506875164 1709961529282342671
1711367858400788479 4609434218613702656 1711367858400788479
1711367858400788479 4841369599423283200 1711367858400788479
1711367858400788480 4609434218613702656 1711367858400788480
1711367858400788480 5170132372221329409 1711367858400788480
1713619658214473727 1713619658214473728 1713619658214473727
1713619658214473728 1713619658214473728 0
1713619658214473729 1713619658214473728 1477180677777522688
1715871458028158977 4609434218613702656 1715871458028158977
1715871458028158977 5500396344895165781 1715871458028158977
1718123257841844223 1718123257841844224 1718123257841844223
1718123257841844224 1718123257841844224 0
1718123257841844225 1718123257841844224 1481684277404893184
1720494621133132798 2233391656518395440 1720494621133132798
1721876257531319637 4609434218613702656 1721876257531319637
1721876257531319637 5832161517444792319 1721876257531319637
1722626857469214719 1722626857469214720 1722626857469214719
1722626857469214720 1722626857469214720 0
1722626857469214721 1722626857469214720 1486187877032263680
1727130457096585215 1727130457096585216 1727130457096585215
1727130457096585216 1727130457096585216 0
1727130457096585217 1727130457096585216 1490691476659634176
1729382256910270463 4609434218613702656 1729382256910270463
1729382256910270463 6156420690615468032 1729382256910270463
1729382256910270464 4609434218613702656 1729382256910270464
1729382256910270464 6485183463413514241 1729382256910270464
1731634056723955711 1731634056723955712 1731634056723955711
1731634056723955712 1731634056723955712 0
1731634056723955713 1731634056723955712 1495195076287004672
1733885856537640961 4609434218613702656 1733885856537640961
1733885856537640961 6815447436087350613 1733885856537640961
1736137656351326207 1736137656351326208 1736137656351326207
1736137656351326208 1736137656351326208 0
1736137656351326209 1736137656351326208 1499698675914375168
1739890656040801621 4609434218613702656 1739890656040801621
1739890656040801621 7147212608636977151 1739890656040801621
1740641255978696703 1740641255978696704 1740641255978696703
1740641255978696704 1740641255978696704 0
1740641255978696705 1740641255978696704 1504202275541745664
1745144855606067199 1745144855606067200 1745144855606067199
1745144855606067200 1745144855606067200 0
1745144855606067201 1745144855606067200 1508705875169116160
1747396655419752447 4609434218613702656 1747396655419752447
1747396655419752447 7471471781807652864 1747396655419752447
1747396655419752448 4609434218613702656 1747396655419752448
1747396655419752448 7800234554605699073 1747396655419752448
1748438896008428638 2673521494855561594 1748438896008428638
1749648455233437695 1749648455233437696 1749648455233437695
1749648455233437696 1749648455233437696 0
1749648455233437697 1749648455233437696 1513209474796486656
1751900255047122945 4609434218613702656 1751900255047122945
1751900255047122945 8130498527279535445 1751900255047122945
1754152054860808191 1754152054860808192 1754152054860808191
1754152054860808192 1754152054860808192 0
1754152054860808193 1754152054860808192 1517713074423857152
1757905054550283605 4609434218613702656 1757905054550283605
1757905054550283605 8462263699829161983 1757905054550283605
1758655654488178687 1758655654488178688 1758655654488178687
1758655654488178688 1758655654488178688 0
1758655654488178689 1758655654488178688 1522216674051227648
1763159254115549183 1763159254115549184 1763159254115549183
1763159254115549184 1763159254115549184 0
1763159254115549185 1763159254115549184 1526720273678598144
1765411053929234431 4609434218613702656 1765411053929234431
1765411053929234431 8786522872999837696 1765411053929234431
1765411053929234432 4609434218613702656 1765411053929234432
1765411053929234432 9115285645797883905 1765411053929234432
1767662853742919679 1767662853742919680 1767662853742919679
1767662853742919680 1767662853742919680 0
1767662853742919681 1767662853742919680 1531223873305968640
1769914653556604929 226681181244314965 77687093572141056
1769914653556604929 4609434218613702656 1769914653556604929
1772166453370290175 1772166453370290176 1772166453370290175
1772166453370290176 1772166453370290176 0
1772166453370290177 1772166453370290176 1535727472933339136
1775919453059765589 558446353793941503 555443954042361194
1775919453059765589 4609434218613702656 1775919453059765589
1776670052997660671 1776670052997660672 1776670052997660671
1776670052997660672 1776670052997660672 0
1776670052997660673 1776670052997660672 1540231072560709632
1778368253163062023 7685257998037644434 1778368253163062023
1781173652625031167 1781173652625031168 1781173652625031167
1781173652625031168 1781173652625031168 0
1781173652625031169 1781173652625031168 1544734672188080128
1783425452438716415 882705526964617216 0
1783425452438716415 4609434218613702656 1783425452438716415
1783425452438716416 1211468299762663425 1211468299745886210
1783425452438716416 4609434218613702656 1783425452438716416
1785677252252401663 1785677252252401664 1785677252252401663
1785677252252401664 1785677252252401664 0
1785677252252401665 1785677252252401664 1549238271815450624
1787929052066086913 1541732272436499797 1537228672809129306
1787929052066086913 4609434218613702656 1787929052066086913
1790180851879772159 1790180851879772160 1790180851879772159
1790180851879772160 1790180851879772160 0
1790180851879772161 1790180851879772160 1553741871442821120
1793933851569247573 1873497444986126335 1793933851569247573
1793933851569247573 4609434218613702656 1793933851569247573
1794684451507142655 1794684451507142656 1794684451507142655
1794684451507142656 1794684451507142656 0
1794684451507142657 1794684451507142656 1558245471070191616
1799188051134513151 1799188051134513152 1799188051134513151
1799188051134513152 1799188051134513152 0
1799188051134513153 1799188051134513152 1562749070697562112
1801439850948198399 2197756618156802048 1801439850948198399
1801439850948198399 4609434218613702656 1801439850948198399
1801439850948198400 2526519390954848257 1801439850948198400
1801439850948198400 4609434218613702656 1801439850948198400
1803691650761883647 1803691650761883648 1803691650761883647
1803691650761883648 1803691650761883648 0
1803691650761883649 1803691650761883648 1567252670324932608
1805943450575568897 2856783363628684629 1805943450575568897
1805943450575568897 4609434218613702656 1805943450575568897
1808195250389254143 1808195250389254144 1808195250389254143
1808195250389254144 1808195250389254144 0
1808195250389254145 1808195250389254144 1571756269952303104
1808971742168286354 6407342682545241160 1808971742168286354
1811948250078729557 3188548536178311167 1811948250078729557
1811948250078729557 4609434218613702656 1811948250078729557
1812698850016624639 1812698850016624640 1812698850016624639
1812698850016624640 1812698850016624640 0
1812698850016624641 1812698850016624640 1576259869579673600
1817202449643995135 1817202449643995136 1817202449643995135
1817202449643995136 1817202449643995136 0
1817202449643995137 1817202449643995136 1580763469207044096
1819454249457680383 3512807709348986880 1819454249457680383
1819454249457680383 4609434218613702656 1819454249457680383
1819454249457680384 3841570482147033089 1819454249457680384
1819454249457680384 4609434218613702656 1819454249457680384
1821706049271365631 1821706049271365632 1821706049271365631
1821706049271365632 1821706049271365632 0
1821706049271365633 1821706049271365632 1585267068834414592
1823957849085050881 4171834454820869461 1823957849085050881
1823957849085050881 4609434218613702656 1823957849085050881
1826209648898736127 1826209648898736128 1826209648898736127
1826209648898736128 1826209648898736128 0
1826209648898736129 1826209648898736128 1589770668461785088
1829962648588211541 4503599627370495999 1829962648588211541
1829962648588211541 4609434218613702656 1829962648588211541
1830713248526106623 1830713248526106624 1830713248526106623
1830713248526106624 1830713248526106624 0
1830713248526106625 1830713248526106624 1594274268089155584
1832405325142340549 857079079207440847 845042180008105776
1835216848153477119 1835216848153477120 1835216848153477119
1835216848153477120 1835216848153477120 0
1835216848153477121 1835216848153477120 1598777867716526080
1837468647967162367 4609434218613702656 1837468647967162367
1837468647967162367 4827858800541171712 1837468647967162367
1837468647967162368 4609434218613702656 1837468647967162368
1837468647967162368 5156621573339217921 1837468647967162368
1839720447780847615 1839720447780847616 1839720447780847615
1839720447780847616 1839720447780847616 0
1839720447780847617 1839720447780847616 1603281467343896576
1841972247594532865 4609434218613702656 1841972247594532865
1841972247594532865 5486885546013054293 1841972247594532865
1844224047408218111 1844224047408218112 1844224047408218111
1844224047408218112 1844224047408218112 0
1844224047408218113 1844224047408218112 1607785066971267072
1844705368267315235 4603954405041166245 1844705368267315235
1847977047097693525 4609434218613702656 1847977047097693525
1847977047097693525 5818650718562680831 1847977047097693525
1848727647035588607 1848727647035588608 1848727647035588607
1848727647035588608 1848727647035588608 0
1848727647035588609 1848727647035588608 1612288666598637568
1853231246662959103 1853231246662959104 1853231246662959103
1853231246662959104 1853231246662959104 0
1853231246662959105 1853231246662959104 1616792266226008064
1855483046476644351 4609434218613702656 1855483046476644351
1855483046476644351 6142909891733356544 1855483046476644351
1855483046476644352 4609434218613702656 1855483046476644352
1855483046476644352 6471672664531402753 1855483046476644352
1857734846290329599 1857734846290329600 1857734846290329599
1857734846290329600 1857734846290329600 0
1857734846290329601 1857734846290329600 1621295865853378560
1859986646104014849 4609434218613702656 1859986646104014849
1859986646104014849 6801936637205239125 1859986646104014849
1862238445917700095 1862238445917700096 1862238445917700095
1862238445917700096 1862238445917700096 0
1862238445917700097 1862238445917700096 1625799465480749056
1865991445607175509 4609434218613702656 1865991445607175509
1865991445607175509 7133701809754865663 1865991445607175509
1866049994931492103 1741260448347358220 1738129725277906424
1866742045545070591 1866742045545070592 1866742045545070591
1866742045545070592 1866742045545070592 0
1866742045545070593 1866742045545070592 1630303065108119552
1871245645172441087 1871245645172441088 1871245645172441087
1871245645172441088 1871245645172441088 0
1871245645172441089 1871245645172441088 1634806664735490048
1873497444986126335 4609434218613702656 1873497444986126335
1873497444986126335 7457960982925541376 1873497444986126335
1873497444986126336 4609434218613702656 1873497444986126336
1873497444986126336 7786723755723587585 1873497444986126336
1875749244799811583 1875749244799811584 1875749244799811583
1875749244799811584 1875749244799811584 0
1875749244799811585 1875749244799811584 1639310264362860544
1878001044613496833 4609434218613702656 1878001044613496833
1878001044613496833 8116987728397423957 1878001044613496833
1880252844427182079 1880252844427182080 1880252844427182079
1880252844427182080 1880252844427182080 0
1880252844427182081 1880252844427182080 1643813863990231040
1884005844116657493 4609434218613702656 1884005844116657493
1884005844116657493 8448752900947050495 1884005844116657493
1884756444054552575 1884756444054552576 1884756444054552575
1884756444054552576 1884756444054552576 0
1884756444054552577 1884756444054552576 1648317463617601536
1889260043681923071 1889260043681923072 1889260043681923071
1889260043681923072 1889260043681923072 0
1889260043681923073 1889260043681923072 1652821063244972032
1891511843495608319 4609434218613702656 1891511843495608319
1891511843495608319 8773012074117726208 1891511843495608319
1891511843495608320 4609434218613702656 1891511843495608320
1891511843495608320 9101774846915772417 1891511843495608320
1893763643309293567 1893763643309293568 1893763643309293567
1893763643309293568 1893763643309293568 0
1893763643309293569 1893763643309293568 1657324662872342528
1896015443122978817 213170382362203477 203787883138514944
1896015443122978817 4609434218613702656 1896015443122978817
1898267242936664063 1898267242936664064 1898267242936664063
1898267242936664064 1898267242936664064 0
1898267242936664065 1898267242936664064 1661828262499713024
1902020242626139477 544935554911830015 537429647158848170
1902020242626139477 4609434218613702656 1902020242626139477
1902770842564034559 1902770842564034560 1902770842564034559
1902770842564034560 1902770842564034560 0
1902770842564034561 1902770842564034560 1666331862127083520
1907274442191405055 1907274442191405056 1907274442191405055
1907274442191405056 1907274442191405056 0
1907274442191405057 1907274442191405056 1670835461754454016
1909526242005090303 869194728082505728 0
1909526242005090303 4609434218613702656 1909526242005090303
1909526242005090304 1197957500880551937 972777519512027136
1909526242005090304 4609434218613702656 1909526242005090304
1911778041818775551 1911778041818775552 1911778041818775551
1911778041818775552 1911778041818775552 0
1911778041818775553 1911778041818775552 1675339061381824512
1914029841632460801 1528221473554388309 1437774181038030848
1914029841632460801 4609434218613702656 1914029841632460801
1916281641446146047 1916281641446146048 1916281641446146047
1916281641446146048 1916281641446146048 0
1916281641446146049 1916281641446146048 1679842661009195008
1920034641135621461 1859986646104014847 1856984246352439978
1920034641135621461 4609434218613702656 1920034641135621461
1920785241073516543 1920785241073516544 1920785241073516543
1920785241073516544 1920785241073516544 0
1920785241073516545 1920785241073516544 1684346260636565504
1925288840700887039 1925288840700887040 1925288840700887039
1925288840700887040 1925288840700887040 0
1925288840700887041 1925288840700887040 1688849860263936000
1927540640514572287 2184245819274690560 1927540640514572287
1927540640514572287 4609434218613702656 1927540640514572287
1927540640514572288 2513008592072736769 1927540640514572288
1927540640514572288 4609434218613702656 1927540640514572288
1929792440328257535 1929792440328257536 1929792440328257535
1929792440328257536 1929792440328257536 0
1929792440328257537 1929792440328257536 1693353459891306496
1931201907594316666 5727620670847432713 1931201907594316666
1932044240141942785 2843272564746573141 1932044240141942785
1932044240141942785 4609434218613702656 1932044240141942785
1934296039955628031 1934296039955628032 1934296039955628031
1934296039955628032 1934296039955628032 0
1934296039955628033 1934296039955628032 1697857059518676992
1935782247084478837 3482812885424775600 1935782247084478837
1938049039645103445 3175037737296199679 1938049039645103445
1938049039645103445 4609434218613702656 1938049039645103445
1938799639582998527 1938799639582998528 1938799639582998527
1938799639582998528 1938799639582998528 0
1938799639582998529 1938799639582998528 1702360659146047488
1943303239210369023 1943303239210369024 1943303239210369023
1943303239210369024 1943303239210369024 0
1943303239210369025 1943303239210369024 1706864258773417984
1945555039024054271 3499296910466875392 1945555039024054271
1945555039024054271 4609434218613702656 1945555039024054271
1945555039024054272 3828059683264921601 1945555039024054272
1945555039024054272 4609434218613702656 1945555039024054272
1947806838837739519 1947806838837739520 1947806838837739519
1947806838837739520 1947806838837739520 0
1947806838837739521 1947806838837739520 1711367858400788480
1950058638651424769 4158323655938757973 1950058638651424769
1950058638651424769 4609434218613702656 1950058638651424769
1952310438465110015 1952310438465110016 1952310438465110015
1952310438465110016 1952310438465110016 0
1952310438465110017 1952310438465110016 1715871458028158976
1953135157028843668 916683118850500216 916605340724671160
1953525498097404004 849708167656531502 847605689410093776
1956063438154585429 4490088828488384511 1956063438154585429
1956063438154585429 4609434218613702656 1956063438154585429
1956814038092480511 1956814038092480512 1956814038092480511
1956814038092480512 1956814038092480512 0
1956814038092480513 1956814038092480512 1720375057655529472
1961317637719851007 1961317637719851008 1961317637719851007
1961317637719851008 1961317637719851008 0
1961317637719851009 1961317637719851008 1724878657282899968
1963569437533536255 4609434218613702656 1963569437533536255
1963569437533536255 4814348001659060224 1963569437533536255
1963569437533536256 4609434218613702656 1963569437533536256
1963569437533536256 5143110774457106433 1963569437533536256
1965821237347221503 1965821237347221504 1965821237347221503
1965821237347221504 1965821237347221504 0
1965821237347221505 1965821237347221504 1729382256910270464
1968073037160906753 4609434218613702656 1968073037160906753
1968073037160906753 5473374747130942805 1968073037160906753
1970324836974591999 1970324836974592000 1970324836974591999
1970324836974592000 1970324836974592000 0
1970324836974592001 1970324836974592000 1733885856537640960
1974077836664067413 4609434218613702656 1974077836664067413
1974077836664067413 5805139919680569343 1974077836664067413
1974828436601962495 1974828436601962496 1974828436601962495
1974828436601962496 1974828436601962496 0
1974828436601962497 1974828436601962496 1738389456165011456
1979332036229332991 1979332036229332992 1979332036229332991
1979332036229332992 1979332036229332992 0
1979332036229332993 1979332036229332992 1742893055792381952
1981583836043018239 4609434218613702656 1981583836043018239
1981583836043018239 6129399092851245056 1981583836043018239
1981583836043018240 4609434218613702656 1981583836043018240
1981583836043018240 6458161865649291265 1981583836043018240
1983835635856703487 1983835635856703488 1983835635856703487
1983835635856703488 1983835635856703488 0
1983835635856703489 1983835635856703488 1747396655419752448
1986087435670388737 4609434218613702656 1986087435670388737
1986087435670388737 6788425838323127637 1986087435670388737
1988339235484073983 1988339235484073984 1988339235484073983
1988339235484073984 1988339235484073984 0
1988339235484073985 1988339235484073984 1751900255047122944
1992092235173549397 4609434218613702656 1992092235173549397
1992092235173549397 7120191010872754175 1992092235173549397
1992842835111444479 1992842835111444480 1992842835111444479
1992842835111444480 1992842835111444480 0
1992842835111444481 1992842835111444480 1756403854674493440
1997346434738814975 1997346434738814976 1997346434738814975
1997346434738814976 1997346434738814976 0
1997346434738814977 1997346434738814976 1760907454301863936
1999598234552500223 4609434218613702656 1999598234552500223
1999598234552500223 7444450184043429888 1999598234552500223
1999598234552500224 4609434218613702656 1999598234552500224
1999598234552500224 7773212956841476097 1999598234552500224
2001850034366185471 2001850034366185472 2001850034366185471
2001850034366185472 2001850034366185472 0
2001850034366185473 2001850034366185472 1765411053929234432
2004101834179870721 4609434218613702656 2004101834179870721
2004101834179870721 8103476929515312469 2004101834179870721
2005498818533908050 1623803635376830352 1622444428704262112
2006353633993555967 2006353633993555968 2006353633993555967
2006353633993555968 2006353633993555968 0
2006353633993555969 2006353633993555968 1769914653556604928
2010106633683031381 4609434218613702656 2010106633683031381
2010106633683031381 8435242102064939007 2010106633683031381
2010857233620926463 2010857233620926464 2010857233620926463
2010857233620926464 2010857233620926464 0
2010857233620926465 2010857233620926464 1774418253183975424
2012880401311727714 1138473792352148675 1134489960326980596
2015360833248296959 2015360833248296960 2015360833248296959
2015360833248296960 2015360833248296960 0
2015360833248296961 2015360833248296960 1778921852811345920
2017612633061982207 4609434218613702656 2017612633061982207
2017612633061982207 8759501275235614720 2017612633061982207
2017612633061982208 4609434218613702656 2017612633061982208
2017612633061982208 9088264048033660929 2017612633061982208
2019864432875667455 2019864432875667456 2019864432875667455
2019864432875667456 2019864432875667456 0
2019864432875667457 2019864432875667456 1783425452438716416
2020167044708164493 2305051999116952419 2020167044708164493
2022116232689352705 199659583480091989 86694292826882048
2022116232689352705 4609434218613702656 2022116232689352705
2024368032503037951 2024368032503037952 2024368032503037951
2024368032503037952 2024368032503037952 0
2024368032503037953 2024368032503037952 1787929052066086912
2028121032192513365 531424756029718527 523918756650789546
2028121032192513365 4609434218613702656 2028121032192513365
2028871632130408447 2028871632130408448 2028871632130408447
2028871632130408448 2028871632130408448 0
2028871632130408449 2028871632130408448 1792432651693457408
2033375231757778943 2033375231757778944 2033375231757778943
2033375231757778944 2033375231757778944 0
2033375231757778945 2033375231757778944 1796936251320827904
2035627031571464191 855683929200394240 0
2035627031571464191 4609434218613702656 2035627031571464191
2035627031571464192 1184446701998440449 1098878309078401024
2035627031571464192 4609434218613702656 2035627031571464192
2037878831385149439 2037878831385149440 2037878831385149439
2037878831385149440 2037878831385149440 0
2037878831385149441 2037878831385149440 1801439850948198400
2040130631198834689 1514710674672276821 1320680590726397952
2040130631198834689 4609434218613702656 2040130631198834689
2042382431012519935 2042382431012519936 2042382431012519935
2042382431012519936 2042382431012519936 0
2042382431012519937 2042382431012519936 1805943450575568896
2046135430701995349 1846475847221903359 1838993304091011754
2046135430701995349 4609434218613702656 2046135430701995349
2046886030639890431 2046886030639890432 2046886030639890431
2046886030639890432 2046886030639890432 0
2046886030639890433 2046886030639890432 1810447050202939392
2051389630267260927 2051389630267260928 2051389630267260927
2051389630267260928 2051389630267260928 0
2051389630267260929 2051389630267260928 1814950649830309888
2053641430080946175 2170735020392579072 2053641430080946175
2053641430080946175 4609434218613702656 2053641430080946175
2053641430080946176 2499497793190625281 2053641430080946176
2053641430080946176 4609434218613702656 2053641430080946176
2055893229894631423 2055893229894631424 2055893229894631423
2055893229894631424 2055893229894631424 0
2055893229894631425 2055893229894631424 1819454249457680384
2058145029708316673 2829761765864461653 2058145029708316673
2058145029708316673 4609434218613702656 2058145029708316673
2060396829522001919 2060396829522001920 2060396829522001919
2060396829522001920 2060396829522001920 0
2060396829522001921 2060396829522001920 1823957849085050880
2064149829211477333 3161526938414088191 2064149829211477333
2064149829211477333 4609434218613702656 2064149829211477333
2064900429149372415 2064900429149372416 2064900429149372415
2064900429149372416 2064900429149372416 0
2064900429149372417 2064900429149372416 1828461448712421376
2069404028776742911 2069404028776742912 2069404028776742911
2069404028776742912 2069404028776742912 0
2069404028776742913 2069404028776742912 1832965048339791872
2071655828590428159 3485786111584763904 2071655828590428159
2071655828590428159 4609434218613702656 2071655828590428159
2071655828590428160 3814548884382810113 2071655828590428160
2071655828590428160 4609434218613702656 2071655828590428160
2073907628404113407 2073907628404113408 2073907628404113407
2073907628404113408 2073907628404113408 0
2073907628404113409 2073907628404113408 1837468647967162368
2076159428217798657 4144812857056646485 2076159428217798657
2076159428217798657 4609434218613702656 2076159428217798657
2078411228031483903 2078411228031483904 2078411228031483903
2078411228031483904 2078411228031483904 0
2078411228031483905 2078411228031483904 1841972247594532864
2082150051332410114 7872769757533573512 2082150051332410114
2082164227720959317 4476578029606273023 2082164227720959317
2082164227720959317 4609434218613702656 2082164227720959317
2082914827658854399 2082914827658854400 2082914827658854399
2082914827658854400 2082914827658854400 0
2082914827658854401 2082914827658854400 1846475847221903360
2083287412492703117 606786807921778076 597499620575886096
2087418427286224895 2087418427286224896 2087418427286224895
2087418427286224896 2087418427286224896 0
2087418427286224897 2087418427286224896 1850979446849273856
2089670227099910143 4609434218613702656 2089670227099910143
2089670227099910143 4800837202776948736 2089670227099910143
2089670227099910144 4609434218613702656 2089670227099910144
2089670227099910144 5129599975574994945 2089670227099910144
2091922026913595391 2091922026913595392 2091922026913595391
2091922026913595392 2091922026913595392 0
2091922026913595393 2091922026913595392 1855483046476644352
2094173826727280641 4609434218613702656 2094173826727280641
2094173826727280641 5459863948248831317 2094173826727280641
2096425626540965887 2096425626540965888 2096425626540965887
2096425626540965888 2096425626540965888 0
2096425626540965889 2096425626540965888 1859986646104014848
2100178626230441301 4609434218613702656 2100178626230441301
2100178626230441301 5791629120798457855 2100178626230441301
2100929226168336383 2100929226168336384 2100929226168336383
2100929226168336384 2100929226168336384 0
2100929226168336385 2100929226168336384 1864490245731385344
2101162903497174793 1449001488430974420 1447041702901061516
2105432825795706879 2105432825795706880 2105432825795706879
2105432825795706880 2105432825795706880 0
2105432825795706881 2105432825795706880 1868993845358755840
2107684625609392127 4609434218613702656 2107684625609392127
2107684625609392127 6115888293969133568 2107684625609392127
2107684625609392128 4609434218613702656 2107684625609392128
2107684625609392128 6444651066767179777 2107684625609392128
2109936425423077375 2109936425423077376 2109936425423077375
2109936425423077376 2109936425423077376 0
2109936425423077377 2109936425423077376 1873497444986126336
2112188225236762625 4609434218613702656 2112188225236762625
2112188225236762625 6774915039441016149 2112188225236762625
2114440025050447871 2114440025050447872 2114440025050447871
2114440025050447872 2114440025050447872 0
2114440025050447873 2114440025050447872 1878001044613496832
2118193024739923285 4609434218613702656 2118193024739923285
2118193024739923285 7106680211990642687 2118193024739923285
2118943624677818367 2118943624677818368 2118943624677818367
2118943624677818368 2118943624677818368 0
2118943624677818369 2118943624677818368 1882504644240867328
2123447224305188863 2123447224305188864 2123447224305188863
2123447224305188864 2123447224305188864 0
2123447224305188865 2123447224305188864 1887008243868237824
2124470981286898600 1173243386553644378 1167486085090071208
2125699024118874111 4609434218613702656 2125699024118874111
2125699024118874111 7430939385161318400 2125699024118874111
2125699024118874112 4609434218613702656 2125699024118874112
2125699024118874112 7759702157959364609 2125699024118874112
2127950823932559359 2127950823932559360 2127950823932559359
2127950823932559360 2127950823932559360 0
2127950823932559361 2127950823932559360 1891511843495608320
2130202623746244609 4609434218613702656 2130202623746244609
2130202623746244609 8089966130633200981 2130202623746244609
2132454423559929855 2132454423559929856 2132454423559929855
2132454423559929856 2132454423559929856 0
2132454423559929857 2132454423559929856 1896015443122978816
2136207423249405269 4609434218613702656 2136207423249405269
2136207423249405269 8421731303182827519 2136207423249405269
2136958023187300351 2136958023187300352 2136958023187300351
2136958023187300352 2136958023187300352 0
2136958023187300353 2136958023187300352 1900519042750349312
2141461622814670847 2141461622814670848 2141461622814670847
2141461622814670848 2141461622814670848 0
2141461622814670849 2141461622814670848 1905022642377719808
2143713422628356095 4609434218613702656 2143713422628356095
2143713422628356095 8745990476353503232 2143713422628356095
2143713422628356096 4609434218613702656 2143713422628356096
2143713422628356096 9074753249151549441 2143713422628356096
2145965222442041343 2145965222442041344 2145965222442041343
2145965222442041344 2145965222442041344 0
2145965222442041345 2145965222442041344 1909526242005090304
2148217022255726593 186148784597980501 21990232555520
2148217022255726593 4609434218613702656 2148217022255726593
2150468822069411839 2150468822069411840 2150468822069411839
2150468822069411840 2150468822069411840 0
2150468822069411841 2150468822069411840 1914029841632460800
2154221821758887253 517913957147607039 514935013644085930
2154221821758887253 4609434218613702656 2154221821758887253
2154917590774933605 7169254176778148954 2154917590774933605
2154972421696782335 2154972421696782336 2154972421696782335
2154972421696782336 2154972421696782336 0
2154972421696782337 2154972421696782336 1918533441259831296
2159476021324152831 2159476021324152832 2159476021324152831
2159476021324152832 2159476021324152832 0
2159476021324152833 2159476021324152832 1923037040887201792
2161727821137838079 842173130318282752 0
2161727821137838079 4609434218613702656 2161727821137838079
2161727821137838080 1170935903116328961 1170935903116320770
2161727821137838080 4609434218613702656 2161727821137838080
2163979620951523327 2163979620951523328 2163979620951523327
2163979620951523328 2163979620951523328 0
2163979620951523329 2163979620951523328 1927540640514572288
2166231420765208577 1501199875790165333 1446781380292771840
2166231420765208577 4609434218613702656 2166231420765208577
2168483220578893823 2168483220578893824 2168483220578893823
2168483220578893824 2168483220578893824 0
2168483220578893825 2168483220578893824 1932044240141942784
2172236220268369237 1832965048339791871 1825459048966433450
2172236220268369237 4609434218613702656 2172236220268369237
2172665529783760767 5937146438824146147 2172665529783760767
2172986820206264319 2172986820206264320 2172986820206264319
2172986820206264320 2172986820206264320 0
2172986820206264321 2172986820206264320 1936547839769313280
2177490419833634815 2177490419833634816 2177490419833634815
2177490419833634816 2177490419833634816 0
2177490419833634817 2177490419833634816 1941051439396683776
2179742219647320063 2157224221510467584 2157224221510467552
2179742219647320063 4609434218613702656 2179742219647320063
2179742219647320064 2485986994308513793 2179742219647320064
2179742219647320064 4609434218613702656 2179742219647320064
2181994019461005311 2181994019461005312 2181994019461005311
2181994019461005312 2181994019461005312 0
2181994019461005313 2181994019461005312 1945555039024054272
2184245819274690561 2816250966982350165 2184245819274690561
2184245819274690561 4609434218613702656 2184245819274690561
2186288479930208222 6916640144992275710 2186288479930208222
2186497619088375807 2186497619088375808 2186497619088375807
2186497619088375808 2186497619088375808 0
2186497619088375809 2186497619088375808 1950058638651424768
2186910023611319707 255326202792667559 243286742242295816
2190250618777851221 3148016139531976703 2190250618777851221
2190250618777851221 4609434218613702656 2190250618777851221
2191001218715746303 2191001218715746304 2191001218715746303
2191001218715746304 2191001218715746304 0
2191001218715746305 2191001218715746304 1954562238278795264
2195504818343116799 2195504818343116800 2195504818343116799
2195504818343116800 2195504818343116800 0
2195504818343116801 2195504818343116800 1959065837906165760
2197756618156802047 3472275312702652416 2197756618156802047
2197756618156802047 4609434218613702656 2197756618156802047
2197756618156802048 3801038085500698625 2197756618156802048
2197756618156802048 4609434218613702656 2197756618156802048
2200008417970487295 2200008417970487296 2200008417970487295
2200008417970487296 2200008417970487296 0
2200008417970487297 2200008417970487296 1963569437533536256
2201224857307429185 7877511527299272546 2201224857307429185
2202260217784172545 4131302058174534997 2202260217784172545
2202260217784172545 4609434218613702656 2202260217784172545
2204512017597857791 2204512017597857792 2204512017597857791
2204512017597857792 2204512017597857792 0
2204512017597857793 2204512017597857792 1968073037160906752
2208265017287333205 4463067230724161535 2208265017287333205
2208265017287333205 4609434218613702656 2208265017287333205
2209015617225228287 2209015617225228288 2209015617225228287
2209015617225228288 2209015617225228288 0
2209015617225228289 2209015617225228288 1972576636788277248
2213519216852598783 2213519216852598784 2213519216852598783
2213519216852598784 2213519216852598784 0
2213519216852598785 2213519216852598784 1977080236415647744
2215771016666284031 4609434218613702656 2215771016666284031
2215771016666284031 4787326403894837248 2215771016666284031
2215771016666284032 4609434218613702656 2215771016666284032
2215771016666284032 5116089176692883457 2215771016666284032
2218022816479969279 2218022816479969280 2218022816479969279
2218022816479969280 2218022816479969280 0
2218022816479969281 2218022816479969280 1981583836043018240
2220274616293654529 4609434218613702656 2220274616293654529
2220274616293654529 5446353149366719829 2220274616293654529
2222526416107339775 2222526416107339776 2222526416107339775
2222526416107339776 2222526416107339776 0
2222526416107339777 2222526416107339776 1986087435670388736
2226279415796815189 4609434218613702656 2226279415796815189
2226279415796815189 5778118321916346367 2226279415796815189
2227030015734710271 2227030015734710272 2227030015734710271
2227030015734710272 2227030015734710272 0
2227030015734710273 2227030015734710272 1990591035297759232
2231533615362080767 2231533615362080768 2231533615362080767
2231533615362080768 2231533615362080768 0
2231533615362080769 2231533615362080768 1995094634925129728
2233785415175766015 4609434218613702656 2233785415175766015
2233785415175766015 6102377495087022080 2233785415175766015
2233785415175766016 4609434218613702656 2233785415175766016
2233785415175766016 6431140267885068289 2233785415175766016
2236037214989451263 2236037214989451264 2236037214989451263
2236037214989451264 2236037214989451264 0
2236037214989451265 2236037214989451264 1999598234552500224
2238289014803136513 4609434218613702656 2238289014803136513
2238289014803136513 6761404240558904661 2238289014803136513
2240540814616821759 2240540814616821760 2240540814616821759
2240540814616821760 2240540814616821760 0
2240540814616821761 2240540814616821760 2004101834179870720
2244293814306297173 4609434218613702656 2244293814306297173
2244293814306297173 7093169413108531199 2244293814306297173
2245044414244192255 2245044414244192256 2245044414244192255
2245044414244192256 2245044414244192256 0
2245044414244192257 2245044414244192256 2008605433807241216
2248809655302477264 3874211923377762352 2248809655302477264
2249548013871562751 2249548013871562752 2249548013871562751
2249548013871562752 2249548013871562752 0
2249548013871562753 2249548013871562752 2013109033434611712
2251799813685247999 4609434218613702656 2251799813685247999
2251799813685247999 7417428586279206912 2251799813685247999
2251799813685248000 4609434218613702656 2251799813685248000
2251799813685248000 7746191359077253121 2251799813685248000
2254051613498933247 2254051613498933248 2254051613498933247
2254051613498933248 2254051613498933248 0
2254051613498933249 2254051613498933248 2017612633061982208
2256303413312618497 4609434218613702656 2256303413312618497
2256303413312618497 8076455331751089493 2256303413312618497
2258436915934881488 8871524884141309815 2258436915934881488
2258555213126303743 2258555213126303744 2258555213126303743
2258555213126303744 2258555213126303744 0
2258555213126303745 2258555213126303744 2022116232689352704
2262308212815779157 4609434218613702656 2262308212815779157
2262308212815779157 8408220504300716031 2262308212815779157
2263058812753674239 2263058812753674240 2263058812753674239
2263058812753674240 2263058812753674240 0
2263058812753674241 2263058812753674240 2026619832316723200
2267562412381044735 2267562412381044736 2267562412381044735
2267562412381044736 2267562412381044736 0
2267562412381044737 2267562412381044736 2031123431944093696
2269814212194729983 4609434218613702656 2269814212194729983
2269814212194729983 8732479677471391744 2269814212194729983
2269814212194729984 4609434218613702656 2269814212194729984
2269814212194729984 9061242450269437953 2269814212194729984
2272066012008415231 2272066012008415232 2272066012008415231
2272066012008415232 2272066012008415232 0
2272066012008415233 2272066012008415232 2035627031571464192
2274317811822100481 172637985715869013 95701492081623040
2274317811822100481 4609434218613702656 2274317811822100481
2276569611635785727 2276569611635785728 2276569611635785727
2276569611635785728 2276569611635785728 0
2276569611635785729 2276569611635785728 2040130631198834688
2280322611325261141 504403158265495551 501400758519507626
2280322611325261141 4609434218613702656 2280322611325261141
2281073211263156223 2281073211263156224 2281073211263156223
2281073211263156224 2281073211263156224 0
2281073211263156225 2281073211263156224 2044634230826205184
2285576810890526719 2285576810890526720 2285576810890526719
2285576810890526720 2285576810890526720 0
2285576810890526721 2285576810890526720 2049137830453575680
2287828610704211967 828662331436171264 0
2287828610704211967 4609434218613702656 2287828610704211967
2287828610704211968 1157425104234217473 1157407512048173058
2287828610704211968 4609434218613702656 2287828610704211968
2290080410517897215 2290080410517897216 2290080410517897215
2290080410517897216 2290080410517897216 0
2290080410517897217 2290080410517897216 2053641430080946176
2292332210331582465 1487689076908053845 1329687789981138944
2292332210331582465 4609434218613702656 2292332210331582465
2294584010145267711 2294584010145267712 2294584010145267711
2294584010145267712 2294584010145267712 0
2294584010145267713 2294584010145267712 2058145029708316672
2298337009834743125 1819454249457680383 1811948250078729558
2298337009834743125 4609434218613702656 2298337009834743125
2299087609772638207 2299087609772638208 2299087609772638207
2299087609772638208 2299087609772638208 0
2299087609772638209 2299087609772638208 2062648629335687168
2302559269301650978 9007765756448864440 2302559269301650978
2303591209400008703 2303591209400008704 2303591209400008703
2303591209400008704 2303591209400008704 0
2303591209400008705 2303591209400008704 2067152228963057664
2305843009213693951 2143713422628356096 2143713353908879360
2305843009213693951 4609434218613702656 2305843009213693951
2305843009213693952 2472476195426402305 2305843009213693952
2305843009213693952 4609434218613702656 2305843009213693952
2308094809027379199 2308094809027379200 2308094809027379199
2308094809027379200 2308094809027379200 0
2308094809027379201 2308094809027379200 2071655828590428160
2310346608841064449 2802740168100238677 2310346608841064449
2310346608841064449 4609434218613702656 2310346608841064449
2312598408654749695 2312598408654749696 2312598408654749695
2312598408654749696 2312598408654749696 0
2312598408654749697 2312598408654749696 2076159428217798656
2316351408344225109 3134505340649865215 2316351408344225109
2316351408344225109 4609434218613702656 2316351408344225109
2317102008282120191 2317102008282120192 2317102008282120191
2317102008282120192 2317102008282120192 0
2317102008282120193 2317102008282120192 2080663027845169152
2321605607909490687 2321605607909490688 2321605607909490687
2321605607909490688 2321605607909490688 0
2321605607909490689 2321605607909490688 2085166627472539648
2323857407723175935 3458764513820540928 2323857407723175935
2323857407723175935 4609434218613702656 2323857407723175935
2323857407723175936 3787527286618587137 2323857407723175936
2323857407723175936 4609434218613702656 2323857407723175936
2326109207536861183 2326109207536861184 2326109207536861183
2326109207536861184 2326109207536861184 0
2326109207536861185 2326109207536861184 2089670227099910144
2328361007350546433 4117791259292423509 2328361007350546433
2328361007350546433 4609434218613702656 2328361007350546433
2330612807164231679 2330612807164231680 2330612807164231679
2330612807164231680 2330612807164231680 0
2330612807164231681 2330612807164231680 2094173826727280640
2334365806853707093 4449556431842050047 2334365806853707093
2334365806853707093 4609434218613702656 2334365806853707093
2335116406791602175 2335116406791602176 2335116406791602175
2335116406791602176 2335116406791602176 0
2335116406791602177 2335116406791602176 2098677426354651136
2339620006418972671 2339620006418972672 2339620006418972671
2339620006418972672 2339620006418972672 0
2339620006418972673 2339620006418972672 2103181025982021632
2341871806232657919 4609434218613702656 2341871806232657919
2341871806232657919 4773815605012725760 2341871806232657919
2341871806232657920 4609434218613702656 2341871806232657920
2341871806232657920 5102578377810771969 2341871806232657920
2344123606046343167 2344123606046343168 2344123606046343167
2344123606046343168 2344123606046343168 0
2344123606046343169 2344123606046343168 2107684625609392128
2346375405860028417 4609434218613702656 2346375405860028417
2346375405860028417 5432842350484608341 2346375405860028417
2346629673352976470 4931999945993860253 2346629673352976470
2348627205673713663 2348627205673713664 2348627205673713663
2348627205673713664 2348627205673713664 0
2348627205673713665 2348627205673713664 2112188225236762624
2352380205363189077 4609434218613702656 2352380205363189077
2352380205363189077 5764607523034234879 2352380205363189077
2353130805301084159 2353130805301084160 2353130805301084159
2353130805301084160 2353130805301084160 0
2353130805301084161 2353130805301084160 2116691824864133120
2357634404928454655 2357634404928454656 2357634404928454655
2357634404928454656 2357634404928454656 0
2357634404928454657 2357634404928454656 2121195424491503616
2358968161378401502 7539207393544369656 2358968161378401502
2359886204742139903 4609434218613702656 2359886204742139903
2359886204742139903 6088866696204910592 2359886204742139903
2359886204742139904 4609434218613702656 2359886204742139904
2359886204742139904 6417629469002956801 2359886204742139904
2362138004555825151 2362138004555825152 2362138004555825151
2362138004555825152 2362138004555825152 0
2362138004555825153 2362138004555825152 2125699024118874112
2363272347716024447 7801151015476581986 2363272347716024447
2364389804369510401 4609434218613702656 2364389804369510401
2364389804369510401 6747893441676793173 2364389804369510401
2366641604183195647 2366641604183195648 2366641604183195647
2366641604183195648 2366641604183195648 0
2366641604183195649 2366641604183195648 2130202623746244608
2370394603872671061 4609434218613702656 2370394603872671061
2370394603872671061 7079658614226419711 2370394603872671061
2371145203810566143 2371145203810566144 2371145203810566143
2371145203810566144 2371145203810566144 0
2371145203810566145 2371145203810566144 2134706223373615104
2371853182333020324 2161675276252723985 2156068857771598994
2375648803437936639 2375648803437936640 2375648803437936639
2375648803437936640 2375648803437936640 0
2375648803437936641 2375648803437936640 2139209823000985600
2377900603251621887 4609434218613702656 2377900603251621887
2377900603251621887 7403917787397095424 2377900603251621887
2377900603251621888 4609434218613702656 2377900603251621888
2377900603251621888 7732680560195141633 2377900603251621888
2380152403065307135 2380152403065307136 2380152403065307135
2380152403065307136 2380152403065307136 0
2380152403065307137 2380152403065307136 2143713422628356096
2382404202878992385 4609434218613702656 2382404202878992385
2382404202878992385 8062944532868978005 2382404202878992385
2384656002692677631 2384656002692677632 2384656002692677631
2384656002692677632 2384656002692677632 0
2384656002692677633 2384656002692677632 2148217022255726592
2388409002382153045 4609434218613702656 2388409002382153045
2388409002382153045 8394709705418604543 2388409002382153045
2389159602320048127 2389159602320048128 2389159602320048127
2389159602320048128 2389159602320048128 0
2389159602320048129 2389159602320048128 2152720621883097088
2392089697279896154 5332330584876510173 2392089697279896154
2393663201947418623 2393663201947418624 2393663201947418623
2393663201947418624 2393663201947418624 0
2393663201947418625 2393663201947418624 2157224221510467584
2395915001761103871 4609434218613702656 2395915001761103871
2395915001761103871 8718968878589280256 2395915001761103871
2395915001761103872 4609434218613702656 2395915001761103872
2395915001761103872 9047731651387326465 2395915001761103872
2398166801574789119 2398166801574789120 2398166801574789119
2398166801574789120 2398166801574789120 0
2398166801574789121 2398166801574789120 2161727821137838080
2400418601388474369 159127186833757525 87960930222080
2400418601388474369 4609434218613702656 2400418601388474369
2401921233322343054 6081785593600429258 2401921233322343054
2402670401202159615 2402670401202159616 2402670401202159615
2402670401202159616 2402670401202159616 0
2402670401202159617 2402670401202159616 2166231420765208576
2406423400891635029 490892359383384063 487889959631803734
2406423400891635029 4609434218613702656 2406423400891635029
2407174000829530111 2407174000829530112 2407174000829530111
2407174000829530112 2407174000829530112 0
2407174000829530113 2407174000829530112 2170735020392579072
2411677600456900607 2411677600456900608 2411677600456900607
2411677600456900608 2411677600456900608 0
2411677600456900609 2411677600456900608 2175238620019949568
2413929400270585855 815151532554059776 0
2413929400270585855 4609434218613702656 2413929400270585855
2413929400270585856 1143914305352105985 1008806316530991104
2413929400270585856 4609434218613702656 2413929400270585856
2414571553903787294 8491292912467674893 2414571553903787294
2416181200084271103 2416181200084271104 2416181200084271103
2416181200084271104 2416181200084271104 0
2416181200084271105 2416181200084271104 2179742219647320064
2418432999897956353 1474178278025942357 1455788579547512832
2418432999897956353 4609434218613702656 2418432999897956353
2420684799711641599 2420684799711641600 2420684799711641599
2420684799711641600 2420684799711641600 0
2420684799711641601 2420684799711641600 2184245819274690560
2422061754805774846 4530333018571142292 2422061754805774846
2424437799401117013 1805943450575568895 1802941052255644330
2424437799401117013 4609434218613702656 2424437799401117013
2425188399339012095 2425188399339012096 2425188399339012095
2425188399339012096 2425188399339012096 0
2425188399339012097 2425188399339012096 2188749418902061056
2428167380453871021 5943935947039205140 2428167380453871021
2429691998966382591 2429691998966382592 2429691998966382591
2429691998966382592 2429691998966382592 0
2429691998966382593 2429691998966382592 2193253018529431552
2431943798780067839 2130202623746244608 0
2431943798780067839 4609434218613702656 2431943798780067839
2431943798780067840 2458965396544290817 2431943798780067840
2431943798780067840 4609434218613702656 2431943798780067840
2434195598593753087 2434195598593753088 2434195598593753087
2434195598593753088 2434195598593753088 0
2434195598593753089 2434195598593753088 2197756618156802048
2436447398407438337 2789229369218127189 2436447398407438337
2436447398407438337 4609434218613702656 2436447398407438337
2438699198221123583 2438699198221123584 2438699198221123583
2438699198221123584 2438699198221123584 0
2438699198221123585 2438699198221123584 2202260217784172544
2442452197910598997 3120994541767753727 2442452197910598997
2442452197910598997 4609434218613702656 2442452197910598997
2443202797848494079 2443202797848494080 2443202797848494079
2443202797848494080 2443202797848494080 0
2443202797848494081 2443202797848494080 2206763817411543040
2447706397475864575 2447706397475864576 2447706397475864575
2447706397475864576 2447706397475864576 0
2447706397475864577 2447706397475864576 2211267417038913536
2449958197289549823 3445253714938429440 2449958197289549823
2449958197289549823 4609434218613702656 2449958197289549823
2449958197289549824 3774016487736475649 2449958197289549824
2449958197289549824 4609434218613702656 2449958197289549824
2452209997103235071 2452209997103235072 2452209997103235071
2452209997103235072 2452209997103235072 0
2452209997103235073 2452209997103235072 2215771016666284032
2454461796916920321 4104280460410312021 2454461796916920321
2454461796916920321 4609434218613702656 2454461796916920321
2456713596730605567 2456713596730605568 2456713596730605567
2456713596730605568 2456713596730605568 0
2456713596730605569 2456713596730605568 2220274616293654528
2460466596420080981 4436045632959938559 2460466596420080981
2460466596420080981 4609434218613702656 2460466596420080981
2461217196357976063 2461217196357976064 2461217196357976063
2461217196357976064 2461217196357976064 0
2461217196357976065 2461217196357976064 2224778215921025024
2462590022973221206 7326143305011170750 2462590022973221206
2465720795985346559 2465720795985346560 2465720795985346559
2465720795985346560 2465720795985346560 0
2465720795985346561 2465720795985346560 2229281815548395520
2467972595799031807 4609434218613702656 2467972595799031807
2467972595799031807 4760304806130614272 2467972595799031807
2467972595799031808 4609434218613702656 2467972595799031808
2467972595799031808 5089067578928660481 2467972595799031808
2469994283614938442 6917990989887951354 2469994283614938442
2470224395612717055 2470224395612717056 2470224395612717055
2470224395612717056 2470224395612717056 0
2470224395612717057 2470224395612717056 2233785415175766016
2472476195426402305 4609434218613702656 2472476195426402305
2472476195426402305 5419331551602496853 2472476195426402305
2474727995240087551 2474727995240087552 2474727995240087551
2474727995240087552 2474727995240087552 0
2474727995240087553 2474727995240087552 2238289014803136512
2478480994929562965 4609434218613702656 2478480994929562965
2478480994929562965 5751096724152123391 2478480994929562965
2479231594867458047 2479231594867458048 2479231594867458047
2479231594867458048 2479231594867458048 0
2479231594867458049 2479231594867458048 2242792614430507008
2480947435846362715 1999525786426459855 1993898731799738230
2482028932634074289 1724938001825654022 1720509439851040144
2483735194494828543 2483735194494828544 2483735194494828543
2483735194494828544 2483735194494828544 0
2483735194494828545 2483735194494828544 2247296214057877504
2485986994308513791 4609434218613702656 2485986994308513791
2485986994308513791 6075355897322799104 2485986994308513791
2485986994308513792 4609434218613702656 2485986994308513792
2485986994308513792 6404118670120845313 2485986994308513792
2488238794122199039 2488238794122199040 2488238794122199039
2488238794122199040 2488238794122199040 0
2488238794122199041 2488238794122199040 2251799813685248000
2490490593935884289 4609434218613702656 2490490593935884289
2490490593935884289 6734382642794681685 2490490593935884289
2492742393749569535 2492742393749569536 2492742393749569535
2492742393749569536 2492742393749569536 0
2492742393749569537 2492742393749569536 2256303413312618496
2496495393439044949 4609434218613702656 2496495393439044949
2496495393439044949 7066147815344308223 2496495393439044949
2497245993376940031 2497245993376940032 2497245993376940031
2497245993376940032 2497245993376940032 0
2497245993376940033 2497245993376940032 2260807012939988992
2501749593004310527 2501749593004310528 2501749593004310527
2501749593004310528 2501749593004310528 0
2501749593004310529 2501749593004310528 2265310612567359488
2504001392817995775 4609434218613702656 2504001392817995775
2504001392817995775 7390406988514983936 2504001392817995775
2504001392817995776 4609434218613702656 2504001392817995776
2504001392817995776 7719169761313030145 2504001392817995776
2506253192631681023 2506253192631681024 2506253192631681023
2506253192631681024 2506253192631681024 0
2506253192631681025 2506253192631681024 2269814212194729984
2508504992445366273 4609434218613702656 2508504992445366273
2508504992445366273 8049433733986866517 2508504992445366273
2510756792259051519 2510756792259051520 2510756792259051519
2510756792259051520 2510756792259051520 0
2510756792259051521 2510756792259051520 2274317811822100480
2514509791948526933 4609434218613702656 2514509791948526933
2514509791948526933 8381198906536493055 2514509791948526933
2515260391886422015 2515260391886422016 2515260391886422015
2515260391886422016 2515260391886422016 0
2515260391886422017 2515260391886422016 2278821411449470976
2519763991513792511 2519763991513792512 2519763991513792511
2519763991513792512 2519763991513792512 0
2519763991513792513 2519763991513792512 2283325011076841472
2522015791327477759 4609434218613702656 2522015791327477759
2522015791327477759 8705458079707168768 2522015791327477759
2522015791327477760 4609434218613702656 2522015791327477760
2522015791327477760 9034220852505214977 2522015791327477760
2524267591141163007 2524267591141163008 2524267591141163007
2524267591141163008 2524267591141163008 0
2524267591141163009 2524267591141163008 2287828610704211968
2526519390954848257 145616387951646037 104708691336364032
2526519390954848257 4609434218613702656 2526519390954848257
2528771190768533503 2528771190768533504 2528771190768533503
2528771190768533504 2528771190768533504 0
2528771190768533505 2528771190768533504 2292332210331582464
2532524190458008917 477381560501272575 469875566848944810
2532524190458008917 4609434218613702656 2532524190458008917
2533274790395903999 2533274790395904000 2533274790395903999
2533274790395904000 2533274790395904000 0
2533274790395904001 2533274790395904000 2296835809958952960
2537778390023274495 2537778390023274496 2537778390023274495
2537778390023274496 2537778390023274496 0
2537778390023274497 2537778390023274496 2301339409586323456
2540030189836959743 801640733671948288 0
2540030189836959743 4609434218613702656 2540030189836959743
2540030189836959744 1130403506469994497 1130403506469994494
2540030189836959744 4609434218613702656 2540030189836959744
2542281989650644991 2542281989650644992 2542281989650644991
2542281989650644992 2542281989650644992 0
2542281989650644993 2542281989650644992 2305843009213693952
2544533789464330241 1460667479143830869 1338694989235879936
2544533789464330241 4609434218613702656 2544533789464330241
2545894802323529447 4234591980302768384 2545894802323529447
2546785589278015487 2546785589278015488 2546785589278015487
2546785589278015488 2546785589278015488 0
2546785589278015489 2546785589278015488 2310346608841064448
2548089258071107830 1448999885911889416 1446834543201581448
2549044639752559271 5730601304210317320 2549044639752559271
2549116825544109022 6110622015267951670 2549116825544109022
2550538588967490901 1792432651693457407 1789430251941877418
2550538588967490901 4609434218613702656 2550538588967490901
2551289188905385983 2551289188905385984 2551289188905385983
2551289188905385984 2551289188905385984 0
2551289188905385985 2551289188905385984 2314850208468434944
2555792788532756479 2555792788532756480 2555792788532756479
2555792788532756480 2555792788532756480 0
2555792788532756481 2555792788532756480 2319353808095805440
2558044588346441727 2116691824864133120 0
2558044588346441727 4609434218613702656 2558044588346441727
2558044588346441728 2445454597662179329 2445454597595070466
2558044588346441728 4609434218613702656 2558044588346441728
2560296388160126975 2560296388160126976 2560296388160126975
2560296388160126976 2560296388160126976 0
2560296388160126977 2560296388160126976 2323857407723175936
2562548187973812225 2775718570336015701 2562548187973812225
2562548187973812225 4609434218613702656 2562548187973812225
2564799987787497471 2564799987787497472 2564799987787497471
2564799987787497472 2564799987787497472 0
2564799987787497473 2564799987787497472 2328361007350546432
2568552987476972885 3107483742885642239 2568552987476972885
2568552987476972885 4609434218613702656 2568552987476972885
2569303587414867967 2569303587414867968 2569303587414867967
2569303587414867968 2569303587414867968 0
2569303587414867969 2569303587414867968 2332864606977916928
2573807187042238463 2573807187042238464 2573807187042238463
2573807187042238464 2573807187042238464 0
2573807187042238465 2573807187042238464 2337368206605287424
2576058986855923711 3431742916056317952 2576058986855923711
2576058986855923711 4609434218613702656 2576058986855923711
2576058986855923712 3760505688854364161 2576058986855923712
2576058986855923712 4609434218613702656 2576058986855923712
2578310786669608959 2578310786669608960 2578310786669608959
2578310786669608960 2578310786669608960 0
2578310786669608961 2578310786669608960 2341871806232657920
2580562586483294209 4090769661528200533 2580562586483294209
2580562586483294209 4609434218613702656 2580562586483294209
2582814386296979455 2582814386296979456 2582814386296979455
2582814386296979456 2582814386296979456 0
2582814386296979457 2582814386296979456 2346375405860028416
2585674648347048107 5316642526126329466 2585674648347048107
2586567385986454869 4422534834077827071 2586567385986454869
2586567385986454869 4609434218613702656 2586567385986454869
2587317985924349951 2587317985924349952 2587317985924349951
2587317985924349952 2587317985924349952 0
2587317985924349953 2587317985924349952 2350879005487398912
2591821585551720447 2591821585551720448 2591821585551720447
2591821585551720448 2591821585551720448 0
2591821585551720449 2591821585551720448 2355382605114769408
2594073385365405695 4609434218613702656 2594073385365405695
2594073385365405695 4746794007248502784 2594073385365405695
2594073385365405696 4609434218613702656 2594073385365405696
2594073385365405696 5075556780046548993 2594073385365405696
2596325185179090943 2596325185179090944 2596325185179090943
2596325185179090944 2596325185179090944 0
2596325185179090945 2596325185179090944 2359886204742139904
2598576984992776193 4609434218613702656 2598576984992776193
2598576984992776193 5405820752720385365 2598576984992776193
2600828784806461439 2600828784806461440 2600828784806461439
2600828784806461440 2600828784806461440 0
2600828784806461441 2600828784806461440 2364389804369510400
2604581784495936853 4609434218613702656 2604581784495936853
2604581784495936853 5737585925270011903 2604581784495936853
2605332384433831935 2605332384433831936 2605332384433831935
2605332384433831936 2605332384433831936 0
2605332384433831937 2605332384433831936 2368893403996880896
2609835984061202431 2609835984061202432 2609835984061202431
2609835984061202432 2609835984061202432 0
2609835984061202433 2609835984061202432 2373397003624251392
2612087783874887679 4609434218613702656 2612087783874887679
2612087783874887679 6061845098440687616 2612087783874887679
2612087783874887680 4609434218613702656 2612087783874887680
2612087783874887680 6390607871238733825 2612087783874887680
2614339583688572927 2614339583688572928 2614339583688572927
2614339583688572928 2614339583688572928 0
2614339583688572929 2614339583688572928 2377900603251621888
2616591383502258177 4609434218613702656 2616591383502258177
2616591383502258177 6720871843912570197 2616591383502258177
2618843183315943423 2618843183315943424 2618843183315943423
2618843183315943424 2618843183315943424 0
2618843183315943425 2618843183315943424 2382404202878992384
2622596183005418837 4609434218613702656 2622596183005418837
2622596183005418837 7052637016462196735 2622596183005418837
2623346782943313919 2623346782943313920 2623346782943313919
2623346782943313920 2623346782943313920 0
2623346782943313921 2623346782943313920 2386907802506362880
2627850382570684415 2627850382570684416 2627850382570684415
2627850382570684416 2627850382570684416 0
2627850382570684417 2627850382570684416 2391411402133733376
2630102182384369663 4609434218613702656 2630102182384369663
2630102182384369663 7376896189632872448 2630102182384369663
2630102182384369664 4609434218613702656 2630102182384369664
2630102182384369664 7705658962430918657 2630102182384369664
2632353982198054911 2632353982198054912 2632353982198054911
2632353982198054912 2632353982198054912 0
2632353982198054913 2632353982198054912 2395915001761103872
2634605782011740161 4609434218613702656 2634605782011740161
2634605782011740161 8035922935104755029 2634605782011740161
2636857581825425407 2636857581825425408 2636857581825425407
2636857581825425408 2636857581825425408 0
2636857581825425409 2636857581825425408 2400418601388474368
2640610581514900821 4609434218613702656 2640610581514900821
2640610581514900821 8367688107654381567 2640610581514900821
2641361181452795903 2641361181452795904 2641361181452795903
2641361181452795904 2641361181452795904 0
2641361181452795905 2641361181452795904 2404922201015844864
2645864781080166399 2645864781080166400 2645864781080166399
2645864781080166400 2645864781080166400 0
2645864781080166401 2645864781080166400 2409425800643215360
2648116580893851647 4609434218613702656 2648116580893851647
2648116580893851647 8691947280825057280 2648116580893851647
2648116580893851648 4609434218613702656 2648116580893851648
2648116580893851648 9020710053623103489 2648116580893851648
2650368380707536895 2650368380707536896 2650368380707536895
2650368380707536896 2650368380707536896 0
2650368380707536897 2650368380707536896 2413929400270585856
2652620180521222145 132105589069534549 351843720888320
2652620180521222145 4609434218613702656 2652620180521222145
2654871980334907391 2654871980334907392 2654871980334907391
2654871980334907392 2654871980334907392 0
2654871980334907393 2654871980334907392 2418432999897956352
2658450167819573235 8098962345181686640 2658450167819573235
2658624980024382805 463870761619161087 456364762240211626
2658624980024382805 4609434218613702656 2658624980024382805
2659375579962277887 2659375579962277888 2659375579962277887
2659375579962277888 2659375579962277888 0
2659375579962277889 2659375579962277888 2422936599525326848
2661739995465975450 4031157905683429143 2661739995465975450
2663879179589648383 2663879179589648384 2663879179589648383
2663879179589648384 2663879179589648384 0
2663879179589648385 2663879179589648384 2427440199152697344
2666130979403333631 788129934789836800 0
2666130979403333631 4609434218613702656 2666130979403333631
2666130979403333632 1116892707587883009 1116892698997948418
2666130979403333632 4609434218613702656 2666130979403333632
2668382779217018879 2668382779217018880 2668382779217018879
2668382779217018880 2668382779217018880 0
2668382779217018881 2668382779217018880 2431943798780067840
2670634579030704129 1447156680261719381 1221601398924247040
2670634579030704129 4609434218613702656 2670634579030704129
2672886378844389375 2672886378844389376 2672886378844389375
2672886378844389376 2672886378844389376 0
2672886378844389377 2672886378844389376 2436447398407438336
2676639378533864789 1778921852811345919 1771417319447898794
2676639378533864789 4609434218613702656 2676639378533864789
2677389978471759871 2677389978471759872 2677389978471759871
2677389978471759872 2677389978471759872 0
2677389978471759873 2677389978471759872 2440950998034808832
2681893578099130367 2681893578099130368 2681893578099130367
2681893578099130368 2681893578099130368 0
2681893578099130369 2681893578099130368 2445454597662179328
2684145377912815615 2103181025982021632 0
2684145377912815615 4609434218613702656 2684145377912815615
2684145377912815616 2431943798780067841 2215771016666284032
2684145377912815616 4609434218613702656 2684145377912815616
2686397177726500863 2686397177726500864 2686397177726500863
2686397177726500864 2686397177726500864 0
2686397177726500865 2686397177726500864 2449958197289549824
2687189175130099923 5676071531301265582 2687189175130099923
2688648977540186113 2762207771453904213 2688648977540186113
2688648977540186113 4609434218613702656 2688648977540186113
2690900777353871359 2690900777353871360 2690900777353871359
2690900777353871360 2690900777353871360 0
2690900777353871361 2690900777353871360 2454461796916920320
2694653777043346773 3093972944003530751 2694653777043346773
2694653777043346773 4609434218613702656 2694653777043346773
2695404376981241855 2695404376981241856 2695404376981241855
2695404376981241856 2695404376981241856 0
2695404376981241857 2695404376981241856 2458965396544290816
2698318271414407340 4834088964781731240 2698318271414407340
2699907976608612351 2699907976608612352 2699907976608612351
2699907976608612352 2699907976608612352 0
2699907976608612353 2699907976608612352 2463468996171661312
2702159776422297599 3418232117174206464 2702159776422297599
2702159776422297599 4609434218613702656 2702159776422297599
2702159776422297600 3746994889972252673 2702159776422297600
2702159776422297600 4609434218613702656 2702159776422297600
2704411576235982847 2704411576235982848 2704411576235982847
2704411576235982848 2704411576235982848 0
2704411576235982849 2704411576235982848 2467972595799031808
2706663376049668097 4077258862646089045 2706663376049668097
2706663376049668097 4609434218613702656 2706663376049668097
2708915175863353343 2708915175863353344 2708915175863353343
2708915175863353344 2708915175863353344 0
2708915175863353345 2708915175863353344 2472476195426402304
2712668175552828757 4409024035195715583 2712668175552828757
2712668175552828757 4609434218613702656 2712668175552828757
2713418775490723839 2713418775490723840 2713418775490723839
2713418775490723840 2713418775490723840 0
2713418775490723841 2713418775490723840 2476979795053772800
2717922375118094335 2717922375118094336 2717922375118094335
2717922375118094336 2717922375118094336 0
2717922375118094337 2717922375118094336 2481483394681143296
2720174174931779583 4609434218613702656 2720174174931779583
2720174174931779583 4733283208366391296 2720174174931779583
2720174174931779584 4609434218613702656 2720174174931779584
2720174174931779584 5062045981164437505 2720174174931779584
2722425974745464831 2722425974745464832 2722425974745464831
2722425974745464832 2722425974745464832 0
2722425974745464833 2722425974745464832 2485986994308513792
2724677774559150081 4609434218613702656 2724677774559150081
2724677774559150081 5392309953838273877 2724677774559150081
2726929574372835327 2726929574372835328 2726929574372835327
2726929574372835328 2726929574372835328 0
2726929574372835329 2726929574372835328 2490490593935884288
2728070513354881301 2688988565723209475 2682551456177276020
2730682574062310741 4609434218613702656 2730682574062310741
2730682574062310741 5724075126387900415 2730682574062310741
2731433174000205823 2731433174000205824 2731433174000205823
2731433174000205824 2731433174000205824 0
2731433174000205825 2731433174000205824 2494994193563254784
2735936773627576319 2735936773627576320 2735936773627576319
2735936773627576320 2735936773627576320 0
2735936773627576321 2735936773627576320 2499497793190625280
2738188573441261567 4609434218613702656 2738188573441261567
2738188573441261567 6048334299558576128 2738188573441261567
2738188573441261568 4609434218613702656 2738188573441261568
2738188573441261568 6377097072356622337 2738188573441261568
2739194877178450277 2905791918543553683 2739194877178450277
2740440373254946815 2740440373254946816 2740440373254946815
2740440373254946816 2740440373254946816 0
2740440373254946817 2740440373254946816 2504001392817995776
2742692173068632065 4609434218613702656 2742692173068632065
2742692173068632065 6707361045030458709 2742692173068632065
2744943972882317311 2744943972882317312 2744943972882317311
2744943972882317312 2744943972882317312 0
2744943972882317313 2744943972882317312 2508504992445366272
2748696972571792725 4609434218613702656 2748696972571792725
2748696972571792725 7039126217580085247 2748696972571792725
2749447572509687807 2749447572509687808 2749447572509687807
2749447572509687808 2749447572509687808 0
2749447572509687809 2749447572509687808 2513008592072736768
2749944758833836711 4318865735474641313 2749944758833836711
2753263924846690107 8448505421329765192 2753263924846690107
2753951172137058303 2753951172137058304 2753951172137058303
2753951172137058304 2753951172137058304 0
2753951172137058305 2753951172137058304 2517512191700107264
2756202971950743551 4609434218613702656 2756202971950743551
2756202971950743551 7363385390750760960 2756202971950743551
2756202971950743552 4609434218613702656 2756202971950743552
2756202971950743552 7692148163548807169 2756202971950743552
2758454771764428799 2758454771764428800 2758454771764428799
2758454771764428800 2758454771764428800 0
2758454771764428801 2758454771764428800 2522015791327477760
2760706571578114049 4609434218613702656 2760706571578114049
2760706571578114049 8022412136222643541 2760706571578114049
2762958371391799295 2762958371391799296 2762958371391799295
2762958371391799296 2762958371391799296 0
2762958371391799297 2762958371391799296 2526519390954848256
2766711371081274709 4609434218613702656 2766711371081274709
2766711371081274709 8354177308772270079 2766711371081274709
2767461971019169791 2767461971019169792 2767461971019169791
2767461971019169792 2767461971019169792 0
2767461971019169793 2767461971019169792 2531022990582218752
2771965570646540287 2771965570646540288 2771965570646540287
2771965570646540288 2771965570646540288 0
2771965570646540289 2771965570646540288 2535526590209589248
2774217370460225535 4609434218613702656 2774217370460225535
2774217370460225535 8678436481942945792 2774217370460225535
2774217370460225536 4609434218613702656 2774217370460225536
2774217370460225536 9007199254740992001 2774217370460225536
2776469170273910783 2776469170273910784 2776469170273910783
2776469170273910784 2776469170273910784 0
2776469170273910785 2776469170273910784 2540030189836959744
2778720970087596033 118594790187423061 113715890591105024
2778720970087596033 4609434218613702656 2778720970087596033
2780972769901281279 2780972769901281280 2780972769901281279
2780972769901281280 2780972769901281280 0
2780972769901281281 2780972769901281280 2544533789464330240
2784253567252347980 4750424546283946352 2784253567252347980
2784725769590756693 450359962737049599 447359029000972970
2784725769590756693 4609434218613702656 2784725769590756693
2785476369528651775 2785476369528651776 2785476369528651775
2785476369528651776 2785476369528651776 0
2785476369528651777 2785476369528651776 2549037389091700736
2789979969156022271 2789979969156022272 2789979969156022271
2789979969156022272 2789979969156022272 0
2789979969156022273 2789979969156022272 2553540988719071232
2792231768969707519 774619135907725312 0
2792231768969707519 4609434218613702656 2792231768969707519
2792231768969707520 1103381908705771521 918734323983581184
2792231768969707520 4609434218613702656 2792231768969707520
2794483568783392767 2794483568783392768 2794483568783392767
2794483568783392768 2794483568783392768 0
2794483568783392769 2794483568783392768 2558044588346441728
2796735368597078017 1433645881379607893 1347702188490620928
2796735368597078017 4609434218613702656 2796735368597078017
2798987168410763263 2798987168410763264 2798987168410763263
2798987168410763264 2798987168410763264 0
2798987168410763265 2798987168410763264 2562548187973812224
2802740168100238677 1765411053929234431 1757905054550633130
2802740168100238677 4609434218613702656 2802740168100238677
2803490768038133759 2803490768038133760 2803490768038133759
2803490768038133760 2803490768038133760 0
2803490768038133761 2803490768038133760 2567051787601182720
2806852153779637224 3973362075103482755 2806852153779637224
2807994367665504255 2807994367665504256 2807994367665504255
2807994367665504256 2807994367665504256 0
2807994367665504257 2807994367665504256 2571555387228553216
2810246167479189503 2089670227099910144 0
2810246167479189503 4609434218613702656 2810246167479189503
2810246167479189504 2418432999897956353 2341871806232657920
2810246167479189504 4609434218613702656 2810246167479189504
2812497967292874751 2812497967292874752 2812497967292874751
2812497967292874752 2812497967292874752 0
2812497967292874753 2812497967292874752 2576058986855923712
2814749767106560001 2748696972571792725 2581688486390136832
2814749767106560001 4609434218613702656 2814749767106560001
2817001566920245247 2817001566920245248 2817001566920245247
2817001566920245248 2817001566920245248 0
2817001566920245249 2817001566920245248 2580562586483294208
2817221644121635549 7531373322720272398 2817221644121635549
2820754566609720661 3080462145121419263 2820754566609720661
2820754566609720661 4609434218613702656 2820754566609720661
2821505166547615743 2821505166547615744 2821505166547615743
2821505166547615744 2821505166547615744 0
2821505166547615745 2821505166547615744 2585066186110664704
2826008766174986239 2826008766174986240 2826008766174986239
2826008766174986240 2826008766174986240 0
2826008766174986241 2826008766174986240 2589569785738035200
2828260565988671487 3404721318292094976 2828260565988671487
2828260565988671487 4609434218613702656 2828260565988671487
2828260565988671488 3733484091090141185 2828260565988671488
2828260565988671488 4609434218613702656 2828260565988671488
2830512365802356735 2830512365802356736 2830512365802356735
2830512365802356736 2830512365802356736 0
2830512365802356737 2830512365802356736 2594073385365405696
2832764165616041985 4063748063763977557 2832764165616041985
2832764165616041985 4609434218613702656 2832764165616041985
2835015965429727231 2835015965429727232 2835015965429727231
2835015965429727232 2835015965429727232 0
2835015965429727233 2835015965429727232 2598576984992776192
2838768965119202645 4395513236313604095 2838768965119202645
2838768965119202645 4609434218613702656 2838768965119202645
2839519565057097727 2839519565057097728 2839519565057097727
2839519565057097728 2839519565057097728 0
2839519565057097729 2839519565057097728 2603080584620146688
2841014942270784115 8677899712156117818 2841014942270784115
2844023164684468223 2844023164684468224 2844023164684468223
2844023164684468224 2844023164684468224 0
2844023164684468225 2844023164684468224 2607584184247517184
2846274964498153471 4609434218613702656 2846274964498153471
2846274964498153471 4719772409484279808 2846274964498153471
2846274964498153472 4609434218613702656 2846274964498153472
2846274964498153472 5048535182282326017 2846274964498153472
2848526764311838719 2848526764311838720 2848526764311838719
2848526764311838720 2848526764311838720 0
2848526764311838721 2848526764311838720 2612087783874887680
2850778564125523969 4609434218613702656 2850778564125523969
2850778564125523969 5378799154956162389 2850778564125523969
2853030363939209215 2853030363939209216 2853030363939209215
2853030363939209216 2853030363939209216 0
2853030363939209217 2853030363939209216 2616591383502258176
2855872502662191593 6484389105139536934 2855872502662191593
2856783363628684629 4609434218613702656 2856783363628684629
2856783363628684629 5710564327505788927 2856783363628684629
2857533963566579711 2857533963566579712 2857533963566579711
2857533963566579712 2857533963566579712 0
2857533963566579713 2857533963566579712 2621094983129628672
2862037563193950207 2862037563193950208 2862037563193950207
2862037563193950208 2862037563193950208 0
2862037563193950209 2862037563193950208 2625598582756999168
2864289363007635455 4609434218613702656 2864289363007635455
2864289363007635455 6034823500676464640 2864289363007635455
2864289363007635456 4609434218613702656 2864289363007635456
2864289363007635456 6363586273474510849 2864289363007635456
2866541162821320703 2866541162821320704 2866541162821320703
2866541162821320704 2866541162821320704 0
2866541162821320705 2866541162821320704 2630102182384369664
2868792962635005953 4609434218613702656 2868792962635005953
2868792962635005953 6693850246148347221 2868792962635005953
2871044762448691199 2871044762448691200 2871044762448691199
2871044762448691200 2871044762448691200 0
2871044762448691201 2871044762448691200 2634605782011740160
2873203433204398606 3893706834714603518 2873203433204398606
2874797762138166613 4609434218613702656 2874797762138166613
2874797762138166613 7025615418697973759 2874797762138166613
2875548362076061695 2875548362076061696 2875548362076061695
2875548362076061696 2875548362076061696 0
2875548362076061697 2875548362076061696 2639109381639110656
2880051961703432191 2880051961703432192 2880051961703432191
2880051961703432192 2880051961703432192 0
2880051961703432193 2880051961703432192 2643612981266481152
2882303761517117439 4609434218613702656 2882303761517117439
2882303761517117439 7349874591868649472 2882303761517117439
2882303761517117440 4609434218613702656 2882303761517117440
2882303761517117440 7678637364666695681 2882303761517117440
2884555561330802687 2884555561330802688 2884555561330802687
2884555561330802688 2884555561330802688 0
2884555561330802689 2884555561330802688 2648116580893851648
2886807361144487937 4609434218613702656 2886807361144487937
2886807361144487937 8008901337340532053 2886807361144487937
2888722693632862444 8888946751888094410 2888722693632862444
2889059160958173183 2889059160958173184 2889059160958173183
2889059160958173184 2889059160958173184 0
2889059160958173185 2889059160958173184 2652620180521222144
2892812160647648597 4609434218613702656 2892812160647648597
2892812160647648597 8340666509890158591 2892812160647648597
2893562760585543679 2893562760585543680 2893562760585543679
2893562760585543680 2893562760585543680 0
2893562760585543681 2893562760585543680 2657123780148592640
2898066360212914175 2898066360212914176 2898066360212914175
2898066360212914176 2898066360212914176 0
2898066360212914177 2898066360212914176 2661627379775963136
2900318160026599423 4609434218613702656 2900318160026599423
2900318160026599423 8664925683060834304 2900318160026599423
2900318160026599424 4609434218613702656 2900318160026599424
2900318160026599424 8993688455858880513 2900318160026599424
2902569959840284671 2902569959840284672 2902569959840284671
2902569959840284672 2902569959840284672 0
2902569959840284673 2902569959840284672 2666130979403333632
2904821759653969921 105083991305311573 1407374883553280
2904821759653969921 4609434218613702656 2904821759653969921
2907073559467655167 2907073559467655168 2907073559467655167
2907073559467655168 2907073559467655168 0
2907073559467655169 2907073559467655168 2670634579030704128
2907190122443272140 606810591627299092 603095431694734432
2910826559157130581 436849163854938111 433846764103707306
2910826559157130581 4609434218613702656 2910826559157130581
2911577159095025663 2911577159095025664 2911577159095025663
2911577159095025664 2911577159095025664 0
2911577159095025665 2911577159095025664 2675138178658074624
2916080758722396159 2916080758722396160 2916080758722396159
2916080758722396160 2916080758722396160 0
2916080758722396161 2916080758722396160 2679641778285445120
2918332558536081407 761108337025613824 0
2918332558536081407 4609434218613702656 2918332558536081407
2918332558536081408 1089871109823660033 1044835113549955072
2918332558536081408 4609434218613702656 2918332558536081408
2920584358349766655 2920584358349766656 2920584358349766655
2920584358349766656 2920584358349766656 0
2920584358349766657 2920584358349766656 2684145377912815616
2922836158163451905 1420135082497496405 1230608598178988032
2922836158163451905 4609434218613702656 2922836158163451905
2925087957977137151 2925087957977137152 2925087957977137151
2925087957977137152 2925087957977137152 0
2925087957977137153 2925087957977137152 2688648977540186112
2928840957666612565 1751900255047122943 1749273155264490154
2928840957666612565 4609434218613702656 2928840957666612565
2929591557604507647 2929591557604507648 2929591557604507647
2929591557604507648 2929591557604507648 0
2929591557604507649 2929591557604507648 2693152577167556608
2934095157231878143 2934095157231878144 2934095157231878143
2934095157231878144 2934095157231878144 0
2934095157231878145 2934095157231878144 2697656176794927104
2936346957045563391 2076159428217798656 0
2936346957045563391 4609434218613702656 2936346957045563391
2936346957045563392 2404922201015844865 2404922201015812098
2936346957045563392 4609434218613702656 2936346957045563392
2938598756859248639 2938598756859248640 2938598756859248639
2938598756859248640 2938598756859248640 0
2938598756859248641 2938598756859248640 2702159776422297600
2940850556672933889 2735186173689681237 2707789275956510720
2940850556672933889 4609434218613702656 2940850556672933889
2943102356486619135 2943102356486619136 2943102356486619135
2943102356486619136 2943102356486619136 0
2943102356486619137 2943102356486619136 2706663376049668096
2946855356176094549 3066951346239307775 2946855356176094549
2946855356176094549 4609434218613702656 2946855356176094549
2947605956113989631 2947605956113989632 2947605956113989631
2947605956113989632 2947605956113989632 0
2947605956113989633 2947605956113989632 2711166975677038592
2952109555741360127 2952109555741360128 2952109555741360127
2952109555741360128 2952109555741360128 0
2952109555741360129 2952109555741360128 2715670575304409088
2952622791948054374 7887158415338744562 2952622791948054374
2954361355555045375 3391210519409983488 2954361355555045375
2954361355555045375 4609434218613702656 2954361355555045375
2954361355555045376 3719973292208029697 2954361355555045376
2954361355555045376 4609434218613702656 2954361355555045376
2956613155368730623 2956613155368730624 2956613155368730623
2956613155368730624 2956613155368730624 0
2956613155368730625 2956613155368730624 2720174174931779584
2958864955182415873 4050237264881866069 2958864955182415873
2958864955182415873 4609434218613702656 2958864955182415873
2961116754996101119 2961116754996101120 2961116754996101119
2961116754996101120 2961116754996101120 0
2961116754996101121 2961116754996101120 2724677774559150080
2964869754685576533 4382002437431492607 2964869754685576533
2964869754685576533 4609434218613702656 2964869754685576533
2965620354623471615 2965620354623471616 2965620354623471615
2965620354623471616 2965620354623471616 0
2965620354623471617 2965620354623471616 2729181374186520576
2970123954250842111 2970123954250842112 2970123954250842111
2970123954250842112 2970123954250842112 0
2970123954250842113 2970123954250842112 2733684973813891072
2972375754064527359 4609434218613702656 2972375754064527359
2972375754064527359 4706261610602168320 2972375754064527359
2972375754064527360 4609434218613702656 2972375754064527360
2972375754064527360 5035024383400214529 2972375754064527360
2974627553878212607 2974627553878212608 2974627553878212607
2974627553878212608 2974627553878212608 0
2974627553878212609 2974627553878212608 2738188573441261568
2976879353691897857 4609434218613702656 2976879353691897857
2976879353691897857 5365288356074050901 2976879353691897857
2979131153505583103 2979131153505583104 2979131153505583103
2979131153505583104 2979131153505583104 0
2979131153505583105 2979131153505583104 2742692173068632064
2982884153195058517 4609434218613702656 2982884153195058517
2982884153195058517 5697053528623677439 2982884153195058517
2983634753132953599 2983634753132953600 2983634753132953599
2983634753132953600 2983634753132953600 0
2983634753132953601 2983634753132953600 2747195772696002560
2988138352760324095 2988138352760324096 2988138352760324095
2988138352760324096 2988138352760324096 0
2988138352760324097 2988138352760324096 2751699372323373056
2990390152574009343 4609434218613702656 2990390152574009343
2990390152574009343 6021312701794353152 2990390152574009343
2990390152574009344 4609434218613702656 2990390152574009344
2990390152574009344 6350075474592399361 2990390152574009344
2992641952387694591 2992641952387694592 2992641952387694591
2992641952387694592 2992641952387694592 0
2992641952387694593 2992641952387694592 2756202971950743552
2994893752201379841 4609434218613702656 2994893752201379841
2994893752201379841 6680339447266235733 2994893752201379841
2997145552015065087 2997145552015065088 2997145552015065087
2997145552015065088 2997145552015065088 0
2997145552015065089 2997145552015065088 2760706571578114048
3000898551704540501 4609434218613702656 3000898551704540501
3000898551704540501 7012104619815862271 3000898551704540501
3001649151642435583 3001649151642435584 3001649151642435583
3001649151642435584 3001649151642435584 0
3001649151642435585 3001649151642435584 2765210171205484544
3006152751269806079 3006152751269806080 3006152751269806079
3006152751269806080 3006152751269806080 0
3006152751269806081 3006152751269806080 2769713770832855040
3008404551083491327 4609434218613702656 3008404551083491327
3008404551083491327 7336363792986537984 3008404551083491327
3008404551083491328 4609434218613702656 3008404551083491328
3008404551083491328 7665126565784584193 3008404551083491328
3010656350897176575 3010656350897176576 3010656350897176575
3010656350897176576 3010656350897176576 0
3010656350897176577 3010656350897176576 2774217370460225536
3012908150710861825 4609434218613702656 3012908150710861825
3012908150710861825 7995390538458420565 3012908150710861825
3015159950524547071 3015159950524547072 3015159950524547071
3015159950524547072 3015159950524547072 0
3015159950524547073 3015159950524547072 2778720970087596032
3018912950214022485 4609434218613702656 3018912950214022485
3018912950214022485 8327155711008047103 3018912950214022485
3019663550151917567 3019663550151917568 3019663550151917567
3019663550151917568 3019663550151917568 0
3019663550151917569 3019663550151917568 2783224569714966528
3024167149779288063 3024167149779288064 3024167149779288063
3024167149779288064 3024167149779288064 0
3024167149779288065 3024167149779288064 2787728169342337024
3026418949592973311 4609434218613702656 3026418949592973311
3026418949592973311 8651414884178722816 3026418949592973311
3026418949592973312 4609434218613702656 3026418949592973312
3026418949592973312 8980177656976769025 3026418949592973312
3028670749406658559 3028670749406658560 3028670749406658559
3028670749406658560 3028670749406658560 0
3028670749406658561 3028670749406658560 2792231768969707520
3030922549220343809 91573192423200085 20971520
3030922549220343809 4609434218613702656 3030922549220343809
3033174349034029055 3033174349034029056 3033174349034029055
3033174349034029056 3033174349034029056 0
3033174349034029057 3033174349034029056 2796735368597078016
3036927348723504469 423338364972826623 417333565469665962
3036927348723504469 4609434218613702656 3036927348723504469
3037677948661399551 3037677948661399552 3037677948661399551
3037677948661399552 3037677948661399552 0
3037677948661399553 3037677948661399552 2801238968224448512
3037817762510696131 3306334301646840271 3037817762510696131
3042181548288770047 3042181548288770048 3042181548288770047
3042181548288770048 3042181548288770048 0
3042181548288770049 3042181548288770048 2805742567851819008
3044433348102455295 747597538143502336 0
3044433348102455295 4609434218613702656 3044433348102455295
3044433348102455296 1076360310941548545 1076360310937354242
3044433348102455296 4609434218613702656 3044433348102455296
3046685147916140543 3046685147916140544 3046685147916140543
3046685147916140544 3046685147916140544 0
3046685147916140545 3046685147916140544 2810246167479189504
3048936947729825793 1406624283615384917 1356709387745361920
3048936947729825793 4609434218613702656 3048936947729825793
3051188747543511039 3051188747543511040 3051188747543511039
3051188747543511040 3051188747543511040 0
3051188747543511041 3051188747543511040 2814749767106560000
3054941747232986453 1738389456165011455 1735387056502909610
3054941747232986453 4609434218613702656 3054941747232986453
3055692347170881535 3055692347170881536 3055692347170881535
3055692347170881536 3055692347170881536 0
3055692347170881537 3055692347170881536 2819253366733930496
3060195946798252031 3060195946798252032 3060195946798252031
3060195946798252032 3060195946798252032 0
3060195946798252033 3060195946798252032 2823756966361300992
3062447746611937279 2062648629335687168 0
3062447746611937279 4609434218613702656 3062447746611937279
3062447746611937280 2391411402133733377 2391341033389555714
3062447746611937280 4609434218613702656 3062447746611937280
3064699546425622527 3064699546425622528 3064699546425622527
3064699546425622528 3064699546425622528 0
3064699546425622529 3064699546425622528 2828260565988671488
3066951346239307777 2721675374807569749 2590695685644877824
3066951346239307777 4609434218613702656 3066951346239307777
3069203146052993023 3069203146052993024 3069203146052993023
3069203146052993024 3069203146052993024 0
3069203146052993025 3069203146052993024 2832764165616041984
3072956145742468437 3053440547357196287 3045934547978245482
3072956145742468437 4609434218613702656 3072956145742468437
3073706745680363519 3073706745680363520 3073706745680363519
3073706745680363520 3073706745680363520 0
3073706745680363521 3073706745680363520 2837267765243412480
3078210345307734015 3078210345307734016 3078210345307734015
3078210345307734016 3078210345307734016 0
3078210345307734017 3078210345307734016 2841771364870782976
3080462145121419263 3377699720527872000 3080462145121419263
3080462145121419263 4609434218613702656 3080462145121419263
3080462145121419264 3706462493325918209 3080462145121419264
3080462145121419264 4609434218613702656 3080462145121419264
3082713944935104511 3082713944935104512 3082713944935104511
3082713944935104512 3082713944935104512 0
3082713944935104513 3082713944935104512 2846274964498153472
3084965744748789761 4036726465999754581 3084965744748789761
3084965744748789761 4609434218613702656 3084965744748789761
3087217544562475007 3087217544562475008 3087217544562475007
3087217544562475008 3087217544562475008 0
3087217544562475009 3087217544562475008 2850778564125523968
3088753021398855819 4106278080056536856 3088753021398855819
3090970544251950421 4368491638549381119 3090970544251950421
3090970544251950421 4609434218613702656 3090970544251950421
3091721144189845503 3091721144189845504 3091721144189845503
3091721144189845504 3091721144189845504 0
3091721144189845505 3091721144189845504 2855282163752894464
3096224743817215999 3096224743817216000 3096224743817215999
3096224743817216000 3096224743817216000 0
3096224743817216001 3096224743817216000 2859785763380264960
3098476543630901247 4609434218613702656 3098476543630901247
3098476543630901247 4692750811720056832 3098476543630901247
3098476543630901248 4609434218613702656 3098476543630901248
3098476543630901248 5021513584518103041 3098476543630901248
3100728343444586495 3100728343444586496 3100728343444586495
3100728343444586496 3100728343444586496 0
3100728343444586497 3100728343444586496 2864289363007635456
3102980143258271745 4609434218613702656 3102980143258271745
3102980143258271745 5351777557191939413 3102980143258271745
3105231943071956991 3105231943071956992 3105231943071956991
3105231943071956992 3105231943071956992 0
3105231943071956993 3105231943071956992 2868792962635005952
3108984942761432405 4609434218613702656 3108984942761432405
3108984942761432405 5683542729741565951 3108984942761432405
3109735542699327487 3109735542699327488 3109735542699327487
3109735542699327488 3109735542699327488 0
3109735542699327489 3109735542699327488 2873296562262376448
3114239142326697983 3114239142326697984 3114239142326697983
3114239142326697984 3114239142326697984 0
3114239142326697985 3114239142326697984 2877800161889746944
3116490942140383231 4609434218613702656 3116490942140383231
3116490942140383231 6007801902912241664 3116490942140383231
3116490942140383232 4609434218613702656 3116490942140383232
3116490942140383232 6336564675710287873 3116490942140383232
3118742741954068479 3118742741954068480 3118742741954068479
3118742741954068480 3118742741954068480 0
3118742741954068481 3118742741954068480 2882303761517117440
3120994541767753729 4609434218613702656 3120994541767753729
3120994541767753729 6666828648384124245 3120994541767753729
3123246341581438975 3123246341581438976 3123246341581438975
3123246341581438976 3123246341581438976 0
3123246341581438977 3123246341581438976 2886807361144487936
3124185744689925422 5652446904272512812 3124185744689925422
3126999341270914389 4609434218613702656 3126999341270914389
3126999341270914389 6998593820933750783 3126999341270914389
3127749941208809471 3127749941208809472 3127749941208809471
3127749941208809472 3127749941208809472 0
3127749941208809473 3127749941208809472 2891310960771858432
3132056068492815417 4179018048593151264 3132056068492815417
3132253540836179967 3132253540836179968 3132253540836179967
3132253540836179968 3132253540836179968 0
3132253540836179969 3132253540836179968 2895814560399228928
3134505340649865215 4609434218613702656 3134505340649865215
3134505340649865215 7322852994104426496 3134505340649865215
3134505340649865216 4609434218613702656 3134505340649865216
3134505340649865216 7651615766902472705 3134505340649865216
3135600347650931830 1318593799478847293 1315885931342188201
3136757140463550463 3136757140463550464 3136757140463550463
3136757140463550464 3136757140463550464 0
3136757140463550465 3136757140463550464 2900318160026599424
3139008940277235713 4609434218613702656 3139008940277235713
3139008940277235713 7981879739576309077 3139008940277235713
3141260740090920959 3141260740090920960 3141260740090920959
3141260740090920960 3141260740090920960 0
3141260740090920961 3141260740090920960 2904821759653969920
3145013739780396373 4609434218613702656 3145013739780396373
3145013739780396373 8313644912125935615 3145013739780396373
3145764339718291455 3145764339718291456 3145764339718291455
3145764339718291456 3145764339718291456 0
3145764339718291457 3145764339718291456 2909325359281340416
3150267939345661951 3150267939345661952 3150267939345661951
3150267939345661952 3150267939345661952 0
3150267939345661953 3150267939345661952 2913828958908710912
3152519739159347199 4609434218613702656 3152519739159347199
3152519739159347199 8637904085296611328 3152519739159347199
3152519739159347200 4609434218613702656 3152519739159347200
3152519739159347200 8966666858094657537 3152519739159347200
3154771538973032447 3154771538973032448 3154771538973032447
3154771538973032448 3154771538973032448 0
3154771538973032449 3154771538973032448 2918332558536081408
3156451876369993941 3493000480061724909 3156451876369993941
3157023338786717697 78062393541088597 5629499534213120
3157023338786717697 4609434218613702656 3157023338786717697
3159275138600402943 3159275138600402944 3159275138600402943
3159275138600402944 3159275138600402944 0
3159275138600402945 3159275138600402944 2922836158163451904
3163028138289878357 409827566090715135 402321567069678250
3163028138289878357 4609434218613702656 3163028138289878357
3163778738227773439 3163778738227773440 3163778738227773439
3163778738227773440 3163778738227773440 0
3163778738227773441 3163778738227773440 2927339757790822400
3167444062992347346 5566124662218221070 3167444062992347346
3168282337855143935 3168282337855143936 3168282337855143935
3168282337855143936 3168282337855143936 0
3168282337855143937 3168282337855143936 2931843357418192896
3170534137668829183 734086739261390848 0
3170534137668829183 4609434218613702656 3170534137668829183
3170534137668829184 1062849512059437057 828662331436171264
3170534137668829184 4609434218613702656 3170534137668829184
3172785937482514431 3172785937482514432 3172785937482514431
3172785937482514432 3172785937482514432 0
3172785937482514433 3172785937482514432 2936346957045563392
3175037737296199681 1393113484733273429 1239615797433729024
3175037737296199681 4609434218613702656 3175037737296199681
3177289537109884927 3177289537109884928 3177289537109884927
3177289537109884928 3177289537109884928 0
3177289537109884929 3177289537109884928 2940850556672933888
3181042536799360341 1724878657282899967 1721876257531319658
3181042536799360341 4609434218613702656 3181042536799360341
3181571888488615052 3636122267201820637 3181571888488615052
3181793136737255423 3181793136737255424 3181793136737255423
3181793136737255424 3181793136737255424 0
3181793136737255425 3181793136737255424 2945354156300304384
3186296736364625919 3186296736364625920 3186296736364625919
3186296736364625920 3186296736364625920 0
3186296736364625921 3186296736364625920 2949857755927674880
3188548536178311167 2049137830453575680 0
3188548536178311167 4609434218613702656 3188548536178311167
3188548536178311168 2377900603251621889 2251799813685248000
3188548536178311168 4609434218613702656 3188548536178311168
3190800335991996415 3190800335991996416 3190800335991996415
3190800335991996416 3190800335991996416 0
3190800335991996417 3190800335991996416 2954361355555045376
3193052135805681665 2708164575925458261 2706663376049668097
3193052135805681665 4609434218613702656 3193052135805681665
3195303935619366911 3195303935619366912 3195303935619366911
3195303935619366912 3195303935619366912 0
3195303935619366913 3195303935619366912 2958864955182415872
3199056935308842325 3039929748475084799 3036927371629996714
3199056935308842325 4609434218613702656 3199056935308842325
3199807535246737407 3199807535246737408 3199807535246737407
3199807535246737408 3199807535246737408 0
3199807535246737409 3199807535246737408 2963368554809786368
3199898698101492816 4083668961650756498 3199898698101492816
3201075174103779417 8856553883442826775 3201075174103779417
3204311134874107903 3204311134874107904 3204311134874107903
3204311134874107904 3204311134874107904 0
3204311134874107905 3204311134874107904 2967872154437156864
3206562934687793151 3364188921645760512 3206562934687793151
3206562934687793151 4609434218613702656 3206562934687793151
3206562934687793152 3692951694443806721 3206562934687793152
3206562934687793152 4609434218613702656 3206562934687793152
3207995949849447911 6249335331042490233 3207995949849447911
3208814734501478399 3208814734501478400 3208814734501478399
3208814734501478400 3208814734501478400 0
3208814734501478401 3208814734501478400 2972375754064527360
3211066534315163649 4023215667117643093 3211066534315163649
3211066534315163649 4609434218613702656 3211066534315163649
3213318334128848895 3213318334128848896 3213318334128848895
3213318334128848896 3213318334128848896 0
3213318334128848897 3213318334128848896 2976879353691897856
3217071333818324309 4354980839667269631 3217071333818324309
3217071333818324309 4609434218613702656 3217071333818324309
3217286063964568699 1479269966466277782 1472134199931728856
3217821933756219391 3217821933756219392 3217821933756219391
3217821933756219392 3217821933756219392 0
3217821933756219393 3217821933756219392 2981382953319268352
3222325533383589887 3222325533383589888 3222325533383589887
3222325533383589888 3222325533383589888 0
3222325533383589889 3222325533383589888 2985886552946638848
3224577333197275135 4609434218613702656 3224577333197275135
3224577333197275135 4679240012837945344 3224577333197275135
3224577333197275136 4609434218613702656 3224577333197275136
3224577333197275136 5008002785635991553 3224577333197275136
3224716923151802459 4286454421842751733 3224716923151802459
3226829133010960383 3226829133010960384 3226829133010960383
3226829133010960384 3226829133010960384 0
3226829133010960385 3226829133010960384 2990390152574009344
3229080932824645633 4609434218613702656 3229080932824645633
3229080932824645633 5338266758309827925 3229080932824645633
3231332732638330879 3231332732638330880 3231332732638330879
3231332732638330880 3231332732638330880 0
3231332732638330881 3231332732638330880 2994893752201379840
3235085732327806293 4609434218613702656 3235085732327806293
3235085732327806293 5670031930859454463 3235085732327806293
3235836332265701375 3235836332265701376 3235836332265701375
3235836332265701376 3235836332265701376 0
3235836332265701377 3235836332265701376 2999397351828750336
3240339931893071871 3240339931893071872 3240339931893071871
3240339931893071872 3240339931893071872 0
3240339931893071873 3240339931893071872 3003900951456120832
3242591731706757119 4609434218613702656 3242591731706757119
3242591731706757119 5994291104030130176 3242591731706757119
3242591731706757120 4609434218613702656 3242591731706757120
3242591731706757120 6323053876828176385 3242591731706757120
3244843531520442367 3244843531520442368 3244843531520442367
3244843531520442368 3244843531520442368 0
3244843531520442369 3244843531520442368 3008404551083491328
3247095331334127617 4609434218613702656 3247095331334127617
3247095331334127617 6653317849502012757 3247095331334127617
3249347131147812863 3249347131147812864 3249347131147812863
3249347131147812864 3249347131147812864 0
3249347131147812865 3249347131147812864 3012908150710861824
3253100130837288277 4609434218613702656 3253100130837288277
3253100130837288277 6985083022051639295 3253100130837288277
3253850730775183359 3253850730775183360 3253850730775183359
3253850730775183360 3253850730775183360 0
3253850730775183361 3253850730775183360 3017411750338232320
3258354330402553855 3258354330402553856 3258354330402553855
3258354330402553856 3258354330402553856 0
3258354330402553857 3258354330402553856 3021915349965602816
3260606130216239103 4609434218613702656 3260606130216239103
3260606130216239103 7309342195222315008 3260606130216239103
3260606130216239104 4609434218613702656 3260606130216239104
3260606130216239104 7638104968020361217 3260606130216239104
3262857930029924351 3262857930029924352 3262857930029924351
3262857930029924352 3262857930029924352 0
3262857930029924353 3262857930029924352 3026418949592973312
3265109729843609601 4609434218613702656 3265109729843609601
3265109729843609601 7968368940694197589 3265109729843609601
3267361529657294847 3267361529657294848 3267361529657294847
3267361529657294848 3267361529657294848 0
3267361529657294849 3267361529657294848 3030922549220343808
3271114529346770261 4609434218613702656 3271114529346770261
3271114529346770261 8300134113243824127 3271114529346770261
3271865129284665343 3271865129284665344 3271865129284665343
3271865129284665344 3271865129284665344 0
3271865129284665345 3271865129284665344 3035426148847714304
3276368728912035839 3276368728912035840 3276368728912035839
3276368728912035840 3276368728912035840 0
3276368728912035841 3276368728912035840 3039929748475084800
3278620528725721087 4609434218613702656 3278620528725721087
3278620528725721087 8624393286414499840 3278620528725721087
3278620528725721088 4609434218613702656 3278620528725721088
3278620528725721088 8953156059212546049 3278620528725721088
3280008210129777787 6306912147668064919 3280008210129777787
3280872328539406335 3280872328539406336 3280872328539406335
3280872328539406336 3280872328539406336 0
3280872328539406337 3280872328539406336 3044433348102455296
3283124128353091585 64551594658977109 83886080
3283124128353091585 4609434218613702656 3283124128353091585
3285375928166776831 3285375928166776832 3285375928166776831
3285375928166776832 3285375928166776832 0
3285375928166776833 3285375928166776832 3048936947729825792
3289128927856252245 396316767208603647 388810767829652906
3289128927856252245 4609434218613702656 3289128927856252245
3289879527794147327 3289879527794147328 3289879527794147327
3289879527794147328 3289879527794147328 0
3289879527794147329 3289879527794147328 3053440547357196288
3291963148698584782 8782247856937689978 3291963148698584782
3294383127421517823 3294383127421517824 3294383127421517823
3294383127421517824 3294383127421517824 0
3294383127421517825 3294383127421517824 3057944146984566784
3296634927235203071 720575940379279360 0
3296634927235203071 4609434218613702656 3296634927235203071
3296634927235203072 1049338713177325569 954763121002545152
3296634927235203072 4609434218613702656 3296634927235203072
3298886727048888319 3298886727048888320 3298886727048888319
3298886727048888320 3298886727048888320 0
3298886727048888321 3298886727048888320 3062447746611937280
3301138526862573569 1379602685851161941 1365716587000102912
3301138526862573569 4609434218613702656 3301138526862573569
3303390326676258815 3303390326676258816 3303390326676258815
3303390326676258816 3303390326676258816 0
3303390326676258817 3303390326676258816 3066951346239307776
3307143326365734229 1711367858400788479 1703861950647806634
3307143326365734229 4609434218613702656 3307143326365734229
3307753712328468112 8107142657050037405 3307753712328468112
3307893926303629311 3307893926303629312 3307893926303629311
3307893926303629312 3307893926303629312 0
3307893926303629313 3307893926303629312 3071454945866678272
3312397525930999807 3312397525930999808 3312397525930999807
3312397525930999808 3312397525930999808 0
3312397525930999809 3312397525930999808 3075958545494048768
3314649325744685055 2035627031571464192 0
3314649325744685055 4609434218613702656 3314649325744685055
3314649325744685056 2364389804369510401 2364389804369510386
3314649325744685056 4609434218613702656 3314649325744685056
3316107224403740210 8379174597106276465 3316107224403740210
3316901125558370303 3316901125558370304 3316901125558370303
3316901125558370304 3316901125558370304 0
3316901125558370305 3316901125558370304 3080462145121419264
3319152925372055553 2694653777043346773 2599702884899618816
3319152925372055553 4609434218613702656 3319152925372055553
3321404725185740799 3321404725185740800 3321404725185740799
3321404725185740800 3321404725185740800 0
3321404725185740801 3321404725185740800 3084965744748789760
3325157724875216213 3026418949592973311 3023416549841398442
3325157724875216213 4609434218613702656 3325157724875216213
3325908324813111295 3325908324813111296 3325908324813111295
3325908324813111296 3325908324813111296 0
3325908324813111297 3325908324813111296 3089469344376160256
3330411924440481791 3330411924440481792 3330411924440481791
3330411924440481792 3330411924440481792 0
3330411924440481793 3330411924440481792 3093972944003530752
3332663724254167039 3350678122763649024 3332663724254167039
3332663724254167039 4609434218613702656 3332663724254167039
3332663724254167040 3679440895561695233 3332663724254167040
3332663724254167040 4609434218613702656 3332663724254167040
3334915524067852287 3334915524067852288 3334915524067852287
3334915524067852288 3334915524067852288 0
3334915524067852289 3334915524067852288 3098476543630901248
3335743290476528817 1171047046615854062 1161754409985764352
3337167323881537537 4009704868235531605 3337167323881537537
3337167323881537537 4609434218613702656 3337167323881537537
3339419123695222783 3339419123695222784 3339419123695222783
3339419123695222784 3339419123695222784 0
3339419123695222785 3339419123695222784 3102980143258271744
3343172123384698197 4341470040785158143 3343172123384698197
3343172123384698197 4609434218613702656 3343172123384698197
3343922723322593279 3343922723322593280 3343922723322593279
3343922723322593280 3343922723322593280 0
3343922723322593281 3343922723322593280 3107483742885642240
3348426322949963775 3348426322949963776 3348426322949963775
3348426322949963776 3348426322949963776 0
3348426322949963777 3348426322949963776 3111987342513012736
3350678122763649023 4609434218613702656 3350678122763649023
3350678122763649023 4665729213955833856 3350678122763649023
3350678122763649024 4609434218613702656 3350678122763649024
3350678122763649024 4994491986753880065 3350678122763649024
3352929922577334271 3352929922577334272 3352929922577334271
3352929922577334272 3352929922577334272 0
3352929922577334273 3352929922577334272 3116490942140383232
3355181722391019521 4609434218613702656 3355181722391019521
3355181722391019521 5324755959427716437 3355181722391019521
3357433522204704767 3357433522204704768 3357433522204704767
3357433522204704768 3357433522204704768 0
3357433522204704769 3357433522204704768 3120994541767753728
3361186521894180181 4609434218613702656 3361186521894180181
3361186521894180181 5656521131977342975 3361186521894180181
3361937121832075263 3361937121832075264 3361937121832075263
3361937121832075264 3361937121832075264 0
3361937121832075265 3361937121832075264 3125498141395124224
3366440721459445759 3366440721459445760 3366440721459445759
3366440721459445760 3366440721459445760 0
3366440721459445761 3366440721459445760 3130001741022494720
3368692521273131007 4609434218613702656 3368692521273131007
3368692521273131007 5980780305148018688 3368692521273131007
3368692521273131008 4609434218613702656 3368692521273131008
3368692521273131008 6309543077946064897 3368692521273131008
3370944321086816255 3370944321086816256 3370944321086816255
3370944321086816256 3370944321086816256 0
3370944321086816257 3370944321086816256 3134505340649865216
3373196120900501505 4609434218613702656 3373196120900501505
3373196120900501505 6639807050619901269 3373196120900501505
3375447920714186751 3375447920714186752 3375447920714186751
3375447920714186752 3375447920714186752 0
3375447920714186753 3375447920714186752 3139008940277235712
3379200920403662165 4609434218613702656 3379200920403662165
3379200920403662165 6971572223169527807 3379200920403662165
3379951520341557247 3379951520341557248 3379951520341557247
3379951520341557248 3379951520341557248 0
3379951520341557249 3379951520341557248 3143512539904606208
3384455119968927743 3384455119968927744 3384455119968927743
3384455119968927744 3384455119968927744 0
3384455119968927745 3384455119968927744 3148016139531976704
3386706919782612991 4609434218613702656 3386706919782612991
3386706919782612991 7295831396340203520 3386706919782612991
3386706919782612992 4609434218613702656 3386706919782612992
3386706919782612992 7624594169138249729 3386706919782612992
3388958719596298239 3388958719596298240 3388958719596298239
3388958719596298240 3388958719596298240 0
3388958719596298241 3388958719596298240 3152519739159347200
3391210519409983489 4609434218613702656 3391210519409983489
3391210519409983489 7954858141812086101 3391210519409983489
3393462319223668735 3393462319223668736 3393462319223668735
3393462319223668736 3393462319223668736 0
3393462319223668737 3393462319223668736 3157023338786717696
3397215318913144149 4609434218613702656 3397215318913144149
3397215318913144149 8286623314361712639 3397215318913144149
3397965918851039231 3397965918851039232 3397965918851039231
3397965918851039232 3397965918851039232 0
3397965918851039233 3397965918851039232 3161526938414088192
3402469518478409727 3402469518478409728 3402469518478409727
3402469518478409728 3402469518478409728 0
3402469518478409729 3402469518478409728 3166030538041458688
3404721318292094975 4609434218613702656 3404721318292094975
3404721318292094975 8610882487532388352 3404721318292094975
3404721318292094976 4609434218613702656 3404721318292094976
3404721318292094976 8939645260330434561 3404721318292094976
3406973118105780223 3406973118105780224 3406973118105780223
3406973118105780224 3406973118105780224 0
3406973118105780225 3406973118105780224 3170534137668829184
3407225629434624808 8387469424376056170 3407225629434624808
3409224917919465473 51040795776865621 14636698788954112
3409224917919465473 4609434218613702656 3409224917919465473
3411476717733150719 3411476717733150720 3411476717733150719
3411476717733150720 3411476717733150720 0
3411476717733150721 3411476717733150720 3175037737296199680
3415229717422626133 382805968326492159 379803660200880810
3415229717422626133 4609434218613702656 3415229717422626133
3415465334266779217 3871718330967462748 3415465334266779217
3415980317360521215 3415980317360521216 3415980317360521215
3415980317360521216 3415980317360521216 0
3415980317360521217 3415980317360521216 3179541336923570176
3420483916987891711 3420483916987891712 3420483916987891711
3420483916987891712 3420483916987891712 0
3420483916987891713 3420483916987891712 3184044936550940672
3422735716801576959 707065141497167872 0
3422735716801576959 4609434218613702656 3422735716801576959
3422735716801576960 1035827914295214081 1035827914295212034
3422735716801576960 4609434218613702656 3422735716801576960
3424987516615262207 3424987516615262208 3424987516615262207
3424987516615262208 3424987516615262208 0
3424987516615262209 3424987516615262208 3188548536178311168
3427239316428947457 1366091886969050453 1248622996688470016
3427239316428947457 4609434218613702656 3427239316428947457
3429491116242632703 3429491116242632704 3429491116242632703
3429491116242632704 3429491116242632704 0
3429491116242632705 3429491116242632704 3193052135805681664
3430871715987736370 5121397048948479951 3430871715987736370
3433244115932108117 1697857059518676991 1690351060139748010
3433244115932108117 4609434218613702656 3433244115932108117
3433994715870003199 3433994715870003200 3433994715870003199
3433994715870003200 3433994715870003200 0
3433994715870003201 3433994715870003200 3197555735433052160
3438498315497373695 3438498315497373696 3438498315497373695
3438498315497373696 3438498315497373696 0
3438498315497373697 3438498315497373696 3202059335060422656
3440750115311058943 2022116232689352704 0
3440750115311058943 4609434218613702656 3440750115311058943
3440750115311058944 2350879005487398913 2350878971127660546
3440750115311058944 4609434218613702656 3440750115311058944
3443001915124744191 3443001915124744192 3443001915124744191
3443001915124744192 3443001915124744192 0
3443001915124744193 3443001915124744192 3206562934687793152
3445253714938429441 2681142978161235285 2482609294587985920
3445253714938429441 4609434218613702656 3445253714938429441
3447505514752114687 3447505514752114688 3447505514752114687
3447505514752114688 3447505514752114688 0
3447505514752114689 3447505514752114688 3211066534315163648
3451258514441590101 3012908150710861823 3005425607579970218
3451258514441590101 4609434218613702656 3451258514441590101
3452009114379485183 3452009114379485184 3452009114379485183
3452009114379485184 3452009114379485184 0
3452009114379485185 3452009114379485184 3215570133942534144
3456512714006855679 3456512714006855680 3456512714006855679
3456512714006855680 3456512714006855680 0
3456512714006855681 3456512714006855680 3220073733569904640
3458764513820540927 3337167323881537536 3337167323747319808
3458764513820540927 4609434218613702656 3458764513820540927
3458764513820540928 3665930096679583745 3458764513820540928
3458764513820540928 4609434218613702656 3458764513820540928
3461016313634226175 3461016313634226176 3461016313634226175
3461016313634226176 3461016313634226176 0
3461016313634226177 3461016313634226176 3224577333197275136
3463268113447911425 3996194069353420117 3463268113447911425
3463268113447911425 4609434218613702656 3463268113447911425
3465519913261596671 3465519913261596672 3465519913261596671
3465519913261596672 3465519913261596672 0
3465519913261596673 3465519913261596672 3229080932824645632
3469272912951072085 4327959241903046655 3469272912951072085
3469272912951072085 4609434218613702656 3469272912951072085
3470023512888967167 3470023512888967168 3470023512888967167
3470023512888967168 3470023512888967168 0
3470023512888967169 3470023512888967168 3233584532452016128
3474527112516337663 3474527112516337664 3474527112516337663
3474527112516337664 3474527112516337664 0
3474527112516337665 3474527112516337664 3238088132079386624
3476778912330022911 4609434218613702656 3476778912330022911
3476778912330022911 4652218415073722368 3476778912330022911
3476778912330022912 4609434218613702656 3476778912330022912
3476778912330022912 4980981187871768577 3476778912330022912
3479030712143708159 3479030712143708160 3479030712143708159
3479030712143708160 3479030712143708160 0
3479030712143708161 3479030712143708160 3242591731706757120
3479543776823492152 581414687830223816 575180374872391520
3481282511957393409 4609434218613702656 3481282511957393409
3481282511957393409 5311245160545604949 3481282511957393409
3483534311771078655 3483534311771078656 3483534311771078655
3483534311771078656 3483534311771078656 0
3483534311771078657 3483534311771078656 3247095331334127616
3487287311460554069 4609434218613702656 3487287311460554069
3487287311460554069 5643010333095231487 3487287311460554069
3488037911398449151 3488037911398449152 3488037911398449151
3488037911398449152 3488037911398449152 0
3488037911398449153 3488037911398449152 3251598930961498112
3492541511025819647 3492541511025819648 3492541511025819647
3492541511025819648 3492541511025819648 0
3492541511025819649 3492541511025819648 3256102530588868608
3494793310839504895 4609434218613702656 3494793310839504895
3494793310839504895 5967269506265907200 3494793310839504895
3494793310839504896 4609434218613702656 3494793310839504896
3494793310839504896 6296032279063953409 3494793310839504896
3497045110653190143 3497045110653190144 3497045110653190143
3497045110653190144 3497045110653190144 0
3497045110653190145 3497045110653190144 3260606130216239104
3499296910466875393 4609434218613702656 3499296910466875393
3499296910466875393 6626296251737789781 3499296910466875393
3501548710280560639 3501548710280560640 3501548710280560639
3501548710280560640 3501548710280560640 0
3501548710280560641 3501548710280560640 3265109729843609600
3505301709970036053 4609434218613702656 3505301709970036053
3505301709970036053 6958061424287416319 3505301709970036053
3506052309907931135 3506052309907931136 3506052309907931135
3506052309907931136 3506052309907931136 0
3506052309907931137 3506052309907931136 3269613329470980096
3510555909535301631 3510555909535301632 3510555909535301631
3510555909535301632 3510555909535301632 0
3510555909535301633 3510555909535301632 3274116929098350592
3512807709348986879 4609434218613702656 3512807709348986879
3512807709348986879 7282320597458092032 3512807709348986879
3512807709348986880 4609434218613702656 3512807709348986880
3512807709348986880 7611083370256138241 3512807709348986880
3513029560738916422 4123172467321995847 3513029560738916422
3515059509162672127 3515059509162672128 3515059509162672127
3515059509162672128 3515059509162672128 0
3515059509162672129 3515059509162672128 3278620528725721088
3516217651895708893 5225115728580913330 3516217651895708893
3517311308976357377 4609434218613702656 3517311308976357377
3517311308976357377 7941347342929974613 3517311308976357377
3519563108790042623 3519563108790042624 3519563108790042623
3519563108790042624 3519563108790042624 0
3519563108790042625 3519563108790042624 3283124128353091584
3523316108479518037 4609434218613702656 3523316108479518037
3523316108479518037 8273112515479601151 3523316108479518037
3524066708417413119 3524066708417413120 3524066708417413119
3524066708417413120 3524066708417413120 0
3524066708417413121 3524066708417413120 3287627727980462080
3528570308044783615 3528570308044783616 3528570308044783615
3528570308044783616 3528570308044783616 0
3528570308044783617 3528570308044783616 3292131327607832576
3530822107858468863 4609434218613702656 3530822107858468863
3530822107858468863 8597371688650276864 3530822107858468863
3530822107858468864 4609434218613702656 3530822107858468864
3530822107858468864 8926134461448323073 3530822107858468864
3530824179323778668 3651802072692923265 3530824179323778668
3533073907672154111 3533073907672154112 3533073907672154111
3533073907672154112 3533073907672154112 0
3533073907672154113 3533073907672154112 3296634927235203072
3535325707485839361 37529996894754133 335544320
3535325707485839361 4609434218613702656 3535325707485839361
3537577507299524607 3537577507299524608 3537577507299524607
3537577507299524608 3537577507299524608 0
3537577507299524609 3537577507299524608 3301138526862573568
3541330506989000021 369295169444380671 366292769692822186
3541330506989000021 4609434218613702656 3541330506989000021
3542081106926895103 3542081106926895104 3542081106926895103
3542081106926895104 3542081106926895104 0
3542081106926895105 3542081106926895104 3305642126489944064
3545386501962227750 4429370937281336806 3545386501962227750
3546584706554265599 3546584706554265600 3546584706554265599
3546584706554265600 3546584706554265600 0
3546584706554265601 3546584706554265600 3310145726117314560
3548766340207920709 4803640266285909493 3548766340207920709
3548836506367950847 693554342615056384 0
3548836506367950847 4609434218613702656 3548836506367950847
3548836506367950848 1022317115413102593 1022312717366591490
3548836506367950848 4609434218613702656 3548836506367950848
3551088306181636095 3551088306181636096 3551088306181636095
3551088306181636096 3551088306181636096 0
3551088306181636097 3551088306181636096 3314649325744685056
3551414386250910841 5913782380423089673 3551414386250910841
3553340105995321345 1352581088086938965 1131529406376837120
3553340105995321345 4609434218613702656 3553340105995321345
3555591905809006591 3555591905809006592 3555591905809006591
3555591905809006592 3555591905809006592 0
3555591905809006593 3555591905809006592 3319152925372055552
3559344905498482005 1684346260636565503 1681367317133044394
3559344905498482005 4609434218613702656 3559344905498482005
3560095505436377087 3560095505436377088 3560095505436377087
3560095505436377088 3560095505436377088 0
3560095505436377089 3560095505436377088 3323656524999426048
3563133785042459521 5282875935958211038 3563133785042459521
3564599105063747583 3564599105063747584 3564599105063747583
3564599105063747584 3564599105063747584 0
3564599105063747585 3564599105063747584 3328160124626796544
3564610527037048511 5460890358143118250 3564610527037048511
3566850904877432831 2008605433807241216 0
3566850904877432831 4609434218613702656 3566850904877432831
3566850904877432832 2337368206605287425 2161727821137838080
3566850904877432832 4609434218613702656 3566850904877432832
3569102704691118079 3569102704691118080 3569102704691118079
3569102704691118080 3569102704691118080 0
3569102704691118081 3569102704691118080 3332663724254167040
3571354504504803329 2667632179279123797 2608710084154359808
3571354504504803329 4609434218613702656 3571354504504803329
3573606304318488575 3573606304318488576 3573606304318488575
3573606304318488576 3573606304318488576 0
3573606304318488577 3573606304318488576 3337167323881537536
3577359304007963989 2999397351828750335 2991891352455391914
3577359304007963989 4609434218613702656 3577359304007963989
3578109903945859071 3578109903945859072 3578109903945859071
3578109903945859072 3578109903945859072 0
3578109903945859073 3578109903945859072 3341670923508908032
3582613503573229567 3582613503573229568 3582613503573229567
3582613503573229568 3582613503573229568 0
3582613503573229569 3582613503573229568 3346174523136278528
3584865303386914815 3323656524999426048 0
3584865303386914815 4609434218613702656 3584865303386914815
3584865303386914816 3652419297797472257 3584865303386914816
3584865303386914816 4609434218613702656 3584865303386914816
3587117103200600063 3587117103200600064 3587117103200600063
3587117103200600064 3587117103200600064 0
3587117103200600065 3587117103200600064 3350678122763649024
3589368903014285313 3982683270471308629 3589368903014285313
3589368903014285313 4609434218613702656 3589368903014285313
3591620702827970559 3591620702827970560 3591620702827970559
3591620702827970560 3591620702827970560 0
3591620702827970561 3591620702827970560 3355181722391019520
3595373702517445973 4314448443020935167 3595373702517445973
3595373702517445973 4609434218613702656 3595373702517445973
3596124302455341055 3596124302455341056 3596124302455341055
3596124302455341056 3596124302455341056 0
3596124302455341057 3596124302455341056 3359685322018390016
3600627902082711551 3600627902082711552 3600627902082711551
3600627902082711552 3600627902082711552 0
3600627902082711553 3600627902082711552 3364188921645760512
3602879701896396799 4609434218613702656 3602879701896396799
3602879701896396799 4638707616191610880 3602879701896396799
3602879701896396800 4609434218613702656 3602879701896396800
3602879701896396800 4967470388989657089 3602879701896396800
3605131501710082047 3605131501710082048 3605131501710082047
3605131501710082048 3605131501710082048 0
3605131501710082049 3605131501710082048 3368692521273131008
3607383301523767297 4609434218613702656 3607383301523767297
3607383301523767297 5297734361663493461 3607383301523767297
3609635101337452543 3609635101337452544 3609635101337452543
3609635101337452544 3609635101337452544 0
3609635101337452545 3609635101337452544 3373196120900501504
3613388101026927957 4609434218613702656 3613388101026927957
3613388101026927957 5629499534213119999 3613388101026927957
3614138700964823039 3614138700964823040 3614138700964823039
3614138700964823040 3614138700964823040 0
3614138700964823041 3614138700964823040 3377699720527872000
3618642300592193535 3618642300592193536 3618642300592193535
3618642300592193536 3618642300592193536 0
3618642300592193537 3618642300592193536 3382203320155242496
3620306183748992449 7830138828071845614 3620306183748992449
3620894100405878783 4609434218613702656 3620894100405878783
3620894100405878783 5953758707383795712 3620894100405878783
3620894100405878784 4609434218613702656 3620894100405878784
3620894100405878784 6282521480181841921 3620894100405878784
3623145900219564031 3623145900219564032 3623145900219564031
3623145900219564032 3623145900219564032 0
3623145900219564033 3623145900219564032 3386706919782612992
3625397700033249281 4609434218613702656 3625397700033249281
3625397700033249281 6612785452855678293 3625397700033249281
3625960100698242821 2266556387835330312 2260878691381896672
3627649499846934527 3627649499846934528 3627649499846934527
3627649499846934528 3627649499846934528 0
3627649499846934529 3627649499846934528 3391210519409983488
3631402499536409941 4609434218613702656 3631402499536409941
3631402499536409941 6944550625405304831 3631402499536409941
3632153099474305023 3632153099474305024 3632153099474305023
3632153099474305024 3632153099474305024 0
3632153099474305025 3632153099474305024 3395714119037353984
3636656699101675519 3636656699101675520 3636656699101675519
3636656699101675520 3636656699101675520 0
3636656699101675521 3636656699101675520 3400217718664724480
3638908498915360767 4609434218613702656 3638908498915360767
3638908498915360767 7268809798575980544 3638908498915360767
3638908498915360768 4609434218613702656 3638908498915360768
3638908498915360768 7597572571374026753 3638908498915360768
3641160298729046015 3641160298729046016 3641160298729046015
3641160298729046016 3641160298729046016 0
3641160298729046017 3641160298729046016 3404721318292094976
3643412098542731265 4609434218613702656 3643412098542731265
3643412098542731265 7927836544047863125 3643412098542731265
3645663898356416511 3645663898356416512 3645663898356416511
3645663898356416512 3645663898356416512 0
3645663898356416513 3645663898356416512 3409224917919465472
3649416898045891925 4609434218613702656 3649416898045891925
3649416898045891925 8259601716597489663 3649416898045891925
3650167497983787007 3650167497983787008 3650167497983787007
3650167497983787008 3650167497983787008 0
3650167497983787009 3650167497983787008 3413728517546835968
3650487423361137327 2168526387554721460 2166743631996888356
3654671097611157503 3654671097611157504 3654671097611157503
3654671097611157504 3654671097611157504 0
3654671097611157505 3654671097611157504 3418232117174206464
3656922897424842751 4609434218613702656 3656922897424842751
3656922897424842751 8583860889768165376 3656922897424842751
3656922897424842752 4609434218613702656 3656922897424842752
3656922897424842752 8912623662566211585 3656922897424842752
3659174697238527999 3659174697238528000 3659174697238527999
3659174697238528000 3659174697238528000 0
3659174697238528001 3659174697238528000 3422735716801576960
3661426497052213249 24019198012642645 23643898043695104
3661426497052213249 4609434218613702656 3661426497052213249
3663678296865898495 3663678296865898496 3663678296865898495
3663678296865898496 3663678296865898496 0
3663678296865898497 3663678296865898496 3427239316428947456
3667431296555373909 355784370562269183 348372196175555242
3667431296555373909 4609434218613702656 3667431296555373909
3668181896493268991 3668181896493268992 3668181896493268991
3668181896493268992 3668181896493268992 0
3668181896493268993 3668181896493268992 3431742916056317952
3672685496120639487 3672685496120639488 3672685496120639487
3672685496120639488 3672685496120639488 0
3672685496120639489 3672685496120639488 3436246515683688448
3674937295934324735 680043543732944896 0
3674937295934324735 4609434218613702656 3674937295934324735
3674937295934324736 1008806316530991105 864691128455135232
3674937295934324736 4609434218613702656 3674937295934324736
3676778136772422307 8478627593823225007 3676778136772422307
3677189095748009983 3677189095748009984 3677189095748009983
3677189095748009984 3677189095748009984 0
3677189095748009985 3677189095748009984 3440750115311058944
3679440895561695233 1339070289204827477 1257630195943211008
3679440895561695233 4609434218613702656 3679440895561695233
3681692695375380479 3681692695375380480 3681692695375380479
3681692695375380480 3681692695375380480 0
3681692695375380481 3681692695375380480 3445253714938429440
3685445695064855893 1670835461754454015 1667833062008466090
3685445695064855893 4609434218613702656 3685445695064855893
3686196295002750975 3686196295002750976 3686196295002750975
3686196295002750976 3686196295002750976 0
3686196295002750977 3686196295002750976 3449757314565799936
3690699894630121471 3690699894630121472 3690699894630121471
3690699894630121472 3690699894630121472 0
3690699894630121473 3690699894630121472 3454260914193170432
3692845808172466699 7675535403506755439 3692845808172466699
3692951694443806719 1995094634925129728 0
3692951694443806719 4609434218613702656 3692951694443806719
3692951694443806720 2323857407723175937 2287828610704211968
3692951694443806720 4609434218613702656 3692951694443806720
3695203494257491967 3695203494257491968 3695203494257491967
3695203494257491968 3695203494257491968 0
3695203494257491969 3695203494257491968 3458764513820540928
3695548214264601379 958764256895346728 952143043293040976
3697455294071177217 2654121380397012309 2491616493842726912
3697455294071177217 4609434218613702656 3697455294071177217
3699707093884862463 3699707093884862464 3699707093884862463
3699707093884862464 3699707093884862464 0
3699707093884862465 3699707093884862464 3463268113447911424
3700332487027855361 6584682021256131632 3700332487027855361
3703460093574337877 2985886552946638847 2978380553567688022
3703460093574337877 4609434218613702656 3703460093574337877
3704210693512232959 3704210693512232960 3704210693512232959
3704210693512232960 3704210693512232960 0
3704210693512232961 3704210693512232960 3467771713075281920
3708714293139603455 3708714293139603456 3708714293139603455
3708714293139603456 3708714293139603456 0
3708714293139603457 3708714293139603456 3472275312702652416
3710966092953288703 3310145726117314560 0
3710966092953288703 4609434218613702656 3710966092953288703
3710966092953288704 3638908498915360769 3638908498915229698
3710966092953288704 4609434218613702656 3710966092953288704
3713217892766973951 3713217892766973952 3713217892766973951
3713217892766973952 3713217892766973952 0
3713217892766973953 3713217892766973952 3476778912330022912
3715469692580659201 3969172471589197141 3715469692580659201
3715469692580659201 4609434218613702656 3715469692580659201
3717721492394344447 3717721492394344448 3717721492394344447
3717721492394344448 3717721492394344448 0
3717721492394344449 3717721492394344448 3481282511957393408
3721474492083819861 4300937644138823679 3721474492083819861
3721474492083819861 4609434218613702656 3721474492083819861
3722225092021714943 3722225092021714944 3722225092021714943
3722225092021714944 3722225092021714944 0
3722225092021714945 3722225092021714944 3485786111584763904
3726728691649085439 3726728691649085440 3726728691649085439
3726728691649085440 3726728691649085440 0
3726728691649085441 3726728691649085440 3490289711212134400
3728980491462770687 4609434218613702656 3728980491462770687
3728980491462770687 4625196817309499392 3728980491462770687
3728980491462770688 4609434218613702656 3728980491462770688
3728980491462770688 4953959590107545601 3728980491462770688
3731232291276455935 3731232291276455936 3731232291276455935
3731232291276455936 3731232291276455936 0
3731232291276455937 3731232291276455936 3494793310839504896
3733484091090141185 4609434218613702656 3733484091090141185
3733484091090141185 5284223562781381973 3733484091090141185
3735735890903826431 3735735890903826432 3735735890903826431
3735735890903826432 3735735890903826432 0
3735735890903826433 3735735890903826432 3499296910466875392
3736412835994732553 2301593371325663441 2281244004341303072
3739488890593301845 4609434218613702656 3739488890593301845
3739488890593301845 5615988735331008511 3739488890593301845
3740239490531196927 3740239490531196928 3740239490531196927
3740239490531196928 3740239490531196928 0
3740239490531196929 3740239490531196928 3503800510094245888
3744743090158567423 3744743090158567424 3744743090158567423
3744743090158567424 3744743090158567424 0
3744743090158567425 3744743090158567424 3508304109721616384
3746994889972252671 4609434218613702656 3746994889972252671
3746994889972252671 5940247908501684224 3746994889972252671
3746994889972252672 4609434218613702656 3746994889972252672
3746994889972252672 6269010681299730433 3746994889972252672
3749246689785937919 3749246689785937920 3749246689785937919
3749246689785937920 3749246689785937920 0
3749246689785937921 3749246689785937920 3512807709348986880
3751498489599623169 4609434218613702656 3751498489599623169
3751498489599623169 6599274653973566805 3751498489599623169
3753750289413308415 3753750289413308416 3753750289413308415
3753750289413308416 3753750289413308416 0
3753750289413308417 3753750289413308416 3517311308976357376
3757422928720837622 3372655940729032347 3370601160467635038
3757503289102783829 4609434218613702656 3757503289102783829
3757503289102783829 6931039826523193343 3757503289102783829
3758253889040678911 3758253889040678912 3758253889040678911
3758253889040678912 3758253889040678912 0
3758253889040678913 3758253889040678912 3521814908603727872
3759898259980575231 1187866629137798321 1174763331647309960
3762757488668049407 3762757488668049408 3762757488668049407
3762757488668049408 3762757488668049408 0
3762757488668049409 3762757488668049408 3526318508231098368
3765009288481734655 4609434218613702656 3765009288481734655
3765009288481734655 7255298999693869056 3765009288481734655
3765009288481734656 4609434218613702656 3765009288481734656
3765009288481734656 7584061772491915265 3765009288481734656
3767261088295419903 3767261088295419904 3767261088295419903
3767261088295419904 3767261088295419904 0
3767261088295419905 3767261088295419904 3530822107858468864
3769512888109105153 4609434218613702656 3769512888109105153
3769512888109105153 7914325745165751637 3769512888109105153
3771764687922790399 3771764687922790400 3771764687922790399
3771764687922790400 3771764687922790400 0
3771764687922790401 3771764687922790400 3535325707485839360
3773699559206205102 2561709283862910430 2558947165020804952
3775517687612265813 4609434218613702656 3775517687612265813
3775517687612265813 8246090917715378175 3775517687612265813
3776268287550160895 3776268287550160896 3776268287550160895
3776268287550160896 3776268287550160896 0
3776268287550160897 3776268287550160896 3539829307113209856
3780771887177531391 3780771887177531392 3780771887177531391
3780771887177531392 3780771887177531392 0
3780771887177531393 3780771887177531392 3544332906740580352
3783023686991216639 4609434218613702656 3783023686991216639
3783023686991216639 8570350090886053888 3783023686991216639
3783023686991216640 4609434218613702656 3783023686991216640
3783023686991216640 8899112863684100097 3783023686991216640
3785275486804901887 3785275486804901888 3785275486804901887
3785275486804901888 3785275486804901888 0
3785275486804901889 3785275486804901888 3548836506367950848
3787527286618587137 10508399130531157 1342177280
3787527286618587137 4609434218613702656 3787527286618587137
3789779086432272383 3789779086432272384 3789779086432272383
3789779086432272384 3789779086432272384 0
3789779086432272385 3789779086432272384 3553340105995321344
3793532086121747797 342273571680157695 334767572323576490
3793532086121747797 4609434218613702656 3793532086121747797
3794108214155679522 3383897255829981666 3383791671821669986
3794282686059642879 3794282686059642880 3794282686059642879
3794282686059642880 3794282686059642880 0
3794282686059642881 3794282686059642880 3557843705622691840
3795896343938132880 4756050597594133627 3795896343938132880
3798786285687013375 3798786285687013376 3798786285687013375
3798786285687013376 3798786285687013376 0
3798786285687013377 3798786285687013376 3562347305250062336
3801038085500698623 666532744850833408 0
3801038085500698623 4609434218613702656 3801038085500698623
3801038085500698624 995295517648879617 990791918021509120
3801038085500698624 4609434218613702656 3801038085500698624
3803289885314383871 3803289885314383872 3803289885314383871
3803289885314383872 3803289885314383872 0
3803289885314383873 3803289885314383872 3566850904877432832
3805541685128069121 1325559490322715989 1140536605631578112
3805541685128069121 4609434218613702656 3805541685128069121
3807793484941754367 3807793484941754368 3807793484941754367
3807793484941754368 3807793484941754368 0
3807793484941754369 3807793484941754368 3571354504504803328
3811546484631229781 1657324662872342527 1654322263120762198
3811546484631229781 4609434218613702656 3811546484631229781
3812297084569124863 3812297084569124864 3812297084569124863
3812297084569124864 3812297084569124864 0
3812297084569124865 3812297084569124864 3575858104132173824
3816800684196495359 3816800684196495360 3816800684196495359
3816800684196495360 3816800684196495360 0
3816800684196495361 3816800684196495360 3580361703759544320
3819052484010180607 1981583836043018240 0
3819052484010180607 4609434218613702656 3819052484010180607
3819052484010180608 2310346608841064449 2310346608824287234
3819052484010180608 4609434218613702656 3819052484010180608
3820857916856701024 7390149546270362881 3820857916856701024
3821304283823865855 3821304283823865856 3821304283823865855
3821304283823865856 3821304283823865856 0
3821304283823865857 3821304283823865856 3584865303386914816
3823556083637551105 2640610581514900821 2617717283409100800
3823556083637551105 4609434218613702656 3823556083637551105
3824920213383682073 8213088871287900709 3824920213383682073
3825807883451236351 3825807883451236352 3825807883451236351
3825807883451236352 3825807883451236352 0
3825807883451236353 3825807883451236352 3589368903014285312
3829560883140711765 2972375754064527359 2969373355744602794
3829560883140711765 4609434218613702656 3829560883140711765
3830311483078606847 3830311483078606848 3830311483078606847
3830311483078606848 3830311483078606848 0
3830311483078606849 3830311483078606848 3593872502641655808
3834815082705977343 3834815082705977344 3834815082705977343
3834815082705977344 3834815082705977344 0
3834815082705977345 3834815082705977344 3598376102269026304
3837066882519662591 3296634927235203072 0
3837066882519662591 4609434218613702656 3837066882519662591
3837066882519662592 3625397700033249281 3625116225056538626
3837066882519662592 4609434218613702656 3837066882519662592
3839318682333347839 3839318682333347840 3839318682333347839
3839318682333347840 3839318682333347840 0
3839318682333347841 3839318682333347840 3602879701896396800
3840668169550956960 3091327377734297462 3084845519048260456
3841064591229847783 1037725650262122660 1037701373103228252
3841570482147033089 3955661672707085653 3841570482147033089
3841570482147033089 4609434218613702656 3841570482147033089
3843822281960718335 3843822281960718336 3843822281960718335
3843822281960718336 3843822281960718336 0
3843822281960718337 3843822281960718336 3607383301523767296
3845302350188745285 1186122612281135423 1180888448655508510
3847575281650193749 4287426845256712191 3847575281650193749
3847575281650193749 4609434218613702656 3847575281650193749
3848325881588088831 3848325881588088832 3848325881588088831
3848325881588088832 3848325881588088832 0
3848325881588088833 3848325881588088832 3611886901151137792
3852829481215459327 3852829481215459328 3852829481215459327
3852829481215459328 3852829481215459328 0
3852829481215459329 3852829481215459328 3616390500778508288
3855081281029144575 4609434218613702656 3855081281029144575
3855081281029144575 4611686018427387904 3855081281029144575
3855081281029144576 4609434218613702656 3855081281029144576
3855081281029144576 4940448791225434113 3855081281029144576
3857333080842829823 3857333080842829824 3857333080842829823
3857333080842829824 3857333080842829824 0
3857333080842829825 3857333080842829824 3620894100405878784
3859584880656515073 4609434218613702656 3859584880656515073
3859584880656515073 5270712763899270485 3859584880656515073
3861836680470200319 3861836680470200320 3861836680470200319
3861836680470200320 3861836680470200320 0
3861836680470200321 3861836680470200320 3625397700033249280
3865589680159675733 4609434218613702656 3865589680159675733
3865589680159675733 5602477936448897023 3865589680159675733
3866340280097570815 3866340280097570816 3866340280097570815
3866340280097570816 3866340280097570816 0
3866340280097570817 3866340280097570816 3629901299660619776
3870843879724941311 3870843879724941312 3870843879724941311
3870843879724941312 3870843879724941312 0
3870843879724941313 3870843879724941312 3634404899287990272
3873095679538626559 4609434218613702656 3873095679538626559
3873095679538626559 5926737109619572736 3873095679538626559
3873095679538626560 4609434218613702656 3873095679538626560
3873095679538626560 6255499882417618945 3873095679538626560
3875347479352311807 3875347479352311808 3875347479352311807
3875347479352311808 3875347479352311808 0
3875347479352311809 3875347479352311808 3638908498915360768
3877599279165997057 4609434218613702656 3877599279165997057
3877599279165997057 6585763855091455317 3877599279165997057
3879851078979682303 3879851078979682304 3879851078979682303
3879851078979682304 3879851078979682304 0
3879851078979682305 3879851078979682304 3643412098542731264
3883604078669157717 4609434218613702656 3883604078669157717
3883604078669157717 6917529027641081855 3883604078669157717
3883765729809945607 3486924108301536788 3483236311555400544
3884354678607052799 3884354678607052800 3884354678607052799
3884354678607052800 3884354678607052800 0
3884354678607052801 3884354678607052800 3647915698170101760
3888858278234423295 3888858278234423296 3888858278234423295
3888858278234423296 3888858278234423296 0
3888858278234423297 3888858278234423296 3652419297797472256
3891110078048108543 4609434218613702656 3891110078048108543
3891110078048108543 7241788200811757568 3891110078048108543
3891110078048108544 4609434218613702656 3891110078048108544
3891110078048108544 7570550973609803777 3891110078048108544
3893361877861793791 3893361877861793792 3893361877861793791
3893361877861793792 3893361877861793792 0
3893361877861793793 3893361877861793792 3656922897424842752
3895613677675479041 4609434218613702656 3895613677675479041
3895613677675479041 7900814946283640149 3895613677675479041
3897865477489164287 3897865477489164288 3897865477489164287
3897865477489164288 3897865477489164288 0
3897865477489164289 3897865477489164288 3661426497052213248
3901618477178639701 4609434218613702656 3901618477178639701
3901618477178639701 8232580118833266687 3901618477178639701
3902369077116534783 3902369077116534784 3902369077116534783
3902369077116534784 3902369077116534784 0
3902369077116534785 3902369077116534784 3665930096679583744
3906872676743905279 3906872676743905280 3906872676743905279
3906872676743905280 3906872676743905280 0
3906872676743905281 3906872676743905280 3670433696306954240
3909124476557590527 4609434218613702656 3909124476557590527
3909124476557590527 8556839292003942400 3909124476557590527
3909124476557590528 4609434218613702656 3909124476557590528
3909124476557590528 8885602064801988609 3909124476557590528
3911376276371275775 3911376276371275776 3911376276371275775
3911376276371275776 3911376276371275776 0
3911376276371275777 3911376276371275776 3674937295934324736
3913628076184961025 4609434218613702656 3913628076184961025
3913628076184961025 9215866037475824981 3913628076184961025
3915879875998646271 3915879875998646272 3915879875998646271
3915879875998646272 3915879875998646272 0
3915879875998646273 3915879875998646272 3679440895561695232
3918642694735015030 3749546094629640296 3748321946440814600
3919632875688121685 328762772798046207 321256773419095386
3919632875688121685 4609434218613702656 3919632875688121685
3920383475626016767 3920383475626016768 3920383475626016767
3920383475626016768 3920383475626016768 0
3920383475626016769 3920383475626016768 3683944495189065728
3924612500229066098 3422006107382733304 3421218943602392416
3924887075253387263 3924887075253387264 3924887075253387263
3924887075253387264 3924887075253387264 0
3924887075253387265 3924887075253387264 3688448094816436224
3927138875067072511 653021945968721920 0
3927138875067072511 4609434218613702656 3927138875067072511
3927138875067072512 981784718766768129 981784716619284482
3927138875067072512 4609434218613702656 3927138875067072512
3929390674880757759 3929390674880757760 3929390674880757759
3929390674880757760 3929390674880757760 0
3929390674880757761 3929390674880757760 3692951694443806720
3931642474694443009 1312048691440604501 1266637395197952000
3931642474694443009 4609434218613702656 3931642474694443009
3933894274508128255 3933894274508128256 3933894274508128255
3933894274508128256 3933894274508128256 0
3933894274508128257 3933894274508128256 3697455294071177216
3937647274197603669 1643813863990231039 1636307870337903274
3937647274197603669 4609434218613702656 3937647274197603669
3938397874135498751 3938397874135498752 3938397874135498751
3938397874135498752 3938397874135498752 0
3938397874135498753 3938397874135498752 3701958893698547712
3942901473762869247 3942901473762869248 3942901473762869247
3942901473762869248 3942901473762869248 0
3942901473762869249 3942901473762869248 3706462493325918208
3945153273576554495 1968073037160906752 0
3945153273576554495 4609434218613702656 3945153273576554495
3945153273576554496 2296835809958952961 2071655828590428160
3945153273576554496 4609434218613702656 3945153273576554496
3946887703911384933 7825187030471202392 3946887703911384933
3947405073390239743 3947405073390239744 3947405073390239743
3947405073390239744 3947405073390239744 0
3947405073390239745 3947405073390239744 3710966092953288704
3949656873203924993 2627099782632789333 2500623693097467904
3949656873203924993 4609434218613702656 3949656873203924993
3951908673017610239 3951908673017610240 3951908673017610239
3951908673017610240 3951908673017610240 0
3951908673017610241 3951908673017610240 3715469692580659200
3955661672707085653 2958864955182415871 2955862555430835882
3955661672707085653 4609434218613702656 3955661672707085653
3956412272644980735 3956412272644980736 3956412272644980735
3956412272644980736 3956412272644980736 0
3956412272644980737 3956412272644980736 3719973292208029696
3960915872272351231 3960915872272351232 3960915872272351231
3960915872272351232 3960915872272351232 0
3960915872272351233 3960915872272351232 3724476891835400192
3963167672086036479 3283124128353091584 0
3963167672086036479 4609434218613702656 3963167672086036479
3963167672086036480 3611886901151137793 3494793310839504896
3963167672086036480 4609434218613702656 3963167672086036480
3965419471899721727 3965419471899721728 3965419471899721727
3965419471899721728 3965419471899721728 0
3965419471899721729 3965419471899721728 3728980491462770688
3967671271713406977 3942150873824974165 3734609990996983808
3967671271713406977 4609434218613702656 3967671271713406977
3969923071527092223 3969923071527092224 3969923071527092223
3969923071527092224 3969923071527092224 0
3969923071527092225 3969923071527092224 3733484091090141184
3973676071216567637 4273916046374600703 3973676071216567637
3973676071216567637 4609434218613702656 3973676071216567637
3974426671154462719 3974426671154462720 3974426671154462719
3974426671154462720 3974426671154462720 0
3974426671154462721 3974426671154462720 3737987690717511680
3978930270781833215 3978930270781833216 3978930270781833215
3978930270781833216 3978930270781833216 0
3978930270781833217 3978930270781833216 3742491290344882176
3981025602362325939 3794186245733058772 3793544528945186704
3981158583187313340 3285927034690554630 3271212582421708752
3981182070595518463 4598175219545276416 3981182070595518463
3981182070595518463 4609434218613702656 3981182070595518463
3981182070595518464 4609434218613702656 3981182070595518464
3981182070595518464 4926937992343322625 3981182070595518464
3983433870409203711 3983433870409203712 3983433870409203711
3983433870409203712 3983433870409203712 0
3983433870409203713 3983433870409203712 3746994889972252672
3985685670222888961 4609434218613702656 3985685670222888961
3985685670222888961 5257201965017158997 3985685670222888961
3987937470036574207 3987937470036574208 3987937470036574207
3987937470036574208 3987937470036574208 0
3987937470036574209 3987937470036574208 3751498489599623168
3991690469726049621 4609434218613702656 3991690469726049621
3991690469726049621 5588967137566785535 3991690469726049621
3992441069663944703 3992441069663944704 3992441069663944703
3992441069663944704 3992441069663944704 0
3992441069663944705 3992441069663944704 3756002089226993664
3996944669291315199 3996944669291315200 3996944669291315199
3996944669291315200 3996944669291315200 0
3996944669291315201 3996944669291315200 3760505688854364160
3999196469105000447 4609434218613702656 3999196469105000447
3999196469105000447 5913226310737461248 3999196469105000447
3999196469105000448 4609434218613702656 3999196469105000448
3999196469105000448 6241989083535507457 3999196469105000448
4001448268918685695 4001448268918685696 4001448268918685695
4001448268918685696 4001448268918685696 0
4001448268918685697 4001448268918685696 3765009288481734656
4003700068732370945 4609434218613702656 4003700068732370945
4003700068732370945 6572253056209343829 4003700068732370945
4005951868546056191 4005951868546056192 4005951868546056191
4005951868546056192 4005951868546056192 0
4005951868546056193 4005951868546056192 3769512888109105152
4009704868235531605 4609434218613702656 4009704868235531605
4009704868235531605 6904018228758970367 4009704868235531605
4010455468173426687 4010455468173426688 4010455468173426687
4010455468173426688 4010455468173426688 0
4010455468173426689 4010455468173426688 3774016487736475648
4014959067800797183 4014959067800797184 4014959067800797183
4014959067800797184 4014959067800797184 0
4014959067800797185 4014959067800797184 3778520087363846144
4017210867614482431 4609434218613702656 4017210867614482431
4017210867614482431 7228277401929646080 4017210867614482431
4017210867614482432 4609434218613702656 4017210867614482432
4017210867614482432 7557040174727692289 4017210867614482432
4019462667428167679 4019462667428167680 4019462667428167679
4019462667428167680 4019462667428167680 0
4019462667428167681 4019462667428167680 3783023686991216640
4021714467241852929 4609434218613702656 4021714467241852929
4021714467241852929 7887304147401528661 4021714467241852929
4023966267055538175 4023966267055538176 4023966267055538175
4023966267055538176 4023966267055538176 0
4023966267055538177 4023966267055538176 3787527286618587136
4027719266745013589 4609434218613702656 4027719266745013589
4027719266745013589 8219069319951155199 4027719266745013589
4028271229981207546 3571487117857364319 3568087986932851744
4028469866682908671 4028469866682908672 4028469866682908671
4028469866682908672 4028469866682908672 0
4028469866682908673 4028469866682908672 3792030886245957632
4032973466310279167 4032973466310279168 4032973466310279167
4032973466310279168 4032973466310279168 0
4032973466310279169 4032973466310279168 3796534485873328128
4035225266123964415 4609434218613702656 4035225266123964415
4035225266123964415 8543328493121830912 4035225266123964415
4035225266123964416 4609434218613702656 4035225266123964416
4035225266123964416 8872091265919877121 4035225266123964416
4037477065937649663 4037477065937649664 4037477065937649663
4037477065937649664 4037477065937649664 0
4037477065937649665 4037477065937649664 3801038085500698624
4039728865751334913 4609434218613702656 4039728865751334913
4039728865751334913 9202355238593713493 4039728865751334913
4041980665565020159 4041980665565020160 4041980665565020159
4041980665565020160 4041980665565020160 0
4041980665565020161 4041980665565020160 3805541685128069120
4045733665254495573 315251973915934719 312249579890977450
4045733665254495573 4609434218613702656 4045733665254495573
4046484265192390655 4046484265192390656 4046484265192390655
4046484265192390656 4046484265192390656 0
4046484265192390657 4046484265192390656 3810045284755439616
4046834636940554613 174337013911720028 165798299593699664
4050776826787194954 7334511724447337903 4050776826787194954
4050987864819761151 4050987864819761152 4050987864819761151
4050987864819761152 4050987864819761152 0
4050987864819761153 4050987864819761152 3814548884382810112
4053239664633446399 639511147086610432 0
4053239664633446399 4609434218613702656 4053239664633446399
4053239664633446400 968273919884656641 774619135907725312
4053239664633446400 4609434218613702656 4053239664633446400
4055491464447131647 4055491464447131648 4055491464447131647
4055491464447131648 4055491464447131648 0
4055491464447131649 4055491464447131648 3819052484010180608
4057426607145682439 3632693695197041968 3630444998372397472
4057743264260816897 1298537892558493013 1149543804886319104
4057743264260816897 4609434218613702656 4057743264260816897
4059995064074502143 4059995064074502144 4059995064074502143
4059995064074502144 4059995064074502144 0
4059995064074502145 4059995064074502144 3823556083637551104
4062919567859722536 12434733452806364 10211282533245652
4063748063763977557 1630303065108119551 1622797065729170090
4063748063763977557 4609434218613702656 4063748063763977557
4064223420616703249 6075294835975753790 4064223420616703249
4064498663701872639 4064498663701872640 4064498663701872639
4064498663701872640 4064498663701872640 0
4064498663701872641 4064498663701872640 3828059683264921600
4066570444565343739 4293240112999988112 4066570444565343739
4069002263329243135 4069002263329243136 4069002263329243135
4069002263329243136 4069002263329243136 0
4069002263329243137 4069002263329243136 3832563282892292096
4071254063142928383 1954562238278795264 0
4071254063142928383 4609434218613702656 4071254063142928383
4071254063142928384 2283325011076841473 2197756618156802048
4071254063142928384 4609434218613702656 4071254063142928384
4073505862956613631 4073505862956613632 4073505862956613631
4073505862956613632 4073505862956613632 0
4073505862956613633 4073505862956613632 3837066882519662592
4075757662770298881 2613588983750677845 2609085384123307354
4075757662770298881 4609434218613702656 4075757662770298881
4078009462583984127 4078009462583984128 4078009462583984127
4078009462583984128 4078009462583984128 0
4078009462583984129 4078009462583984128 3841570482147033088
4081762462273459541 2945354156300304383 2937849622936857258
4081762462273459541 4609434218613702656 4081762462273459541
4082513062211354623 4082513062211354624 4082513062211354623
4082513062211354624 4082513062211354624 0
4082513062211354625 4082513062211354624 3846074081774403584
4087016661838725119 4087016661838725120 4087016661838725119
4087016661838725120 4087016661838725120 0
4087016661838725121 4087016661838725120 3850577681401774080
4089268461652410367 3269613329470980096 0
4089268461652410367 4609434218613702656 4089268461652410367
4089268461652410368 3598376102269026305 3598376102269026242
4089268461652410368 4609434218613702656 4089268461652410368
4091520261466095615 4091520261466095616 4091520261466095615
4091520261466095616 4091520261466095616 0
4091520261466095617 4091520261466095616 3855081281029144576
4093772061279780865 3928640074942862677 3860710780563357696
4093772061279780865 4609434218613702656 4093772061279780865
4096023861093466111 4096023861093466112 4096023861093466111
4096023861093466112 4096023861093466112 0
4096023861093466113 4096023861093466112 3859584880656515072
4096343740756340227 1797263715059465855 1790480647273362272
4099776860782941525 4260405247492489215 4099776860782941525
4099776860782941525 4609434218613702656 4099776860782941525
4100527460720836607 4100527460720836608 4100527460720836607
4100527460720836608 4100527460720836608 0
4100527460720836609 4100527460720836608 3864088480283885568
4105031060348207103 4105031060348207104 4105031060348207103
4105031060348207104 4105031060348207104 0
4105031060348207105 4105031060348207104 3868592079911256064
4106700771152096996 8820659905753814515 4106700771152096996
4107282860161892351 4584664420663164928 4107282860161892351
4107282860161892351 4609434218613702656 4107282860161892351
4107282860161892352 4609434218613702656 4107282860161892352
4107282860161892352 4913427193461211137 4107282860161892352
4109534659975577599 4109534659975577600 4109534659975577599
4109534659975577600 4109534659975577600 0
4109534659975577601 4109534659975577600 3873095679538626560
4111786459789262849 4609434218613702656 4111786459789262849
4111786459789262849 5243691166135047509 4111786459789262849
4114038259602948095 4114038259602948096 4114038259602948095
4114038259602948096 4114038259602948096 0
4114038259602948097 4114038259602948096 3877599279165997056
4117791259292423509 4609434218613702656 4117791259292423509
4117791259292423509 5575456338684674047 4117791259292423509
4118541859230318591 4118541859230318592 4118541859230318591
4118541859230318592 4118541859230318592 0
4118541859230318593 4118541859230318592 3882102878793367552
4123045458857689087 4123045458857689088 4123045458857689087
4123045458857689088 4123045458857689088 0
4123045458857689089 4123045458857689088 3886606478420738048
4125297258671374335 4609434218613702656 4125297258671374335
4125297258671374335 5899715511855349760 4125297258671374335
4125297258671374336 4609434218613702656 4125297258671374336
4125297258671374336 6228478284653395969 4125297258671374336
4127549058485059583 4127549058485059584 4127549058485059583
4127549058485059584 4127549058485059584 0
4127549058485059585 4127549058485059584 3891110078048108544
4127583324024008932 3485355955000048568 3480622848527924464
4129800858298744833 4609434218613702656 4129800858298744833
4129800858298744833 6558742257327232341 4129800858298744833
4131745724396879090 8015981301940640197 4131745724396879090
4132052658112430079 4132052658112430080 4132052658112430079
4132052658112430080 4132052658112430080 0
4132052658112430081 4132052658112430080 3895613677675479040
4135805657801905493 4609434218613702656 4135805657801905493
4135805657801905493 6890507429876858879 4135805657801905493
4136556257739800575 4136556257739800576 4136556257739800575
4136556257739800576 4136556257739800576 0
4136556257739800577 4136556257739800576 3900117277302849536
4140943118279874910 6711994855915434359 4140943118279874910
4141059857367171071 4141059857367171072 4141059857367171071
4141059857367171072 4141059857367171072 0
4141059857367171073 4141059857367171072 3904620876930220032
4143311657180856319 4609434218613702656 4143311657180856319
4143311657180856319 7214766603047534592 4143311657180856319
4143311657180856320 4609434218613702656 4143311657180856320
4143311657180856320 7543529375845580801 4143311657180856320
4145563456994541567 4145563456994541568 4145563456994541567
4145563456994541568 4145563456994541568 0
4145563456994541569 4145563456994541568 3909124476557590528
4147815256808226817 4609434218613702656 4147815256808226817
4147815256808226817 7873793348519417173 4147815256808226817
4150067056621912063 4150067056621912064 4150067056621912063
4150067056621912064 4150067056621912064 0
4150067056621912065 4150067056621912064 3913628076184961024
4153820056311387477 4609434218613702656 4153820056311387477
4153820056311387477 8205558521069043711 4153820056311387477
4154570656249282559 4154570656249282560 4154570656249282559
4154570656249282560 4154570656249282560 0
4154570656249282561 4154570656249282560 3918131675812331520
4159074255876653055 4159074255876653056 4159074255876653055
4159074255876653056 4159074255876653056 0
4159074255876653057 4159074255876653056 3922635275439702016
4161326055690338303 4609434218613702656 4161326055690338303
4161326055690338303 8529817694239719424 4161326055690338303
4161326055690338304 4609434218613702656 4161326055690338304
4161326055690338304 8858580467037765633 4161326055690338304
4163577855504023551 4163577855504023552 4163577855504023551
4163577855504023552 4163577855504023552 0
4163577855504023553 4163577855504023552 3927138875067072512
4165829655317708801 4609434218613702656 4165829655317708801
4165829655317708801 9188844439711602005 4165829655317708801
4168081455131394047 4168081455131394048 4168081455131394047
4168081455131394048 4168081455131394048 0
4168081455131394049 4168081455131394048 3931642474694443008
4171834454820869461 301741175033823231 298738775282244266
4171834454820869461 4609434218613702656 4171834454820869461
4172585054758764543 4172585054758764544 4172585054758764543
4172585054758764544 4172585054758764544 0
4172585054758764545 4172585054758764544 3936146074321813504
4177088654386135039 4177088654386135040 4177088654386135039
4177088654386135040 4177088654386135040 0
4177088654386135041 4177088654386135040 3940649673949184000
4179340454199820287 626000348204498944 0
4179340454199820287 4609434218613702656 4179340454199820287
4179340454199820288 954763121002545153 900719925474099200
4179340454199820288 4609434218613702656 4179340454199820288
4181592254013505535 4181592254013505536 4181592254013505535
4181592254013505536 4181592254013505536 0
4181592254013505537 4181592254013505536 3945153273576554496
4182200854860139684 1664796260130809652 1653358745566323200
4183844053827190785 1285027093676381525 1275644594452692992
4183844053827190785 4609434218613702656 4183844053827190785
4186095853640876031 4186095853640876032 4186095853640876031
4186095853640876032 4186095853640876032 0
4186095853640876033 4186095853640876032 3949656873203924992
4189848853330351445 1616792266226008063 1613791332489931434
4189848853330351445 4609434218613702656 4189848853330351445
4190599453268246527 4190599453268246528 4190599453268246527
4190599453268246528 4190599453268246528 0
4190599453268246529 4190599453268246528 3954160472831295488
4195103052895617023 4195103052895617024 4195103052895617023
4195103052895617024 4195103052895617024 0
4195103052895617025 4195103052895617024 3958664072458665984
4197354852709302271 1941051439396683776 0
4197354852709302271 4609434218613702656 4197354852709302271
4197354852709302272 2269814212194729985 2269814212194721794
4197354852709302272 4609434218613702656 4197354852709302272
4199606652522987519 4199606652522987520 4199606652522987519
4199606652522987520 4199606652522987520 0
4199606652522987521 4199606652522987520 3963167672086036480
4201858452336672769 2600078184868566357 2509630892352208896
4201858452336672769 4609434218613702656 4201858452336672769
4204110252150358015 4204110252150358016 4204110252150358015
4204110252150358016 4204110252150358016 0
4204110252150358017 4204110252150358016 3967671271713406976
4205773643916022852 7404112343155845847 4205773643916022852
4207863251839833429 2931843357418192895 2924337358039591594
4207863251839833429 4609434218613702656 4207863251839833429
4208613851777728511 4208613851777728512 4208613851777728511
4208613851777728512 4208613851777728512 0
4208613851777728513 4208613851777728512 3972174871340777472
4213117451405099007 4213117451405099008 4213117451405099007
4213117451405099008 4213117451405099008 0
4213117451405099009 4213117451405099008 3976678470968147968
4215369251218784255 3256102530588868608 0
4215369251218784255 4609434218613702656 4215369251218784255
4215369251218784256 3584865303386914817 3584865165947961346
4215369251218784256 4609434218613702656 4215369251218784256
4217621051032469503 4217621051032469504 4217621051032469503
4217621051032469504 4217621051032469504 0
4217621051032469505 4217621051032469504 3981182070595518464
4218960055590812297 1345982825401680199 1341993563618030854
4219872850846154753 3915129276060751189 3743617190251724800
4219872850846154753 4609434218613702656 4219872850846154753
4222124650659839999 4222124650659840000 4222124650659839999
4222124650659840000 4222124650659840000 0
4222124650659840001 4222124650659840000 3985685670222888960
4225877650349315413 4246894448610377727 4225877650349315413
4225877650349315413 4609434218613702656 4225877650349315413
4226628250287210495 4226628250287210496 4226628250287210495
4226628250287210496 4226628250287210496 0
4226628250287210497 4226628250287210496 3990189269850259456
4231131849914580991 4231131849914580992 4231131849914580991
4231131849914580992 4231131849914580992 0
4231131849914580993 4231131849914580992 3994692869477629952
4233383649728266239 4571153621781053440 4233383649728266239
4233383649728266239 4609434218613702656 4233383649728266239
4233383649728266240 4609434218613702656 4233383649728266240
4233383649728266240 4899916394579099649 4233383649728266240
4235635449541951487 4235635449541951488 4235635449541951487
4235635449541951488 4235635449541951488 0
4235635449541951489 4235635449541951488 3999196469105000448
4235756732136140486 3667799726307439982 3664991598100227024
4237887249355636737 4609434218613702656 4237887249355636737
4237887249355636737 5230180367252936021 4237887249355636737
4240139049169321983 4240139049169321984 4240139049169321983
4240139049169321984 4240139049169321984 0
4240139049169321985 4240139049169321984 4003700068732370944
4243892048858797397 4609434218613702656 4243892048858797397
4243892048858797397 5561945539802562559 4243892048858797397
4244642648796692479 4244642648796692480 4244642648796692479
4244642648796692480 4244642648796692480 0
4244642648796692481 4244642648796692480 4008203668359741440
4249146248424062975 4249146248424062976 4249146248424062975
4249146248424062976 4249146248424062976 0
4249146248424062977 4249146248424062976 4012707267987111936
4249623324169258969 3897271979508907446 3885011959660658528
4251398048237748223 4609434218613702656 4251398048237748223
4251398048237748223 5886204712973238272 4251398048237748223
4251398048237748224 4609434218613702656 4251398048237748224
4251398048237748224 6214967485771284481 4251398048237748224
4253649848051433471 4253649848051433472 4253649848051433471
4253649848051433472 4253649848051433472 0
4253649848051433473 4253649848051433472 4017210867614482432
4254112476260013990 4891531388942107390 4254112476260013990
4255901647865118721 4609434218613702656 4255901647865118721
4255901647865118721 6545231458445120853 4255901647865118721
4258153447678803967 4258153447678803968 4258153447678803967
4258153447678803968 4258153447678803968 0
4258153447678803969 4258153447678803968 4021714467241852928
4261906447368279381 4609434218613702656 4261906447368279381
4261906447368279381 6876996630994747391 4261906447368279381
4262657047306174463 4262657047306174464 4262657047306174463
4262657047306174464 4262657047306174464 0
4262657047306174465 4262657047306174464 4026218066869223424
4267160646933544959 4267160646933544960 4267160646933544959
4267160646933544960 4267160646933544960 0
4267160646933544961 4267160646933544960 4030721666496593920
4268202595484066722 2268208933867469346 2266621050321365288
4269412446747230207 4609434218613702656 4269412446747230207
4269412446747230207 7201255804165423104 4269412446747230207
4269412446747230208 4609434218613702656 4269412446747230208
4269412446747230208 7530018576963469313 4269412446747230208
4271664246560915455 4271664246560915456 4271664246560915455
4271664246560915456 4271664246560915456 0
4271664246560915457 4271664246560915456 4035225266123964416
4273916046374600705 4609434218613702656 4273916046374600705
4273916046374600705 7860282549637305685 4273916046374600705
4276167846188285951 4276167846188285952 4276167846188285951
4276167846188285952 4276167846188285952 0
4276167846188285953 4276167846188285952 4039728865751334912
4279920845877761365 4609434218613702656 4279920845877761365
4279920845877761365 8192047722186932223 4279920845877761365
4280671445815656447 4280671445815656448 4280671445815656447
4280671445815656448 4280671445815656448 0
4280671445815656449 4280671445815656448 4044232465378705408
4285175045443026943 4285175045443026944 4285175045443026943
4285175045443026944 4285175045443026944 0
4285175045443026945 4285175045443026944 4048736065006075904
4287426845256712191 4609434218613702656 4287426845256712191
4287426845256712191 8516306895357607936 4287426845256712191
4287426845256712192 4609434218613702656 4287426845256712192
4287426845256712192 8845069668155654145 4287426845256712192
4289678645070397439 4289678645070397440 4289678645070397439
4289678645070397440 4289678645070397440 0
4289678645070397441 4289678645070397440 4053239664633446400
4291930444884082689 4609434218613702656 4291930444884082689
4291930444884082689 9175333640829490517 4291930444884082689
4294182244697767935 4294182244697767936 4294182244697767935
4294182244697767936 4294182244697767936 0
4294182244697767937 4294182244697767936 4057743264260816896
4296606499747986065 7480522226794425406 4296606499747986065
4297935244387243349 288230376151711743 280730240834775722
4297935244387243349 4609434218613702656 4297935244387243349
4298685844325138431 4298685844325138432 4298685844325138431
4298685844325138432 4298685844325138432 0
4298685844325138433 4298685844325138432 4062246863888187392
4303189443952508927 4303189443952508928 4303189443952508927
4303189443952508928 4303189443952508928 0
4303189443952508929 4303189443952508928 4066750463515557888
4305441243766194175 612489549322387456 0
4305441243766194175 4609434218613702656 4305441243766194175
4305441243766194176 941252322120433665 941252322119385090
4305441243766194176 4609434218613702656 4305441243766194176
4307693043579879423 4307693043579879424 4307693043579879423
4307693043579879424 4307693043579879424 0
4307693043579879425 4307693043579879424 4071254063142928384
4308162870904924227 9037633502448526045 4308162870904924227
4309944843393564673 1271516294794270037 1158551004141060096
4309944843393564673 4609434218613702656 4309944843393564673
4312196643207249919 4312196643207249920 4312196643207249919
4312196643207249920 4312196643207249920 0
4312196643207249921 4312196643207249920 4075757662770298880
4312880424674176511 5374916721652499322 4312880424674176511
4315949642896725333 1603281467343896575 1600279067592665770
4315949642896725333 4609434218613702656 4315949642896725333
4316700242834620415 4316700242834620416 4316700242834620415
4316700242834620416 4316700242834620416 0
4316700242834620417 4316700242834620416 4080261262397669376
4321203842461990911 4321203842461990912 4321203842461990911
4321203842461990912 4321203842461990912 0
4321203842461990913 4321203842461990912 4084764862025039872
4323455642275676159 1927540640514572288 0
4323455642275676159 4609434218613702656 4323455642275676159
4323455642275676160 2256303413312618497 2256285821126574082
4323455642275676160 4609434218613702656 4323455642275676160
4325707442089361407 4325707442089361408 4325707442089361407
4325707442089361408 4325707442089361408 0
4325707442089361409 4325707442089361408 4089268461652410368
4327959241903046657 2586567385986454869 2392537302040576000
4327959241903046657 4609434218613702656 4327959241903046657
4330211041716731903 4330211041716731904 4330211041716731903
4330211041716731904 4330211041716731904 0
4330211041716731905 4330211041716731904 4093772061279780864
4333313688416338534 8564461889339564763 4333313688416338534
4333964041406207317 2918332558536081407 2915705458753448618
4333964041406207317 4609434218613702656 4333964041406207317
4334714641344102399 4334714641344102400 4334714641344102399
4334714641344102400 4334714641344102400 0
4334714641344102401 4334714641344102400 4098275660907151360
4335524997187181043 156416886506867375 143751818086649792
4339218240971472895 4339218240971472896 4339218240971472895
4339218240971472896 4339218240971472896 0
4339218240971472897 4339218240971472896 4102779260534521856
4341470040785158143 3242591731706757120 0
4341470040785158143 4609434218613702656 4341470040785158143
4341470040785158144 3571354504504803329 3404721318292094976
4341470040785158144 4609434218613702656 4341470040785158144
4343721840598843391 4343721840598843392 4343721840598843391
4343721840598843392 4343721840598843392 0
4343721840598843393 4343721840598843392 4107282860161892352
4344705889922928625 7878062336605137982 4344705889922928625
4345973640412528641 3901618477178639701 3869717979818098688
4345973640412528641 4609434218613702656 4345973640412528641
4348225440226213887 4348225440226213888 4348225440226213887
4348225440226213888 4348225440226213888 0
4348225440226213889 4348225440226213888 4111786459789262848
4351978439915689301 4233383649728266239 4225877650438793898
4351978439915689301 4609434218613702656 4351978439915689301
4352729039853584383 4352729039853584384 4352729039853584383
4352729039853584384 4352729039853584384 0
4352729039853584385 4352729039853584384 4116290059416633344
4357232639480954879 4357232639480954880 4357232639480954879
4357232639480954880 4357232639480954880 0
4357232639480954881 4357232639480954880 4120793659044003840
4359484439294640127 4557642822898941952 4359484439294640127
4359484439294640127 4609434218613702656 4359484439294640127
4359484439294640128 4609434218613702656 4359484439294640128
4359484439294640128 4886405595696988161 4359484439294640128
4361736239108325375 4361736239108325376 4361736239108325375
4361736239108325376 4361736239108325376 0
4361736239108325377 4361736239108325376 4125297258671374336
4363122996815512991 4619391392986776926 4363122996815512991
4363988038922010625 4609434218613702656 4363988038922010625
4363988038922010625 5216669568370824533 4363988038922010625
4366239838735695871 4366239838735695872 4366239838735695871
4366239838735695872 4366239838735695872 0
4366239838735695873 4366239838735695872 4129800858298744832
4369992838425171285 4609434218613702656 4369992838425171285
4369992838425171285 5548434740920451071 4369992838425171285
4370743438363066367 4370743438363066368 4370743438363066367
4370743438363066368 4370743438363066368 0
4370743438363066369 4370743438363066368 4134304457926115328
4374497490879605881 1226416650016644282 1224179487888300704
4375247037990436863 4375247037990436864 4375247037990436863
4375247037990436864 4375247037990436864 0
4375247037990436865 4375247037990436864 4138808057553485824
4377498837804122111 4609434218613702656 4377498837804122111
4377498837804122111 5872693914091126784 4377498837804122111
4377498837804122112 4609434218613702656 4377498837804122112
4377498837804122112 6201456686889172993 4377498837804122112
4379750637617807359 4379750637617807360 4379750637617807359
4379750637617807360 4379750637617807360 0
4379750637617807361 4379750637617807360 4143311657180856320
4382002437431492609 4609434218613702656 4382002437431492609
4382002437431492609 6531720659563009365 4382002437431492609
4384254237245177855 4384254237245177856 4384254237245177855
4384254237245177856 4384254237245177856 0
4384254237245177857 4384254237245177856 4147815256808226816
4388007236934653269 4609434218613702656 4388007236934653269
4388007236934653269 6863485832112635903 4388007236934653269
4388757836872548351 4388757836872548352 4388757836872548351
4388757836872548352 4388757836872548352 0
4388757836872548353 4388757836872548352 4152318856435597312
4393261436499918847 4393261436499918848 4393261436499918847
4393261436499918848 4393261436499918848 0
4393261436499918849 4393261436499918848 4156822456062967808
4395513236313604095 4609434218613702656 4395513236313604095
4395513236313604095 7187745005283311616 4395513236313604095
4395513236313604096 4609434218613702656 4395513236313604096
4395513236313604096 7516507778081357825 4395513236313604096
4397765036127289343 4397765036127289344 4397765036127289343
4397765036127289344 4397765036127289344 0
4397765036127289345 4397765036127289344 4161326055690338304
4399187466370965584 4320311911540829607 4311052127157780476
4400016835940974593 4609434218613702656 4400016835940974593
4400016835940974593 7846771750755194197 4400016835940974593
4402268635754659839 4402268635754659840 4402268635754659839
4402268635754659840 4402268635754659840 0
4402268635754659841 4402268635754659840 4165829655317708800
4406021635444135253 4609434218613702656 4406021635444135253
4406021635444135253 8178536923304820735 4406021635444135253
4406772235382030335 4406772235382030336 4406772235382030335
4406772235382030336 4406772235382030336 0
4406772235382030337 4406772235382030336 4170333254945079296
4409689824512135538 8275100047344234281 4409689824512135538
4411275835009400831 4411275835009400832 4411275835009400831
4411275835009400832 4411275835009400832 0
4411275835009400833 4411275835009400832 4174836854572449792
4413527634823086079 4609434218613702656 4413527634823086079
4413527634823086079 8502796096475496448 4413527634823086079
4413527634823086080 4609434218613702656 4413527634823086080
4413527634823086080 8831558869273542657 4413527634823086080
4415779434636771327 4415779434636771328 4415779434636771327
4415779434636771328 4415779434636771328 0
4415779434636771329 4415779434636771328 4179340454199820288
4418031234450456577 4609434218613702656 4418031234450456577
4418031234450456577 9161822841947379029 4418031234450456577
4420283034264141823 4420283034264141824 4420283034264141823
4420283034264141824 4420283034264141824 0
4420283034264141825 4420283034264141824 4183844053827190784
4424036033953617237 274719577269600255 267213577892047530
4424036033953617237 4609434218613702656 4424036033953617237
4424786633891512319 4424786633891512320 4424786633891512319
4424786633891512320 4424786633891512320 0
4424786633891512321 4424786633891512320 4188347653454561280
4429290233518882815 4429290233518882816 4429290233518882815
4429290233518882816 4429290233518882816 0
4429290233518882817 4429290233518882816 4192851253081931776
4431542033332568063 598978750440275968 0
4431542033332568063 4609434218613702656 4431542033332568063
4431542033332568064 927741523238322177 925489723424636930
4431542033332568064 4609434218613702656 4431542033332568064
4433793833146253311 4433793833146253312 4433793833146253311
4433793833146253312 4433793833146253312 0
4433793833146253313 4433793833146253312 4197354852709302272
4436045632959938561 1258005495912158549 1041457413829427200
4436045632959938561 4609434218613702656 4436045632959938561
4438297432773623807 4438297432773623808 4438297432773623807
4438297432773623808 4438297432773623808 0
4438297432773623809 4438297432773623808 4201858452336672768
4439478270197169176 7264812765108569548 4439478270197169176
4442050432463099221 1589770668461785087 1583765868958624426
4442050432463099221 4609434218613702656 4442050432463099221
4442801032400994303 4442801032400994304 4442801032400994303
4442801032400994304 4442801032400994304 0
4442801032400994305 4442801032400994304 4206362051964043264
4447304632028364799 4447304632028364800 4447304632028364799
4447304632028364800 4447304632028364800 0
4447304632028364801 4447304632028364800 4210865651591413760
4449556431842050047 1914029841632460800 0
4449556431842050047 4609434218613702656 4449556431842050047
4449556431842050048 2242792614430507009 2107684625609392128
4449556431842050048 4609434218613702656 4449556431842050048
4451808231655735295 4451808231655735296 4451808231655735295
4451808231655735296 4451808231655735296 0
4451808231655735297 4451808231655735296 4215369251218784256
4454060031469420545 2573056587104343381 2518638091606949888
4454060031469420545 4609434218613702656 4454060031469420545
4456311831283105791 4456311831283105792 4456311831283105791
4456311831283105792 4456311831283105792 0
4456311831283105793 4456311831283105792 4219872850846154752
4458353920909669186 4886726328342811183 4458353920909669186
4460064830972581205 2904821759653969919 2901819359991868074
4460064830972581205 4609434218613702656 4460064830972581205
4460815430910476287 4460815430910476288 4460815430910476287
4460815430910476288 4460815430910476288 0
4460815430910476289 4460815430910476288 4224376450473525248
4465319030537846783 4465319030537846784 4465319030537846783
4465319030537846784 4465319030537846784 0
4465319030537846785 4465319030537846784 4228880050100895744
4467570830351532031 3229080932824645632 0
4467570830351532031 4609434218613702656 4467570830351532031
4467570830351532032 3557843705622691841 3530822107858468864
4467570830351532032 4609434218613702656 4467570830351532032
4469822630165217279 4469822630165217280 4469822630165217279
4469822630165217280 4469822630165217280 0
4469822630165217281 4469822630165217280 4233383649728266240
4472074429978902529 3888107678296528213 3752624389506465792
4472074429978902529 4609434218613702656 4472074429978902529
4474326229792587775 4474326229792587776 4474326229792587775
4474326229792587776 4474326229792587776 0
4474326229792587777 4474326229792587776 4237887249355636736
4478079229482063189 4219872850846154751 4212366851467203946
4478079229482063189 4609434218613702656 4478079229482063189
4478829829419958271 4478829829419958272 4478829829419958271
4478829829419958272 4478829829419958272 0
4478829829419958273 4478829829419958272 4242390848983007232
4483333429047328767 4483333429047328768 4483333429047328767
4483333429047328768 4483333429047328768 0
4483333429047328769 4483333429047328768 4246894448610377728
4485585228861014015 4544132024016830464 4485585228861014015
4485585228861014015 4609434218613702656 4485585228861014015
4485585228861014016 4609434218613702656 4485585228861014016
4485585228861014016 4872894796814876673 4485585228861014016
4487837028674699263 4487837028674699264 4487837028674699263
4487837028674699264 4487837028674699264 0
4487837028674699265 4487837028674699264 4251398048237748224
4488277427733614574 942871638789024896 941802204486374400
4490088828488384513 4609434218613702656 4490088828488384513
4490088828488384513 5203158769488713045 4490088828488384513
4492340628302069759 4492340628302069760 4492340628302069759
4492340628302069760 4492340628302069760 0
4492340628302069761 4492340628302069760 4255901647865118720
4496093627991545173 4609434218613702656 4496093627991545173
4496093627991545173 5534923942038339583 4496093627991545173
4496844227929440255 4496844227929440256 4496844227929440255
4496844227929440256 4496844227929440256 0
4496844227929440257 4496844227929440256 4260405247492489216
4501347827556810751 4501347827556810752 4501347827556810751
4501347827556810752 4501347827556810752 0
4501347827556810753 4501347827556810752 4264908847119859712
4503599627370495999 4609434218613702656 4503599627370495999
4503599627370495999 5859183115209015296 4503599627370495999
4503599627370496000 4609434218613702656 4503599627370496000
4503599627370496000 6187945888007061505 4503599627370496000
4505851427184181247 4505851427184181248 4505851427184181247
4505851427184181248 4505851427184181248 0
4505851427184181249 4505851427184181248 4269412446747230208
4508103226997866497 4609434218613702656 4508103226997866497
4508103226997866497 6518209860680897877 4508103226997866497
4510355026811551743 4510355026811551744 4510355026811551743
4510355026811551744 4510355026811551744 0
4510355026811551745 4510355026811551744 4273916046374600704
4514108026501027157 4609434218613702656 4514108026501027157
4514108026501027157 6849975033230524415 4514108026501027157
4514858626438922239 4514858626438922240 4514858626438922239
4514858626438922240 4514858626438922240 0
4514858626438922241 4514858626438922240 4278419646001971200
4519362226066292735 4519362226066292736 4519362226066292735
4519362226066292736 4519362226066292736 0
4519362226066292737 4519362226066292736 4282923245629341696
4521614025879977983 4609434218613702656 4521614025879977983
4521614025879977983 7174234206401200128 4521614025879977983
4521614025879977984 4609434218613702656 4521614025879977984
4521614025879977984 7502996979199246337 4521614025879977984
4523865825693663231 4523865825693663232 4523865825693663231
4523865825693663232 4523865825693663232 0
4523865825693663233 4523865825693663232 4287426845256712192
4526117625507348481 4609434218613702656 4526117625507348481
4526117625507348481 7833260951873082709 4526117625507348481
4528369425321033727 4528369425321033728 4528369425321033727
4528369425321033728 4528369425321033728 0
4528369425321033729 4528369425321033728 4291930444884082688
4532081661353750231 5632523909621604913 4532081661353750231
4532122425010509141 4609434218613702656 4532122425010509141
4532122425010509141 8165026124422709247 4532122425010509141
4532873024948404223 4532873024948404224 4532873024948404223
4532873024948404224 4532873024948404224 0
4532873024948404225 4532873024948404224 4296434044511453184
4537376624575774719 4537376624575774720 4537376624575774719
4537376624575774720 4537376624575774720 0
4537376624575774721 4537376624575774720 4300937644138823680
4539628424389459967 4609434218613702656 4539628424389459967
4539628424389459967 8489285297593384960 4539628424389459967
4539628424389459968 4609434218613702656 4539628424389459968
4539628424389459968 8818048070391431169 4539628424389459968
4541880224203145215 4541880224203145216 4541880224203145215
4541880224203145216 4541880224203145216 0
4541880224203145217 4541880224203145216 4305441243766194176
4544132024016830465 4609434218613702656 4544132024016830465
4544132024016830465 9148312043065267541 4544132024016830465
4546383823830515711 4546383823830515712 4546383823830515711
4546383823830515712 4546383823830515712 0
4546383823830515713 4546383823830515712 4309944843393564672
4550105005409200484 2955488903209599528 2953937716204040624
4550136823519991125 261208778387488767 259707578511698602
4550136823519991125 4609434218613702656 4550136823519991125
4550887423457886207 4550887423457886208 4550887423457886207
4550887423457886208 4550887423457886208 0
4550887423457886209 4550887423457886208 4314448443020935168
4555391023085256703 4555391023085256704 4555391023085256703
4555391023085256704 4555391023085256704 0
4555391023085256705 4555391023085256704 4318952042648305664
4557279572877646729 8629930636000381377 4557279572877646729
4557642822898941951 585467951558164480 0
4557642822898941951 4609434218613702656 4557642822898941951
4557642822898941952 914230724356210689 810647932926689280
4557642822898941952 4609434218613702656 4557642822898941952
4559894622712627199 4559894622712627200 4559894622712627199
4559894622712627200 4559894622712627200 0
4559894622712627201 4559894622712627200 4323455642275676160
4562146422526312449 1244494697030047061 1167558203395801088
4562146422526312449 4609434218613702656 4562146422526312449
4563240500336990860 7239367948857025430 4563240500336990860
4564398222339997695 4564398222339997696 4564398222339997695
4564398222339997696 4564398222339997696 0
4564398222339997697 4564398222339997696 4327959241903046656
4568151222029473109 1576259869579673599 1568753870558636714
4568151222029473109 4609434218613702656 4568151222029473109
4568901821967368191 4568901821967368192 4568901821967368191
4568901821967368192 4568901821967368192 0
4568901821967368193 4568901821967368192 4332462841530417152
4573405421594738687 4573405421594738688 4573405421594738687
4573405421594738688 4573405421594738688 0
4573405421594738689 4573405421594738688 4336966441157787648
4575657221408423935 1900519042750349312 0
4575657221408423935 4609434218613702656 4575657221408423935
4575657221408423936 2229281815548395521 2229281815548395518
4575657221408423936 4609434218613702656 4575657221408423936
4577909021222109183 4577909021222109184 4577909021222109183
4577909021222109184 4577909021222109184 0
4577909021222109185 4577909021222109184 4341470040785158144
4580160821035794433 2559545788222231893 2401544501295316992
4580160821035794433 4609434218613702656 4580160821035794433
4582412620849479679 4582412620849479680 4582412620849479679
4582412620849479680 4582412620849479680 0
4582412620849479681 4582412620849479680 4345973640412528640
4586165620538955093 2891310960771858431 2888308561020278122
4586165620538955093 4609434218613702656 4586165620538955093
4586916220476850175 4586916220476850176 4586916220476850175
4586916220476850176 4586916220476850176 0
4586916220476850177 4586916220476850176 4350477240039899136
4591419820104220671 4591419820104220672 4591419820104220671
4591419820104220672 4591419820104220672 0
4591419820104220673 4591419820104220672 4354980839667269632
4593067667872337228 2896948899590067541 2896689995513818651
4593671619917905919 3215570133942534144 0
4593671619917905919 4609434218613702656 4593671619917905919
4593671619917905920 3544332906740580353 3544332906673471490
4593671619917905920 4609434218613702656 4593671619917905920
4595923419731591167 4595923419731591168 4595923419731591167
4595923419731591168 4595923419731591168 0
4595923419731591169 4595923419731591168 4359484439294640128
4598175219545276417 3874596879414416725 3873846279476521643
4598175219545276417 4609434218613702656 4598175219545276417
4600427019358961663 4600427019358961664 4600427019358961663
4600427019358961664 4600427019358961664 0
4600427019358961665 4600427019358961664 4363988038922010624
4604180019048437077 4206362051964043263 4203359675118955178
4604180019048437077 4609434218613702656 4604180019048437077
4604930618986332159 4604930618986332160 4604930618986332159
4604930618986332160 4604930618986332160 0
4604930618986332161 4604930618986332160 4368491638549381120
4607182418800017408 1 0
4607182418800017408 2 0
4607182418800017408 3 1
4607182418800017408 4503599627370495 17179869184
4607182418800017408 4503599627370496 0
4607182418800017408 4503599627370497 17179869184
4607182418800017408 4607182418800017408 0
4607182418800017408 4609434218613702656 4607182418800017408
4607182418800017408 4611686018427387904 4607182418800017408
4607182418800017408 9218868437227405310 4607182418800017408
4607182418800017408 9218868437227405311 4607182418800017408
4609434218613702655 4609434218613702656 4609434218613702655
4609434218613702656 1 0
4609434218613702656 2 0
4609434218613702656 3 0
4609434218613702656 4503599627370495 25769803776
4609434218613702656 4503599627370496 0
4609434218613702656 4503599627370497 25769803776
4609434218613702656 4607182418800017408 4602678819172646912
4609434218613702656 4609434218613702656 0
4609434218613702656 4611686018427387904 4609434218613702656
4609434218613702656 9218868437227405310 4609434218613702656
4609434218613702656 9218868437227405311 4609434218613702656
4609434218613702657 4609434218613702656 4372995238176751616
4611686018427387903 4530621225134718976 4530621225134456832
4611686018427387903 4609434218613702656 4602678819172646908
4611686018427387904 1 0
4611686018427387904 2 0
4611686018427387904 3 2
4611686018427387904 4503599627370495 34359738368
4611686018427387904 4503599627370496 0
4611686018427387904 4503599627370497 34359738368
4611686018427387904 4607182418800017408 0
4611686018427387904 4609434218613702656 4602678819172646912
4611686018427387904 4611686018427387904 0
4611686018427387904 4859383997932765185 4611686018427387904
4611686018427387904 9218868437227405310 4611686018427387904
4611686018427387904 9218868437227405311 4611686018427387904
4613937818241073151 4613937818241073152 4613937818241073151
4613937818241073152 4613937818241073152 0
4613937818241073153 4613937818241073152 4377498837804122112
4614401117292813269 557834773973200763 554765202861691248
4616189618054758401 4609434218613702656 4607182418800017412
4616189618054758401 5189647970606601557 4616189618054758401
4618441417868443647 4618441417868443648 4618441417868443647
4618441417868443648 4618441417868443648 0
4618441417868443649 4618441417868443648 4382002437431492608
4619519420529270598 7582539263401789360 4619519420529270598
4622194417557919061 4609434218613702656 4595172819793696064
4622194417557919061 5521413143156228095 4622194417557919061
4622945017495814143 4622945017495814144 4622945017495814143
4622945017495814144 4622945017495814144 0
4622945017495814145 4622945017495814144 4386506037058863104
4625631240526866801 5600368033207053027 4625631240526866801
4627448617123184639 4627448617123184640 4627448617123184639
4627448617123184640 4627448617123184640 0
4627448617123184641 4627448617123184640 4391009636686233600
4629700416936869887 4609434218613702656 4602678819172646848
4629700416936869887 5845672316326903808 4629700416936869887
4629700416936869888 4609434218613702656 4602678819172646912
4629700416936869888 6174435089124950017 4629700416936869888
4631692348543674201 7431265956431476037 4631692348543674201
4631952216750555135 4631952216750555136 4631952216750555135
4631952216750555136 4631952216750555136 0
4631952216750555137 4631952216750555136 4395513236313604096
4634204016564240385 4609434218613702656 4607182418800017472
4634204016564240385 6504699061798786389 4634204016564240385
4636455816377925631 4636455816377925632 4636455816377925631
4636455816377925632 4636455816377925632 0
4636455816377925633 4636455816377925632 4400016835940974592
4640208816067401045 4609434218613702656 4607933018737912448
4640208816067401045 6836464234348412927 4640208816067401045
4640959416005296127 4640959416005296128 4640959416005296127
4640959416005296128 4640959416005296128 0
4640959416005296129 4640959416005296128 4404520435568345088
4645463015632666623 4645463015632666624 4645463015632666623
4645463015632666624 4645463015632666624 0
4645463015632666625 4645463015632666624 4409024035195715584
4647714815446351871 4609434218613702656 4602678819172645888
4647714815446351871 7160723407519088640 4647714815446351871
4647714815446351872 4609434218613702656 4602678819172646912
4647714815446351872 7489486180317134849 4647714815446351872
4648876338755350225 534988537992965878 534414310139794438
4649966615260037119 4649966615260037120 4649966615260037119
4649966615260037120 4649966615260037120 0
4649966615260037121 4649966615260037120 4413527634823086080
4652218415073722369 4609434218613702656 4607182418800018432
4652218415073722369 7819750152990971221 4652218415073722369
4654470214887407615 4654470214887407616 4654470214887407615
4654470214887407616 4654470214887407616 0
4654470214887407617 4654470214887407616 4418031234450456576
4658223214576883029 4609434218613702656 4604180019048435712
4658223214576883029 8151515325540597759 4658223214576883029
4658973814514778111 4658973814514778112 4658973814514778111
4658973814514778112 4658973814514778112 0
4658973814514778113 4658973814514778112 4422534834077827072
4658992583662644020 4639915750248186427 4639779507675958042
4663477414142148607 4663477414142148608 4663477414142148607
4663477414142148608 4663477414142148608 0
4663477414142148609 4663477414142148608 4427038433705197568
4665729213955833855 4609434218613702656 4602678819172630528
4665729213955833855 8475774498711273472 4665729213955833855
4665729213955833856 4609434218613702656 4602678819172646912
4665729213955833856 8804537271509319681 4665729213955833856
4667981013769519103 4667981013769519104 4667981013769519103
4667981013769519104 4667981013769519104 0
4667981013769519105 4667981013769519104 4431542033332568064
4670232813583204353 4609434218613702656 4607182418800033792
4670232813583204353 9134801244183156053 4670232813583204353
4672484613396889599 4672484613396889600 4672484613396889599
4672484613396889600 4672484613396889600 0
4672484613396889601 4672484613396889600 4436045632959938560
4676237613086365013 247697979505377279 244695580111710890
4676237613086365013 4609434218613702656 4595172819793608704
4676988213024260095 4676988213024260096 4676988213024260095
4676988213024260096 4676988213024260096 0
4676988213024260097 4676988213024260096 4440549232587309056
4677382684839497495 4378026122993980232 4363809479155050496
4681491812651630591 4681491812651630592 4681491812651630591
4681491812651630592 4681491812651630592 0
4681491812651630593 4681491812651630592 4445052832214679552
4683743612465315839 571957152676052992 0
4683743612465315839 4609434218613702656 4602678819172384768
4683743612465315840 900719925474099201 900719925474098690
4683743612465315840 4609434218613702656 4602678819172646912
4685995412279001087 4685995412279001088 4685995412279001087
4685995412279001088 4685995412279001088 0
4685995412279001089 4685995412279001088 4449556431842050048
4688247212092686337 1230983898147935573 1050464613084168192
4688247212092686337 4609434218613702656 4607182418800279552
4690499011906371583 4690499011906371584 4690499011906371583
4690499011906371584 4690499011906371584 0
4690499011906371585 4690499011906371584 4454060031469420544
4694252011595846997 1562749070697562111 1555243071318611370
4694252011595846997 4609434218613702656 4607933018737737728
4695002611533742079 4695002611533742080 4695002611533742079
4695002611533742080 4695002611533742080 0
4695002611533742081 4695002611533742080 4458563631096791040
4699506211161112575 4699506211161112576 4699506211161112575
4699506211161112576 4699506211161112576 0
4699506211161112577 4699506211161112576 4463067230724161536
4701758010974797823 1887008243868237824 0
4701758010974797823 4609434218613702656 4602678819168452608
4701758010974797824 2215771016666284033 2215771008076349442
4701758010974797824 4609434218613702656 4602678819172646912
4704009810788483071 4704009810788483072 4704009810788483071
4704009810788483072 4704009810788483072 0
4704009810788483073 4704009810788483072 4467570830351532032
4705379696435822640 967093246148579925 961630843326533722
4706261610602168321 2546034989340120405 2527645290861690880
4706261610602168321 4609434218613702656 4607182418804211712
4706375920627903630 5525815925716032375 4706375920627903630
4708513410415853567 4708513410415853568 4708513410415853567
4708513410415853568 4708513410415853568 0
4708513410415853569 4708513410415853568 4472074429978902528
4712266410105328981 2877800161889746943 2870294254136765098
4712266410105328981 4609434218613702656 4604180019042844672
4713017010043224063 4713017010043224064 4713017010043224063
4713017010043224064 4713017010043224064 0
4713017010043224065 4713017010043224064 4476578029606273024
4717520609670594559 4717520609670594560 4717520609670594559
4717520609670594560 4717520609670594560 0
4717520609670594561 4717520609670594560 4481081629233643520
4719772409484279807 3202059335060422656 0
4719772409484279807 4609434218613702656 4602678819105538048
4719772409484279808 3530822107858468865 3314649325744685056
4719772409484279808 4609434218613702656 4602678819172646912
4722024209297965055 4722024209297965056 4722024209297965055
4722024209297965056 4722024209297965056 0
4722024209297965057 4722024209297965056 4485585228861014016
4724276009111650305 3861086080532305237 3761631588761206784
4724276009111650305 4609434218613702656 4607182418867126272
4726527808925335551 4726527808925335552 4726527808925335551
4726527808925335552 4726527808925335552 0
4726527808925335553 4726527808925335552 4490088828488384512
4729708820783858655 2760482393230063827 2756082118505664552
4730280808614810965 4192851253081931775 4189848853330356906
4730280808614810965 4609434218613702656 4595172819435782144
4731031408552706047 4731031408552706048 4731031408552706047
4731031408552706048 4731031408552706048 0
4731031408552706049 4731031408552706048 4494592428115755008
4735535008180076543 4735535008180076544 4735535008180076543
4735535008180076544 4735535008180076544 0
4735535008180076545 4735535008180076544 4499096027743125504
4737461481662254533 8113108366219397665 4737461481662254533
4737786807993761791 4517110426252607488 4516547476299186176
4737786807993761791 4609434218613702656 4602678818098905088
4737786807993761792 4609434218613702656 4602678819172646912
4737786807993761792 4845873199050653697 4737786807993761792
4740038607807447039 4740038607807447040 4740038607807447039
4740038607807447040 4740038607807447040 0
4740038607807447041 4740038607807447040 4503599627370496000
4742290407621132289 4609434218613702656 4607182419873759232
4742290407621132289 5176137171724490069 4742290407621132289
4744542207434817535 4744542207434817536 4744542207434817535
4744542207434817536 4744542207434817536 0
4744542207434817537 4744542207434817536 4508103226997866496
4748295207124292949 4609434218613702656 4607933018022084608
4748295207124292949 5507902344274116607 4748295207124292949
4749045807062188031 4749045807062188032 4749045807062188031
4749045807062188032 4749045807062188032 0
4749045807062188033 4749045807062188032 4512606826625236992
4751053728029913579 6141606816023321777 4751053728029913579
4753549406689558527 4753549406689558528 4753549406689558527
4753549406689558528 4753549406689558528 0
4753549406689558529 4753549406689558528 4517110426252607488
4755801206503243775 4609434218613702656 4602678801992777728
4755801206503243775 5832161517444792320 4755801206503243775
4755801206503243776 4609434218613702656 4602678819172646912
4755801206503243776 6160924290242838529 4755801206503243776
4758053006316929023 4758053006316929024 4758053006316929023
4758053006316929024 4758053006316929024 0
4758053006316929025 4758053006316929024 4521614025879977984
4759109531626163726 4438915968693901496 4431377750806995360
4760304806130614273 4609434218613702656 4607182435979886592
4760304806130614273 6491188262916674901 4760304806130614273
4762556605944299519 4762556605944299520 4762556605944299519
4762556605944299520 4762556605944299520 0
4762556605944299521 4762556605944299520 4526117625507348480
4766309605633774933 4609434218613702656 4604179996141944832
4766309605633774933 6822953435466301439 4766309605633774933
4767060205571670015 4767060205571670016 4767060205571670015
4767060205571670016 4767060205571670016 0
4767060205571670017 4767060205571670016 4530621225134718976
4771563805199040511 4771563805199040512 4771563805199040511
4771563805199040512 4771563805199040512 0
4771563805199040513 4771563805199040512 4535124824762089472
4773815605012725759 4609434218613702656 4602678544294739968
4773815605012725759 7147212608636977152 4773815605012725759
4773815605012725760 4609434218613702656 4602678819172646912
4773815605012725760 7475975381435023361 4773815605012725760
4776067404826411007 4776067404826411008 4776067404826411007
4776067404826411008 4776067404826411008 0
4776067404826411009 4776067404826411008 4539628424389459968
4777508630263284452 3615588868340978248 3582479063296434176
4778319204640096257 4609434218613702656 4607182693677924352
4778319204640096257 7806239354108859733 4778319204640096257
4780571004453781503 4780571004453781504 4780571004453781503
4780571004453781504 4780571004453781504 0
4780571004453781505 4780571004453781504 4544132024016830464
4784324004143256917 4609434218613702656 4595171353778192384
4784324004143256917 8138004526658486271 4784324004143256917
4785074604081151999 4785074604081152000 4785074604081151999
4785074604081152000 4785074604081152000 0
4785074604081152001 4785074604081152000 4548635623644200960
4788568223432444583 8159527560991703358 4788568223432444583
4789578203708522495 4789578203708522496 4789578203708522495
4789578203708522496 4789578203708522496 0
4789578203708522497 4789578203708522496 4553139223271571456
4791830003522207743 4609434218613702656 4602674421126135808
4791830003522207743 8462263699829161984 4791830003522207743
4791830003522207744 4609434218613702656 4602678819172646912
4791830003522207744 8791026472627208193 4791830003522207744
4794081803335892991 4794081803335892992 4794081803335892991
4794081803335892992 4794081803335892992 0
4794081803335892993 4794081803335892992 4557642822898941952
4796333603149578241 4609434218613702656 4607186816846528512
4796333603149578241 9121290445301044565 4796333603149578241
4797561286829021882 1710296088192895235 1698777455721430540
4798585402963263487 4798585402963263488 4798585402963263487
4798585402963263488 4798585402963263488 0
4798585402963263489 4798585402963263488 4562146422526312448
4802338402652738901 234187180623265791 231184780871685546
4802338402652738901 4609434218613702656 4607930086706905088
4802450556811901897 6510048464950949995 4802450556811901897
4803089002590633983 4803089002590633984 4803089002590633983
4803089002590633984 4803089002590633984 0
4803089002590633985 4803089002590633984 4566650022153682944
4807592602218004479 4807592602218004480 4807592602218004479
4807592602218004480 4807592602218004480 0
4807592602218004481 4807592602218004480 4571153621781053440
4809844402031689727 558446353793941504 0
4809844402031689727 4609434218613702656 4602608450428469248
4809844402031689728 887209126591987713 887208027080359938
4809844402031689728 4609434218613702656 4602678819172646912
4812096201845374975 4812096201845374976 4812096201845374975
4812096201845374976 4812096201845374976 0
4812096201845374977 4812096201845374976 4575657221408423936
4812246109014483195 6352015820346810394 4812246109014483195
4814348001659060225 1217473099265824085 1176565402650542080
4814348001659060225 4609434218613702656 4607252787544195072
4816599801472745471 4816599801472745472 4816599801472745471
4816599801472745472 4816599801472745472 0
4816599801472745473 4816599801472745472 4580160821035794432
4820352801162220885 1549238271815450623 1546235963689839274
4820352801162220885 4609434218613702656 4604086194056200192
4820872967863700521 5820781568980154656 4820872967863700521
4821103401100115967 4821103401100115968 4821103401100115967
4821103401100115968 4821103401100115968 0
4821103401100115969 4821103401100115968 4584664420663164928
4822574423596410559 5105267924083938678 4822574423596410559
4825607000727486463 4825607000727486464 4825607000727486463
4825607000727486464 4825607000727486464 0
4825607000727486465 4825607000727486464 4589168020290535424
4827858800541171711 1873497444986126336 0
4827858800541171711 4609434218613702656 4601552919265804288
4827858800541171712 2202260217784172545 2017612633061982208
4827858800541171712 4609434218613702656 4602678819172646912
4830110600354856959 4830110600354856960 4830110600354856959
4830110600354856960 4830110600354856960 0
4830110600354856961 4830110600354856960 4593671619917905920
4832362400168542209 2532524190458008917 2410551700550057984
4832362400168542209 4609434218613702656 4608308318706860032
4834588598860917059 7673570486671610186 4834588598860917059
4834614199982227455 4834614199982227456 4834614199982227455
4834614199982227456 4834614199982227456 0
4834614199982227457 4834614199982227456 4598175219545276416
4838367199671702869 2864289363007635455 2856783363628706474
4838367199671702869 4609434218613702656 0
4839117799609597951 4839117799609597952 4839117799609597951
4839117799609597952 4839117799609597952 0
4839117799609597953 4839117799609597952 4602678819172646912
4843621399236968447 4843621399236968448 4843621399236968447
4843621399236968448 4843621399236968448 0
4843621399236968449 4843621399236968448 4607182418800017408
4845873199050653695 3188548536178311168 0
4845873199050653695 4609434218613702656 4607182418800017408
4845873199050653696 3517311308976357377 3440750115311058944
4845873199050653696 4609434218613702656 4602678819172646912
4848124998864338943 4848124998864338944 4848124998864338943
4848124998864338944 4848124998864338944 0
4848124998864338945 4848124998864338944 4611686018427387904
4850376798678024193 3847575281650193749 3644537998449573888
4850376798678024193 4609434218613702656 4602678819172646912
4852628598491709439 4852628598491709440 4852628598491709439
4852628598491709440 4852628598491709440 0
4852628598491709441 4852628598491709440 4616189618054758400
4856381598181184853 4179340454199820287 4171857911068928682
4856381598181184853 4609434218613702656 0
4857132198119079935 4857132198119079936 4857132198119079935
4857132198119079936 4857132198119079936 0
4857132198119079937 4857132198119079936 4620693217682128896
4861635797746450431 4861635797746450432 4861635797746450431
4861635797746450432 4861635797746450432 0
4861635797746450433 4861635797746450432 4625196817309499392
4863887597560135679 4503599627370496000 0
4863887597560135679 4609434218613702656 4607182418800017408
4863887597560135680 4609434218613702656 4602678819172646912
4863887597560135680 4832362400168542209 4832362400168541954
4866139397373820927 4866139397373820928 4866139397373820927
4866139397373820928 4866139397373820928 0
4866139397373820929 4866139397373820928 4629700416936869888
4868391197187506177 4609434218613702656 4602678819172646912
4868391197187506177 5162626372842378581 4868391197187506177
4870642997001191423 4870642997001191424 4870642997001191423
4870642997001191424 4870642997001191424 0
4870642997001191425 4870642997001191424 4634204016564240384
4874395996690666837 4609434218613702656 0
4874395996690666837 5494391545392005119 4874395996690666837
4875146596628561919 4875146596628561920 4875146596628561919
4875146596628561920 4875146596628561920 0
4875146596628561921 4875146596628561920 4638707616191610880
4879650196255932415 4879650196255932416 4879650196255932415
4879650196255932416 4879650196255932416 0
4879650196255932417 4879650196255932416 4643211215818981376
4881901996069617663 4609434218613702656 4607182418800017408
4881901996069617663 5818650718562680832 4881901996069617663
4881901996069617664 4609434218613702656 4602678819172646912
4881901996069617664 6147413491360727041 4881901996069617664
4884153795883302911 4884153795883302912 4884153795883302911
4884153795883302912 4884153795883302912 0
4884153795883302913 4884153795883302912 4647714815446351872
4886405595696988161 4609434218613702656 4602678819172646912
4886405595696988161 6477677464034563413 4886405595696988161
4888657395510673407 4888657395510673408 4888657395510673407
4888657395510673408 4888657395510673408 0
4888657395510673409 4888657395510673408 4652218415073722368
4892410395200148821 4609434218613702656 0
4892410395200148821 6809442636584189951 4892410395200148821
4893160995138043903 4893160995138043904 4893160995138043903
4893160995138043904 4893160995138043904 0
4893160995138043905 4893160995138043904 4656722014701092864
4897664594765414399 4897664594765414400 4897664594765414399
4897664594765414400 4897664594765414400 0
4897664594765414401 4897664594765414400 4661225614328463360
4899916394579099647 4609434218613702656 4607182418800017408
4899916394579099647 7133701809754865664 4899916394579099647
4899916394579099648 4609434218613702656 4602678819172646912
4899916394579099648 7462464582552911873 4899916394579099648
4902168194392784895 4902168194392784896 4902168194392784895
4902168194392784896 4902168194392784896 0
4902168194392784897 4902168194392784896 4665729213955833856
4904419994206470145 4609434218613702656 4602678819172646912
4904419994206470145 7792728555226748245 4904419994206470145
4906671794020155391 4906671794020155392 4906671794020155391
4906671794020155392 4906671794020155392 0
4906671794020155393 4906671794020155392 4670232813583204352
4910424793709630805 4609434218613702656 0
4910424793709630805 8124493727776374783 4910424793709630805
4911175393647525887 4911175393647525888 4911175393647525887
4911175393647525888 4911175393647525888 0
4911175393647525889 4911175393647525888 4674736413210574848
4912502203063533616 2383824770675516879 2381956014569302972
4915678993274896383 4915678993274896384 4915678993274896383
4915678993274896384 4915678993274896384 0
4915678993274896385 4915678993274896384 4679240012837945344
4917930793088581631 4609434218613702656 4607182418800017408
4917930793088581631 8448752900947050496 4917930793088581631
4917930793088581632 4609434218613702656 4602678819172646912
4917930793088581632 8777515673745096705 4917930793088581632
4919339120661115895 8669780585207936990 4919339120661115895
4920182592902266879 4920182592902266880 4920182592902266879
4920182592902266880 4920182592902266880 0
4920182592902266881 4920182592902266880 4683743612465315840
4922434392715952129 4609434218613702656 4602678819172646912
4922434392715952129 9107779646418933077 4922434392715952129
4924686192529637375 4924686192529637376 4924686192529637375
4924686192529637376 4924686192529637376 0
4924686192529637377 4924686192529637376 4688247212092686336
4928439192219112789 220676381741154303 213170748866079402
4928439192219112789 4609434218613702656 0
4929189792157007871 4929189792157007872 4929189792157007871
4929189792157007872 4929189792157007872 0
4929189792157007873 4929189792157007872 4692750811720056832
4931398185257198602 1417663641762970402 1416432062777405944
4933693391784378367 4933693391784378368 4933693391784378367
4933693391784378368 4933693391784378368 0
4933693391784378369 4933693391784378368 4697254411347427328
4935945191598063615 544935554911830016 0
4935945191598063615 4609434218613702656 4607182418800017408
4935945191598063616 873698327709876225 720575940379279360
4935945191598063616 4609434218613702656 4602678819172646912
4938196991411748863 4938196991411748864 4938196991411748863
4938196991411748864 4938196991411748864 0
4938196991411748865 4938196991411748864 4701758010974797824
4940448791225434113 1203962300383712597 1059471812338909184
4940448791225434113 4609434218613702656 4602678819172646912
4942700591039119359 4942700591039119360 4942700591039119359
4942700591039119360 4942700591039119360 0
4942700591039119361 4942700591039119360 4706261610602168320
4946453590728594773 1535727472933339135 1532725073181780650
4946453590728594773 4609434218613702656 0
4947204190666489855 4947204190666489856 4947204190666489855
4947204190666489856 4947204190666489856 0
4947204190666489857 4947204190666489856 4710765210229538816
4951707790293860351 4951707790293860352 4951707790293860351
4951707790293860352 4951707790293860352 0
4951707790293860353 4951707790293860352 4715268809856909312
4953959590107545599 1859986646104014848 0
4953959590107545599 4609434218613702656 4607182418800017408
4953959590107545600 2188749418902061057 2143713422628356096
4953959590107545600 4609434218613702656 4602678819172646912
4956211389921230847 4956211389921230848 4956211389921230847
4956211389921230848 4956211389921230848 0
4956211389921230849 4956211389921230848 4719772409484279808
4958463189734916097 2519013391575897429 2293458110238425088
4958463189734916097 4609434218613702656 4602678819172646912
4960714989548601343 4960714989548601344 4960714989548601343
4960714989548601344 4960714989548601344 0
4960714989548601345 4960714989548601344 4724276009111650304
4964467989238076757 2850778564125523967 2847799620622002858
4964467989238076757 4609434218613702656 0
4965218589175971839 4965218589175971840 4965218589175971839
4965218589175971840 4965218589175971840 0
4965218589175971841 4965218589175971840 4728779608739020800
4969722188803342335 4969722188803342336 4969722188803342335
4969722188803342336 4969722188803342336 0
4969722188803342337 4969722188803342336 4733283208366391296
4971973988617027583 3175037737296199680 0
4971973988617027583 4609434218613702656 4607182418800017408
4971973988617027584 3503800510094245889 3503800510094213122
4971973988617027584 4609434218613702656 4602678819172646912
4974225788430712831 4974225788430712832 4974225788430712831
4974225788430712832 4974225788430712832 0
4974225788430712833 4974225788430712832 4737786807993761792
4976477588244398081 3834064482768082261 3770638788015947776
4976477588244398081 4609434218613702656 4602678819172646912
4978729388058083327 4978729388058083328 4978729388058083327
4978729388058083328 4978729388058083328 0
4978729388058083329 4978729388058083328 4742290407621132288
4982482387747558741 4165829655317708799 4158323655944350378
4982482387747558741 4609434218613702656 0
4983232987685453823 4983232987685453824 4983232987685453823
4983232987685453824 4983232987685453824 0
4983232987685453825 4983232987685453824 4746794007248502784
4987736587312824319 4987736587312824320 4987736587312824319
4987736587312824320 4987736587312824320 0
4987736587312824321 4987736587312824320 4751297606875873280
4989988387126509567 4490088828488384512 0
4989988387126509567 4609434218613702656 4607182418800017408
4989988387126509568 4609434218613702656 4602678819172646912
4989988387126509568 4818851601286430721 4818851051530616834
4992240186940194815 4992240186940194816 4992240186940194815
4992240186940194816 4992240186940194816 0
4992240186940194817 4992240186940194816 4755801206503243776
4993260878389504060 8975126941244183837 4993260878389504060
4994491986753880065 4609434218613702656 4602678819172646912
4994491986753880065 5149115573960267093 4994491986753880065
4996743786567565311 4996743786567565312 4996743786567565311
4996743786567565312 4996743786567565312 0
4996743786567565313 4996743786567565312 4760304806130614272
5000496786257040725 4609434218613702656 0
5000496786257040725 5480880746509893631 5000496786257040725
5001247386194935807 5001247386194935808 5001247386194935807
5001247386194935808 5001247386194935808 0
5001247386194935809 5001247386194935808 4764808405757984768
5005750985822306303 5005750985822306304 5005750985822306303
5005750985822306304 5005750985822306304 0
5005750985822306305 5005750985822306304 4769312005385355264
5006715421672022245 8732687469940438132 5006715421672022245
5008002785635991551 4609434218613702656 4607182418800017408
5008002785635991551 5805139919680569344 5008002785635991551
5008002785635991552 4609434218613702656 4602678819172646912
5008002785635991552 6133902692478615553 5008002785635991552
5010254585449676799 5010254585449676800 5010254585449676799
5010254585449676800 5010254585449676800 0
5010254585449676801 5010254585449676800 4773815605012725760
5012506385263362049 4609434218613702656 4602678819172646912
5012506385263362049 6464166665152451925 5012506385263362049
5014758185077047295 5014758185077047296 5014758185077047295
5014758185077047296 5014758185077047296 0
5014758185077047297 5014758185077047296 4778319204640096256
5018511184766522709 4609434218613702656 0
5018511184766522709 6795931837702078463 5018511184766522709
5019261784704417791 5019261784704417792 5019261784704417791
5019261784704417792 5019261784704417792 0
5019261784704417793 5019261784704417792 4782822804267466752
5023765384331788287 5023765384331788288 5023765384331788287
5023765384331788288 5023765384331788288 0
5023765384331788289 5023765384331788288 4787326403894837248
5026017184145473535 4609434218613702656 4607182418800017408
5026017184145473535 7120191010872754176 5026017184145473535
5026017184145473536 4609434218613702656 4602678819172646912
5026017184145473536 7448953783670800385 5026017184145473536
5028268983959158783 5028268983959158784 5028268983959158783
5028268983959158784 5028268983959158784 0
5028268983959158785 5028268983959158784 4791830003522207744
5030520783772844033 4609434218613702656 4602678819172646912
5030520783772844033 7779217756344636757 5030520783772844033
5032772583586529279 5032772583586529280 5032772583586529279
5032772583586529280 5032772583586529280 0
5032772583586529281 5032772583586529280 4796333603149578240
5033475293349267605 2865814334293657324 2853960083186920320
5036525583276004693 4609434218613702656 0
5036525583276004693 8110982928894263295 5036525583276004693
5037276183213899775 5037276183213899776 5037276183213899775
5037276183213899776 5037276183213899776 0
5037276183213899777 5037276183213899776 4800837202776948736
5041779782841270271 5041779782841270272 5041779782841270271
5041779782841270272 5041779782841270272 0
5041779782841270273 5041779782841270272 4805340802404319232
5044031582654955519 4609434218613702656 4607182418800017408
5044031582654955519 8435242102064939008 5044031582654955519
5044031582654955520 4609434218613702656 4602678819172646912
5044031582654955520 8764004874862985217 5044031582654955520
5046283382468640767 5046283382468640768 5046283382468640767
5046283382468640768 5046283382468640768 0
5046283382468640769 5046283382468640768 4809844402031689728
5046562616635498100 5245553552169503488 5046562616635498100
5048535182282326017 4609434218613702656 4602678819172646912
5048535182282326017 9094268847536821589 5048535182282326017
5050786982096011263 5050786982096011264 5050786982096011263
5050786982096011264 5050786982096011264 0
5050786982096011265 5050786982096011264 4814348001659060224
5054539981785486677 207165582859042815 199659583480179370
5054539981785486677 4609434218613702656 0
5055290581723381759 5055290581723381760 5055290581723381759
5055290581723381760 5055290581723381760 0
5055290581723381761 5055290581723381760 4818851601286430720
5058882887021566947 1902052969604074343 1901879830452018413
5059794181350752255 5059794181350752256 5059794181350752255
5059794181350752256 5059794181350752256 0
5059794181350752257 5059794181350752256 4823355200913801216
5062045981164437503 531424756029718528 0
5062045981164437503 4609434218613702656 4607182418800017408
5062045981164437504 860187528827764737 846676729945653248
5062045981164437504 4609434218613702656 4602678819172646912
5064297780978122751 5064297780978122752 5064297780978122751
5064297780978122752 5064297780978122752 0
5064297780978122753 5064297780978122752 4827858800541171712
5066549580791808001 1190451501501601109 1185572601905283072
5066549580791808001 4609434218613702656 4602678819172646912
5068801380605493247 5068801380605493248 5068801380605493247
5068801380605493248 5068801380605493248 0
5068801380605493249 5068801380605493248 4832362400168542208
5069436040793724113 823009435714718446 819272578045696464
5072554380294968661 1522216674051227647 1514804499664513706
5072554380294968661 4609434218613702656 0
5073304980232863743 5073304980232863744 5073304980232863743
5073304980232863744 5073304980232863744 0
5073304980232863745 5073304980232863744 4836865999795912704
5077808579860234239 5077808579860234240 5077808579860234239
5077808579860234240 5077808579860234240 0
5077808579860234241 5077808579860234240 4841369599423283200
5080060379673919487 1846475847221903360 0
5080060379673919487 4609434218613702656 4607182418800017408
5080060379673919488 2175238620019949569 2175238620015755266
5080060379673919488 4609434218613702656 4602678819172646912
5082312179487604735 5082312179487604736 5082312179487604735
5082312179487604736 5082312179487604736 0
5082312179487604737 5082312179487604736 4845873199050653696
5084563979301289985 2505502592693785941 2419558899804798976
5084563979301289985 4609434218613702656 4602678819172646912
5086815779114975231 5086815779114975232 5086815779114975231
5086815779114975232 5086815779114975232 0
5086815779114975233 5086815779114975232 4850376798678024192
5090568778804450645 2837267765243412479 2834265365497424554
5090568778804450645 4609434218613702656 0
5091319378742345727 5091319378742345728 5091319378742345727
5091319378742345728 5091319378742345728 0
5091319378742345729 5091319378742345728 4854880398305394688
5095822978369716223 5095822978369716224 5095822978369716223
5095822978369716224 5095822978369716224 0
5095822978369716225 5095822978369716224 4859383997932765184
5098074778183401471 3161526938414088192 0
5098074778183401471 4609434218613702656 4607182418800017408
5098074778183401472 3490289711212134401 3490219342467956738
5098074778183401472 4609434218613702656 4602678819172646912
5100326577997086719 5100326577997086720 5100326577997086719
5100326577997086720 5100326577997086720 0
5100326577997086721 5100326577997086720 4863887597560135680
5102578377810771969 3820553683885970773 3653545197704314880
5102578377810771969 4609434218613702656 4602678819172646912
5104830177624457215 5104830177624457216 5104830177624457215
5104830177624457216 5104830177624457216 0
5104830177624457217 5104830177624457216 4868391197187506176
5108583177313932629 4152318856435597311 4144812857056646486
5108583177313932629 4609434218613702656 0
5109333777251827711 5109333777251827712 5109333777251827711
5109333777251827712 5109333777251827712 0
5109333777251827713 5109333777251827712 4872894796814876672
5113837376879198207 5113837376879198208 5113837376879198207
5113837376879198208 5113837376879198208 0
5113837376879198209 5113837376879198208 4877398396442247168
5114620764755414076 2125340966202189094 2117042802890136056
5116089176692883455 4476578029606273024 0
5116089176692883455 4609434218613702656 4607182418800017408
5116089176692883456 4609434218613702656 4602678819172646912
5116089176692883456 4805340802404319233 4647714815446351872
5117823089922599234 6569625842084547170 5117823089922599234
5118340976506568703 5118340976506568704 5118340976506568703
5118340976506568704 5118340976506568704 0
5118340976506568705 5118340976506568704 4881901996069617664
5120592776320253953 4609434218613702656 4602678819172646912
5120592776320253953 5135604775078155605 5120592776320253953
5122458666707161942 3781344035451794396 3773238822798001920
5122844576133939199 5122844576133939200 5122844576133939199
5122844576133939200 5122844576133939200 0
5122844576133939201 5122844576133939200 4886405595696988160
5126597575823414613 4609434218613702656 0
5126597575823414613 5467369947627782143 5126597575823414613
5127348175761309695 5127348175761309696 5127348175761309695
5127348175761309696 5127348175761309696 0
5127348175761309697 5127348175761309696 4890909195324358656
5130142934323765685 5434232670521884028 5130142934323765685
5131851775388680191 5131851775388680192 5131851775388680191
5131851775388680192 5131851775388680192 0
5131851775388680193 5131851775388680192 4895412794951729152
5133645295042273306 3386189819531646582 3383465623321797258
5134103575202365439 4609434218613702656 4607182418800017408
5134103575202365439 5791629120798457856 5134103575202365439
5134103575202365440 4609434218613702656 4602678819172646912
5134103575202365440 6120391893596504065 5134103575202365440
5136355375016050687 5136355375016050688 5136355375016050687
5136355375016050688 5136355375016050688 0
5136355375016050689 5136355375016050688 4899916394579099648
5138607174829735937 4609434218613702656 4602678819172646912
5138607174829735937 6450655866270340437 5138607174829735937
5140858974643421183 5140858974643421184 5140858974643421183
5140858974643421184 5140858974643421184 0
5140858974643421185 5140858974643421184 4904419994206470144
5144611974332896597 4609434218613702656 0
5144611974332896597 6782421038819966975 5144611974332896597
5145262998131833440 134424410504786939 133208743979254660
5145362574270791679 5145362574270791680 5145362574270791679
5145362574270791680 5145362574270791680 0
5145362574270791681 5145362574270791680 4908923593833840640
5149866173898162175 5149866173898162176 5149866173898162175
5149866173898162176 5149866173898162176 0
5149866173898162177 5149866173898162176 4913427193461211136
5152117973711847423 4609434218613702656 4607182418800017408
5152117973711847423 7106680211990642688 5152117973711847423
5152117973711847424 4609434218613702656 4602678819172646912
5152117973711847424 7435442984788688897 5152117973711847424
5154369773525532671 5154369773525532672 5154369773525532671
5154369773525532672 5154369773525532672 0
5154369773525532673 5154369773525532672 4917930793088581632
5156249930872676372 2350313698779333007 2348171237624011751
5156621573339217921 4609434218613702656 4602678819172646912
5156621573339217921 7765706957462525269 5156621573339217921
5158873373152903167 5158873373152903168 5158873373152903167
5158873373152903168 5158873373152903168 0
5158873373152903169 5158873373152903168 4922434392715952128
5162626372842378581 4609434218613702656 0
5162626372842378581 8097472130012151807 5162626372842378581
5163376972780273663 5163376972780273664 5163376972780273663
5163376972780273664 5163376972780273664 0
5163376972780273665 5163376972780273664 4926937992343322624
5167880572407644159 5167880572407644160 5167880572407644159
5167880572407644160 5167880572407644160 0
5167880572407644161 5167880572407644160 4931441591970693120
5170132372221329407 4609434218613702656 4607182418800017408
5170132372221329407 8421731303182827520 5170132372221329407
5170132372221329408 4609434218613702656 4602678819172646912
5170132372221329408 8750494075980873729 5170132372221329408
5172384172035014655 5172384172035014656 5172384172035014655
5172384172035014656 5172384172035014656 0
5172384172035014657 5172384172035014656 4935945191598063616
5172520260207239767 5858696046316592652 5172520260207239767
5174635971848699905 4609434218613702656 4602678819172646912
5174635971848699905 9080758048654710101 5174635971848699905
5176887771662385151 5176887771662385152 5176887771662385151
5176887771662385152 5176887771662385152 0
5176887771662385153 5176887771662385152 4940448791225434112
5180640771351860565 193654783976931327 190746209217587882
5180640771351860565 4609434218613702656 0
5181391371289755647 5181391371289755648 5181391371289755647
5181391371289755648 5181391371289755648 0
5181391371289755649 5181391371289755648 4944952390852804608
5185894970917126143 5185894970917126144 5185894970917126143
5185894970917126144 5185894970917126144 0
5185894970917126145 5185894970917126144 4949455990480175104
5187225734656727487 2514840254777941096 2496894226359103360
5188146770730811391 517913957147607040 0
5188146770730811391 4609434218613702656 4607182418800017408
5188146770730811392 846676729945653249 846676729408782338
5188146770730811392 4609434218613702656 4602678819172646912
5190398570544496639 5190398570544496640 5190398570544496639
5190398570544496640 5190398570544496640 0
5190398570544496641 5190398570544496640 4953959590107545600
5192650370358181889 1176940702619489621 1068479011593650176
5192650370358181889 4609434218613702656 4602678819172646912
5194902170171867135 5194902170171867136 5194902170171867135
5194902170171867136 5194902170171867136 0
5194902170171867137 5194902170171867136 4958463189734916096
5198024838739993514 3475730833102160122 3473001773879303886
5198655169861342549 1508705875169116159 1501199875812534954
5198655169861342549 4609434218613702656 0
5199405769799237631 5199405769799237632 5199405769799237631
5199405769799237632 5199405769799237632 0
5199405769799237633 5199405769799237632 4962966789362286592
5203909369426608127 5203909369426608128 5203909369426608127
5203909369426608128 5203909369426608128 0
5203909369426608129 5203909369426608128 4967470388989657088
5206161169240293375 1832965048339791872 0
5206161169240293375 4609434218613702656 4607182418800017408
5206161169240293376 2161727821137838081 1927540640514572288
5206161169240293376 4609434218613702656 4602678819172646912
5208412969053978623 5208412969053978624 5208412969053978623
5208412969053978624 5208412969053978624 0
5208412969053978625 5208412969053978624 4971973988617027584
5210664768867663873 2491991793811674453 2302465309493166080
5210664768867663873 4609434218613702656 4602678819172646912
5212916568681349119 5212916568681349120 5212916568681349119
5212916568681349120 5212916568681349120 0
5212916568681349121 5212916568681349120 4976477588244398080
5216526416633711753 4241808869256663879 4240833009771958589
5216669568370824533 2823756966361300991 2820754566609720662
5216669568370824533 4609434218613702656 0
5217420168308719615 5217420168308719616 5217420168308719615
5217420168308719616 5217420168308719616 0
5217420168308719617 5217420168308719616 4980981187871768576
5221923767936090111 5221923767936090112 5221923767936090111
5221923767936090112 5221923767936090112 0
5221923767936090113 5221923767936090112 4985484787499139072
5224175567749775359 3148016139531976704 0
5224175567749775359 4609434218613702656 4607182418800017408
5224175567749775360 3476778912330022913 3350678122763649024
5224175567749775360 4609434218613702656 4602678819172646912
5226384997886225662 1539523396593032246 1511830544314530048
5226427367563460607 5226427367563460608 5226427367563460607
5226427367563460608 5226427367563460608 0
5226427367563460609 5226427367563460608 4989988387126509568
5228679167377145857 3807042885003859285 3779645987270688768
5228679167377145857 4609434218613702656 4602678819172646912
5230930967190831103 5230930967190831104 5230930967190831103
5230930967190831104 5230930967190831104 0
5230930967190831105 5230930967190831104 4994491986753880064
5234683966880306517 4138808057553485823 4135805659233561258
5234683966880306517 4609434218613702656 0
5235434566818201599 5235434566818201600 5235434566818201599
5235434566818201600 5235434566818201600 0
5235434566818201601 5235434566818201600 4998995586381250560
5239938166445572095 5239938166445572096 5239938166445572095
5239938166445572096 5239938166445572096 0
5239938166445572097 5239938166445572096 5003499186008621056
5242189966259257343 4463067230724161536 0
5242189966259257343 4609434218613702656 4607182418800017408
5242189966259257344 4609434218613702656 4602678819172646912
5242189966259257344 4791830003522207745 4773815605012725760
5244441766072942591 5244441766072942592 5244441766072942591
5244441766072942592 5244441766072942592 0
5244441766072942593 5244441766072942592 5008002785635991552
5246612319411772037 6197946144979977496 5246612319411772037
5246693565886627841 4609434218613702656 4602678819172646912
5246693565886627841 5122093976196044117 5013632285170204672
5248945365700313087 5248945365700313088 5248945365700313087
5248945365700313088 5248945365700313088 0
5248945365700313089 5248945365700313088 5012506385263362048
5252698365389788501 4609434218613702656 0
5252698365389788501 5453859148745670655 5252698365389788501
5253448965327683583 5253448965327683584 5253448965327683583
5253448965327683584 5253448965327683584 0
5253448965327683585 5253448965327683584 5017009984890732544
5257952564955054079 5257952564955054080 5257952564955054079
5257952564955054080 5257952564955054080 0
5257952564955054081 5257952564955054080 5021513584518103040
5260204364768739327 4609434218613702656 4607182418800017408
5260204364768739327 5778118321916346368 5260204364768739327
5260204364768739328 4609434218613702656 4602678819172646912
5260204364768739328 6106881094714392577 5260204364768739328
5262456164582424575 5262456164582424576 5262456164582424575
5262456164582424576 5262456164582424576 0
5262456164582424577 5262456164582424576 5026017184145473536
5264707964396109825 4609434218613702656 4602678819172646912
5264707964396109825 6437145067388228949 5264707964396109825
5266959764209795071 5266959764209795072 5266959764209795071
5266959764209795072 5266959764209795072 0
5266959764209795073 5266959764209795072 5030520783772844032
5270712763899270485 4609434218613702656 0
5270712763899270485 6768910239937855487 5270712763899270485
5271463363837165567 5271463363837165568 5271463363837165567
5271463363837165568 5271463363837165568 0
5271463363837165569 5271463363837165568 5035024383400214528
5272524083893827887 3386266217237613955 3384298445880882564
5275966963464536063 5275966963464536064 5275966963464536063
5275966963464536064 5275966963464536064 0
5275966963464536065 5275966963464536064 5039527983027585024
5278218763278221311 4609434218613702656 4607182418800017408
5278218763278221311 7093169413108531200 5278218763278221311
5278218763278221312 4609434218613702656 4602678819172646912
5278218763278221312 7421932185906577409 5278218763278221312
5280470563091906559 5280470563091906560 5280470563091906559
5280470563091906560 5280470563091906560 0
5280470563091906561 5280470563091906560 5044031582654955520
5282722362905591809 4609434218613702656 4602678819172646912
5282722362905591809 7752196158580413781 5282722362905591809
5284974162719277055 5284974162719277056 5284974162719277055
5284974162719277056 5284974162719277056 0
5284974162719277057 5284974162719277056 5048535182282326016
5288727162408752469 4609434218613702656 0
5288727162408752469 8083961331130040319 5288727162408752469
5289477762346647551 5289477762346647552 5289477762346647551
5289477762346647552 5289477762346647552 0
5289477762346647553 5289477762346647552 5053038781909696512
5293981361974018047 5293981361974018048 5293981361974018047
5293981361974018048 5293981361974018048 0
5293981361974018049 5293981361974018048 5057542381537067008
5296233161787703295 4609434218613702656 4607182418800017408
5296233161787703295 8408220504300716032 5296233161787703295
5296233161787703296 4609434218613702656 4602678819172646912
5296233161787703296 8736983277098762241 5296233161787703296
5298377884112062607 399251099564684676 398470909237927548
5298484961601388543 5298484961601388544 5298484961601388543
5298484961601388544 5298484961601388544 0
5298484961601388545 5298484961601388544 5062045981164437504
5300736761415073793 4609434218613702656 4602678819172646912
5300736761415073793 9067247249772598613 5300736761415073793
5302988561228759039 5302988561228759040 5302988561228759039
5302988561228759040 5302988561228759040 0
5302988561228759041 5302988561228759040 5066549580791808000
5306741560918234453 180143985094819839 177141585365609130
5306741560918234453 4609434218613702656 0
5307492160856129535 5307492160856129536 5307492160856129535
5307492160856129536 5307492160856129536 0
5307492160856129537 5307492160856129536 5071053180419178496
5311995760483500031 5311995760483500032 5311995760483500031
5311995760483500032 5311995760483500032 0
5311995760483500033 5311995760483500032 5075556780046548992
5314247560297185279 504403158265495552 0
5314247560297185279 4609434218613702656 4607182418800017408
5314247560297185280 833165931063541761 630503947831869440
5314247560297185280 4609434218613702656 4602678819172646912
5316499360110870527 5316499360110870528 5316499360110870527
5316499360110870528 5316499360110870528 0
5316499360110870529 5316499360110870528 5080060379673919488
5318751159924555777 1163429903737378133 951385421282017280
5318751159924555777 4609434218613702656 4602678819172646912
5320807710424926061 1155647468013977961 1144473408928061176
5321002959738241023 5321002959738241024 5321002959738241023
5321002959738241024 5321002959738241024 0
5321002959738241025 5321002959738241024 5084563979301289984
5324755959427716437 1495195076287004671 1487689076908053850
5324755959427716437 4609434218613702656 0
5325506559365611519 5325506559365611520 5325506559365611519
5325506559365611520 5325506559365611520 0
5325506559365611521 5325506559365611520 5089067578928660480
5330010158992982015 5330010158992982016 5330010158992982015
5330010158992982016 5330010158992982016 0
5330010158992982017 5330010158992982016 5093571178556030976
5332261958806667263 1819454249457680384 0
5332261958806667263 4609434218613702656 4607182418800017408
5332261958806667264 2148217022255726593 2053641430080946176
5332261958806667264 4609434218613702656 4602678819172646912
5334513758620352511 5334513758620352512 5334513758620352511
5334513758620352512 5334513758620352512 0
5334513758620352513 5334513758620352512 5098074778183401472
5336765558434037761 2478480994929562965 2428566099059539968
5336765558434037761 4609434218613702656 4602678819172646912
5339017358247723007 5339017358247723008 5339017358247723007
5339017358247723008 5339017358247723008 0
5339017358247723009 5339017358247723008 5102578377810771968
5342770357937198421 2810246167479189503 2802740173826861738
5342770357937198421 4609434218613702656 0
5343520957875093503 5343520957875093504 5343520957875093503
5343520957875093504 5343520957875093504 0
5343520957875093505 5343520957875093504 5107081977438142464
5348024557502463999 5348024557502464000 5348024557502463999
5348024557502464000 5348024557502464000 0
5348024557502464001 5348024557502464000 5111585577065512960
5350276357316149247 3134505340649865216 0
5350276357316149247 4609434218613702656 4607182418800017408
5350276357316149248 3463268113447911425 3463268113447911410
5350276357316149248 4609434218613702656 4602678819172646912
5352528157129834495 5352528157129834496 5352528157129834495
5352528157129834496 5352528157129834496 0
5352528157129834497 5352528157129834496 5116089176692883456
5354779956943519745 3793532086121747797 3662552396959055872
5354779956943519745 4609434218613702656 4602678819172646912
5357031756757204991 5357031756757204992 5357031756757204991
5357031756757204992 5357031756757204992 0
5357031756757204993 5357031756757204992 5120592776320253952
5358531546543955241 8492177589032549782 5358531546543955241
5360784756446680405 4125297258671374335 4122294858919794346
5360784756446680405 4609434218613702656 0
5361535356384575487 5361535356384575488 5361535356384575487
5361535356384575488 5361535356384575488 0
5361535356384575489 5361535356384575488 5125096375947624448
5366038956011945983 5366038956011945984 5366038956011945983
5366038956011945984 5366038956011945984 0
5366038956011945985 5366038956011945984 5129599975574994944
5368290755825631231 4449556431842050048 0
5368290755825631231 4609434218613702656 4607182418800017408
5368290755825631232 4609434218613702656 4602678819172646912
5368290755825631232 4778319204640096257 4778319204371660802
5370542555639316479 5370542555639316480 5370542555639316479
5370542555639316480 5370542555639316480 0
5370542555639316481 5370542555639316480 5134103575202365440
5372794355453001729 4609434218613702656 4602678819172646912
5372794355453001729 5108583177313932629 4896538694858571776
5373337980451290887 7769525061226333643 5373337980451290887
5374904010009133095 1899687225859304841 1895372552006184732
5375046155266686975 5375046155266686976 5375046155266686975
5375046155266686976 5375046155266686976 0
5375046155266686977 5375046155266686976 5138607174829735936
5378799154956162389 4609434218613702656 0
5378799154956162389 5440348349863559167 5378799154956162389
5379549754894057471 5379549754894057472 5379549754894057471
5379549754894057472 5379549754894057472 0
5379549754894057473 5379549754894057472 5143110774457106432
5384053354521427967 5384053354521427968 5384053354521427967
5384053354521427968 5384053354521427968 0
5384053354521427969 5384053354521427968 5147614374084476928
5386305154335113215 4609434218613702656 4607182418800017408
5386305154335113215 5764607523034234880 5386305154335113215
5386305154335113216 4609434218613702656 4602678819172646912
5386305154335113216 6093370295832281089 5386305154335113216
5388556954148798463 5388556954148798464 5388556954148798463
5388556954148798464 5388556954148798464 0
5388556954148798465 5388556954148798464 5152117973711847424
5390808753962483713 4609434218613702656 4602678819172646912
5390808753962483713 6423634268506117461 5390808753962483713
5393060553776168959 5393060553776168960 5393060553776168959
5393060553776168960 5393060553776168960 0
5393060553776168961 5393060553776168960 5156621573339217920
5396813553465644373 4609434218613702656 0
5396813553465644373 6755399441055743999 5396813553465644373
5397564153403539455 5397564153403539456 5397564153403539455
5397564153403539456 5397564153403539456 0
5397564153403539457 5397564153403539456 5161125172966588416
5402067753030909951 5402067753030909952 5402067753030909951
5402067753030909952 5402067753030909952 0
5402067753030909953 5402067753030909952 5165628772593958912
5404319552844595199 4609434218613702656 4607182418800017408
5404319552844595199 7079658614226419712 5404319552844595199
5404319552844595200 4609434218613702656 4602678819172646912
5404319552844595200 7408421387024465921 5404319552844595200
5406571352658280447 5406571352658280448 5406571352658280447
5406571352658280448 5406571352658280448 0
5406571352658280449 5406571352658280448 5170132372221329408
5407087933042245016 5329209889498879859 5327870724957893451
5408205560542545190 8473252070803992281 5408205560542545190
5408789944062588994 6380778359518434756 5408789944062588994
5408823152471965697 4609434218613702656 4602678819172646912
5408823152471965697 7738685359698302293 5408823152471965697
5411074952285650943 5411074952285650944 5411074952285650943
5411074952285650944 5411074952285650944 0
5411074952285650945 5411074952285650944 5174635971848699904
5414245977404053907 895061011120353922 889221468886730448
5414827951975126357 4609434218613702656 0
5414827951975126357 8070450532247928831 5414827951975126357
5415578551913021439 5415578551913021440 5415578551913021439
5415578551913021440 5415578551913021440 0
5415578551913021441 5415578551913021440 5179139571476070400
5420082151540391935 5420082151540391936 5420082151540391935
5420082151540391936 5420082151540391936 0
5420082151540391937 5420082151540391936 5183643171103440896
5422333951354077183 4609434218613702656 4607182418800017408
5422333951354077183 8394709705418604544 5422333951354077183
5422333951354077184 4609434218613702656 4602678819172646912
5422333951354077184 8723472478216650753 5422333951354077184
5424585751167762431 5424585751167762432 5424585751167762431
5424585751167762432 5424585751167762432 0
5424585751167762433 5424585751167762432 5188146770730811392
5426837550981447681 4609434218613702656 4602678819172646912
5426837550981447681 9053736450890487125 5426837550981447681
5429089350795132927 5429089350795132928 5429089350795132927
5429089350795132928 5429089350795132928 0
5429089350795132929 5429089350795132928 5192650370358181888
5432454404152103198 6046121967605004436 5432454404152103198
5432842350484608341 166633186212708351 163630786461128026
5432842350484608341 4609434218613702656 0
5433592950422503423 5433592950422503424 5433592950422503423
5433592950422503424 5433592950422503424 0
5433592950422503425 5433592950422503424 5197153969985552384
5438096550049873919 5438096550049873920 5438096550049873919
5438096550049873920 5438096550049873920 0
5438096550049873921 5438096550049873920 5201657569612922880
5440348349863559167 490892359383384064 0
5440348349863559167 4609434218613702656 4607182418800017408
5440348349863559168 819655132181430273 756604737398243328
5440348349863559168 4609434218613702656 4602678819172646912
5442600149677244415 5442600149677244416 5442600149677244415
5442600149677244416 5442600149677244416 0
5442600149677244417 5442600149677244416 5206161169240293376
5444851949490929665 1149919104855266645 1077486210848391168
5444851949490929665 4609434218613702656 4602678819172646912
5447103749304614911 5447103749304614912 5447103749304614911
5447103749304614912 5447103749304614912 0
5447103749304614913 5447103749304614912 5210664768867663872
5450856748994090325 1481684277404893183 1478681883379935914
5450856748994090325 4609434218613702656 0
5451607348931985407 5451607348931985408 5451607348931985407
5451607348931985408 5451607348931985408 0
5451607348931985409 5451607348931985408 5215168368495034368
5456110948559355903 5456110948559355904 5456110948559355903
5456110948559355904 5456110948559355904 0
5456110948559355905 5456110948559355904 5219671968122404864
5458362748373041151 1805943450575568896 0
5458362748373041151 4609434218613702656 4607182418800017408
5458362748373041152 2134706223373615105 2134706223373613058
5458362748373041152 4609434218613702656 4602678819172646912
5460614548186726399 5460614548186726400 5460614548186726399
5460614548186726400 5460614548186726400 0
5460614548186726401 5460614548186726400 5224175567749775360
5462866348000411649 2464970196047451477 2311472508747907072
5462866348000411649 4609434218613702656 4602678819172646912
5465118147814096895 5465118147814096896 5465118147814096895
5465118147814096896 5465118147814096896 0
5465118147814096897 5465118147814096896 5228679167377145856
5465626993017187430 6789895618758048402 5465626993017187430
5466152967631422358 9004685197796432657 5466152967631422358
5468871147503572309 2796735368597078015 2789229369218128554
5468871147503572309 4609434218613702656 0
5469621747441467391 5469621747441467392 5469621747441467391
5469621747441467392 5469621747441467392 0
5469621747441467393 5469621747441467392 5233182767004516352
5471906981538305511 9104857325391438532 5471906981538305511
5474125347068837887 5474125347068837888 5474125347068837887
5474125347068837888 5474125347068837888 0
5474125347068837889 5474125347068837888 5237686366631886848
5476377146882523135 3120994541767753728 0
5476377146882523135 4609434218613702656 4607182418800017408
5476377146882523136 3449757314565799937 3449757280206061570
5476377146882523136 4609434218613702656 4602678819172646912
5478628946696208383 5478628946696208384 5478628946696208383
5478628946696208384 5478628946696208384 0
5478628946696208385 5478628946696208384 5242189966259257344
5480880746509893633 3780021287239636309 3778520087363846145
5480880746509893633 4609434218613702656 4602678819172646912
5483132546323578879 5483132546323578880 5483132546323578879
5483132546323578880 5483132546323578880 0
5483132546323578881 5483132546323578880 5246693565886627840
5486885546013054293 4111786459789262847 4104281926425815722
5486885546013054293 4609434218613702656 0
5487636145950949375 5487636145950949376 5487636145950949375
5487636145950949376 5487636145950949376 0
5487636145950949377 5487636145950949376 5251197165513998336
5488827839936390055 8158790234142829288 5488827839936390055
5492139745578319871 5492139745578319872 5492139745578319871
5492139745578319872 5492139745578319872 0
5492139745578319873 5492139745578319872 5255700765141368832
5494391545392005119 4436045632959938560 0
5494391545392005119 4609434218613702656 4607182418800017408
5494391545392005120 4609434218613702656 4602678819172646912
5494391545392005120 4764808405757984769 4557642822898941952
5496643345205690367 5496643345205690368 5496643345205690367
5496643345205690368 5496643345205690368 0
5496643345205690369 5496643345205690368 5260204364768739328
5498895145019375617 4609434218613702656 4602678819172646912
5498895145019375617 5095072378431821141 5022639484424945664
5501146944833060863 5501146944833060864 5501146944833060863
5501146944833060864 5501146944833060864 0
5501146944833060865 5501146944833060864 5264707964396109824
5504899944522536277 4609434218613702656 0
5504899944522536277 5426837550981447679 5423835151229954730
5505650544460431359 5505650544460431360 5505650544460431359
5505650544460431360 5505650544460431360 0
5505650544460431361 5505650544460431360 5269211564023480320
5510154144087801855 5510154144087801856 5510154144087801855
5510154144087801856 5510154144087801856 0
5510154144087801857 5510154144087801856 5273715163650850816
5512405943901487103 4609434218613702656 4607182418800017408
5512405943901487103 5751096724152123392 5512405943901487103
5512405943901487104 4609434218613702656 4602678819172646912
5512405943901487104 6079859496950169601 5512405943901487104
5514657743715172351 5514657743715172352 5514657743715172351
5514657743715172352 5514657743715172352 0
5514657743715172353 5514657743715172352 5278218763278221312
5516909543528857601 4609434218613702656 4602678819172646912
5516909543528857601 6410123469624005973 5516909543528857601
5519161343342542847 5519161343342542848 5519161343342542847
5519161343342542848 5519161343342542848 0
5519161343342542849 5519161343342542848 5282722362905591808
5522914343032018261 4609434218613702656 0
5522914343032018261 6741888642173632511 5522914343032018261
5523664942969913343 5523664942969913344 5523664942969913343
5523664942969913344 5523664942969913344 0
5523664942969913345 5523664942969913344 5287225962532962304
5528168542597283839 5528168542597283840 5528168542597283839
5528168542597283840 5528168542597283840 0
5528168542597283841 5528168542597283840 5291729562160332800
5530420342410969087 4609434218613702656 4607182418800017408
5530420342410969087 7066147815344308224 5530420342410969087
5530420342410969088 4609434218613702656 4602678819172646912
5530420342410969088 7394910588142354433 5530420342410969088
5532672142224654335 5532672142224654336 5532672142224654335
5532672142224654336 5532672142224654336 0
5532672142224654337 5532672142224654336 5296233161787703296
5533011066170123994 7863709299383548253 5533011066170123994
5534923942038339585 4609434218613702656 4602678819172646912
5534923942038339585 7725174560816190805 5534923942038339585
5537175741852024831 5537175741852024832 5537175741852024831
5537175741852024832 5537175741852024832 0
5537175741852024833 5537175741852024832 5300736761415073792
5538616657193477006 5870195630265134261 5538616657193477006
5540928741541500245 4609434218613702656 0
5540928741541500245 8056939733365817343 5540928741541500245
5541679341479395327 5541679341479395328 5541679341479395327
5541679341479395328 5541679341479395328 0
5541679341479395329 5541679341479395328 5305240361042444288
5546182941106765823 5546182941106765824 5546182941106765823
5546182941106765824 5546182941106765824 0
5546182941106765825 5546182941106765824 5309743960669814784
5546470827094688318 5493574539996807428 5487749434076614128
5548434740920451071 4609434218613702656 4607182418800017408
5548434740920451071 8381198906536493056 5548434740920451071
5548434740920451072 4609434218613702656 4602678819172646912
5548434740920451072 8709961679334539265 5548434740920451072
5549823222223691025 5235028492375868652 5214316476222023936
5550686540734136319 5550686540734136320 5550686540734136319
5550686540734136320 5550686540734136320 0
5550686540734136321 5550686540734136320 5314247560297185280
5552938340547821569 4609434218613702656 4602678819172646912
5552938340547821569 9040225652008375637 5552938340547821569
5555190140361506815 5555190140361506816 5555190140361506815
5555190140361506816 5555190140361506816 0
5555190140361506817 5555190140361506816 5318751159924555776
5558688589583720019 1485885563440964072 1474749119914135168
5558943140050982229 153122387330596863 145616410858138282
5558943140050982229 4609434218613702656 0
5559693739988877311 5559693739988877312 5559693739988877311
5559693739988877312 5559693739988877312 0
5559693739988877313 5559693739988877312 5323254759551926272
5562279684433271812 8240608281128508190 5562279684433271812
5564197339616247807 5564197339616247808 5564197339616247807
5564197339616247808 5564197339616247808 0
5564197339616247809 5564197339616247808 5327758359179296768
5566449139429933055 477381560501272576 0
5566449139429933055 4609434218613702656 4607182418800017408
5566449139429933056 806144333299318785 806144333299056642
5566449139429933056 4609434218613702656 4602678819172646912
5568700939243618303 5568700939243618304 5568700939243618303
5568700939243618304 5568700939243618304 0
5568700939243618305 5568700939243618304 5332261958806667264
5570952739057303553 1136408305973155157 960392620536758272
5570952739057303553 4609434218613702656 4602678819172646912
5572795117605189361 3368823594262109018 3357660211199325824
5573204538870988799 5573204538870988800 5573204538870988799
5573204538870988800 5573204538870988800 0
5573204538870988801 5573204538870988800 5336765558434037760
5576957538560464213 1468173478522781695 1465171078771202730
5576957538560464213 4609434218613702656 0
5577708138498359295 5577708138498359296 5577708138498359295
5577708138498359296 5577708138498359296 0
5577708138498359297 5577708138498359296 5341269158061408256
5582211738125729791 5582211738125729792 5582211738125729791
5582211738125729792 5582211738125729792 0
5582211738125729793 5582211738125729792 5345772757688778752
5584463537939415039 1792432651693457408 0
5584463537939415039 4609434218613702656 4607182418800017408
5584463537939415040 2121195424491503617 2121191026444992514
5584463537939415040 4609434218613702656 4602678819172646912
5586715337753100287 5586715337753100288 5586715337753100287
5586715337753100288 5586715337753100288 0
5586715337753100289 5586715337753100288 5350276357316149248
5588967137566785537 2451459397165339989 2437573298314280960
5588967137566785537 4609434218613702656 4602678819172646912
5589316427409825782 1925528417066718825 1924491252222241678
5591218937380470783 5591218937380470784 5591218937380470783
5591218937380470784 5591218937380470784 0
5591218937380470785 5591218937380470784 5354779956943519744
5594073669178801456 8236201168053846273 5594073669178801456
5594971937069946197 2783224569714966527 2780223635978889898
5594971937069946197 4609434218613702656 0
5595722537007841279 5595722537007841280 5595722537007841279
5595722537007841280 5595722537007841280 0
5595722537007841281 5595722537007841280 5359283556570890240
5598203684929621681 8598304904684879553 5598203684929621681
5600226136635211775 5600226136635211776 5600226136635211775
5600226136635211776 5600226136635211776 0
5600226136635211777 5600226136635211776 5363787156198260736
5602477936448897023 3107483742885642240 0
5602477936448897023 4609434218613702656 4607182418800017408
5602477936448897024 3436246515683688449 3260606130216239104
5602477936448897024 4609434218613702656 4602678819172646912
5604729736262582271 5604729736262582272 5604729736262582271
5604729736262582272 5604729736262582272 0
5604729736262582273 5604729736262582272 5368290755825631232
5605716384428277067 2072288037333081351 2068706731692751466
5606981536076267521 3766510488357524821 3671559596213796864
5606981536076267521 4609434218613702656 4602678819172646912
5609233335889952767 5609233335889952768 5609233335889952767
5609233335889952768 5609233335889952768 0
5609233335889952769 5609233335889952768 5372794355453001728
5612986335579428181 4098275660907151359 4090769661528550058
5612986335579428181 4609434218613702656 0
5613736935517323263 5613736935517323264 5613736935517323263
5613736935517323264 5613736935517323264 0
5613736935517323265 5613736935517323264 5377297955080372224
5618240535144693759 5618240535144693760 5618240535144693759
5618240535144693760 5618240535144693760 0
5618240535144693761 5618240535144693760 5381801554707742720
5620492334958379007 4422534834077827072 0
5620492334958379007 4609434218613702656 4607182418800017408
5620492334958379008 4609434218613702656 4602678819172646912
5620492334958379008 4751297606875873281 4683743612465315840
5622012751485394553 8665047716959522512 5622012751485394553
5622744134772064255 5622744134772064256 5622744134772064255
5622744134772064256 5622744134772064256 0
5622744134772064257 5622744134772064256 5386305154335113216
5624995934585749505 4609434218613702656 4602678819172646912
5624995934585749505 5081561579549709653 4905545894113312768
5627247734399434751 5627247734399434752 5627247734399434751
5627247734399434752 5627247734399434752 0
5627247734399434753 5627247734399434752 5390808753962483712
5631000734088910165 4609434218613702656 0
5631000734088910165 5413326752099336191 5406196052689332906
5631751334026805247 5631751334026805248 5631751334026805247
5631751334026805248 5631751334026805248 0
5631751334026805249 5631751334026805248 5395312353589854208
5634096855426702546 2902429830709438707 2896477664179384102
5636254933654175743 5636254933654175744 5636254933654175743
5636254933654175744 5636254933654175744 0
5636254933654175745 5636254933654175744 5399815953217224704
5638506733467860991 4609434218613702656 4607182418800017408
5638506733467860991 5737585925270011904 5638506733467860991
5638506733467860992 4609434218613702656 4602678819172646912
5638506733467860992 6066348698068058113 5638506733467860992
5640758533281546239 5640758533281546240 5640758533281546239
5640758533281546240 5640758533281546240 0
5640758533281546241 5640758533281546240 5404319552844595200
5643010333095231489 4609434218613702656 4602678819172646912
5643010333095231489 6396612670741894485 5643010333095231489
5645262132908916735 5645262132908916736 5645262132908916735
5645262132908916736 5645262132908916736 0
5645262132908916737 5645262132908916736 5408823152471965696
5649015132598392149 4609434218613702656 0
5649015132598392149 6728377843291521023 5649015132598392149
5649765732536287231 5649765732536287232 5649765732536287231
5649765732536287232 5649765732536287232 0
5649765732536287233 5649765732536287232 5413326752099336192
5654269332163657727 5654269332163657728 5654269332163657727
5654269332163657728 5654269332163657728 0
5654269332163657729 5654269332163657728 5417830351726706688
5656521131977342975 4609434218613702656 4607182418800017408
5656521131977342975 7052637016462196736 5656521131977342975
5656521131977342976 4609434218613702656 4602678819172646912
5656521131977342976 7381399789260242945 5656521131977342976
5658772931791028223 5658772931791028224 5658772931791028223
5658772931791028224 5658772931791028224 0
5658772931791028225 5658772931791028224 5422333951354077184
5661024731604713473 4609434218613702656 4602678819172646912
5661024731604713473 7711663761934079317 5661024731604713473
5663276531418398719 5663276531418398720 5663276531418398719
5663276531418398720 5663276531418398720 0
5663276531418398721 5663276531418398720 5426837550981447680
5667029531107874133 4609434218613702656 0
5667029531107874133 8043428934483705855 5667029531107874133
5667780131045769215 5667780131045769216 5667780131045769215
5667780131045769216 5667780131045769216 0
5667780131045769217 5667780131045769216 5431341150608818176
5672283730673139711 5672283730673139712 5672283730673139711
5672283730673139712 5672283730673139712 0
5672283730673139713 5672283730673139712 5435844750236188672
5674535530486824959 4609434218613702656 4607182418800017408
5674535530486824959 8367688107654381568 5674535530486824959
5674535530486824960 4609434218613702656 4602678819172646912
5674535530486824960 8696450880452427777 5674535530486824960
5676787330300510207 5676787330300510208 5676787330300510207
5676787330300510208 5676787330300510208 0
5676787330300510209 5676787330300510208 5440348349863559168
5678680082969014311 5087897891745757753 5081962864146822604
5679039130114195457 4609434218613702656 4602678819172646912
5679039130114195457 9026714853126264149 5679039130114195457
5681290929927880703 5681290929927880704 5681290929927880703
5681290929927880704 5681290929927880704 0
5681290929927880705 5681290929927880704 5444851949490929664
5685043929617356117 139611588448485375 132105589069540010
5685043929617356117 4609434218613702656 0
5685794529555251199 5685794529555251200 5685794529555251199
5685794529555251200 5685794529555251200 0
5685794529555251201 5685794529555251200 5449355549118300160
5690298129182621695 5690298129182621696 5690298129182621695
5690298129182621696 5690298129182621696 0
5690298129182621697 5690298129182621696 5453859148745670656
5692549928996306943 463870761619161088 0
5692549928996306943 4609434218613702656 4607182418800017408
5692549928996306944 792633534417207297 792070584463785986
5692549928996306944 4609434218613702656 4602678819172646912
5694801728809992191 5694801728809992192 5694801728809992191
5694801728809992192 5694801728809992192 0
5694801728809992193 5694801728809992192 5458362748373041152
5697053528623677441 1122897507091043669 1086493410103132160
5697053528623677441 4609434218613702656 4602678819172646912
5699100837867931705 9140160976180559665 5699100837867931705
5699169784921812080 4415368968842593847 4412174635943526888
5699305328437362687 5699305328437362688 5699305328437362687
5699305328437362688 5699305328437362688 0
5699305328437362689 5699305328437362688 5462866348000411648
5703058328126838101 1454662679640670207 1447162544323734186
5703058328126838101 4609434218613702656 0
5703263609438281312 1253256742362691086 1248684773067380540
5703808928064733183 5703808928064733184 5703808928064733183
5703808928064733184 5703808928064733184 0
5703808928064733185 5703808928064733184 5467369947627782144
5708312527692103679 5708312527692103680 5708312527692103679
5708312527692103680 5708312527692103680 0
5708312527692103681 5708312527692103680 5471873547255152640
5710564327505788927 1778921852811345920 0
5710564327505788927 4609434218613702656 4607182418800017408
5710564327505788928 2107684625609392129 1963569437533536256
5710564327505788928 4609434218613702656 4602678819172646912
5712816127319474175 5712816127319474176 5712816127319474175
5712816127319474176 5712816127319474176 0
5712816127319474177 5712816127319474176 5476377146882523136
5714673442495928612 5562711800370068523 5558554467471632948
5715067927133159425 2437948598283228501 2320479708002648064
5715067927133159425 4609434218613702656 4602678819172646912
5717319726946844671 5717319726946844672 5717319726946844671
5717319726946844672 5717319726946844672 0
5717319726946844673 5717319726946844672 5480880746509893632
5721072726636320085 2769713770832855039 2766711371081624234
5721072726636320085 4609434218613702656 0
5721305262784338304 3264727805797679779 3261039972078606976
5721823326574215167 5721823326574215168 5721823326574215167
5721823326574215168 5721823326574215168 0
5721823326574215169 5721823326574215168 5485384346137264128
5726326926201585663 5726326926201585664 5726326926201585663
5726326926201585664 5726326926201585664 0
5726326926201585665 5726326926201585664 5489887945764634624
5728578726015270911 3093972944003530752 0
5728578726015270911 4609434218613702656 4607182418800017408
5728578726015270912 3422735716801576961 3386706919782612992
5728578726015270912 4609434218613702656 4602678819172646912
5728913493029043358 1369486414840823448 1367065873943335296
5730830525828956159 5730830525828956160 5730830525828956159
5730830525828956160 5730830525828956160 0
5730830525828956161 5730830525828956160 5494391545392005120
5733082325642641409 3752999689475413333 3554466005902163968
5733082325642641409 4609434218613702656 4602678819172646912
5735334125456326655 5735334125456326656 5735334125456326655
5735334125456326656 5735334125456326656 0
5735334125456326657 5735334125456326656 5498895145019375616
5739087125145802069 4084764862025039871 4082137762242407082
5739087125145802069 4609434218613702656 0
5739837725083697151 5739837725083697152 5739837725083697151
5739837725083697152 5739837725083697152 0
5739837725083697153 5739837725083697152 5503398744646746112
5744341324711067647 5744341324711067648 5744341324711067647
5744341324711067648 5744341324711067648 0
5744341324711067649 5744341324711067648 5507902344274116608
5746593124524752895 4409024035195715584 0
5746593124524752895 4609434218613702656 4607182418800017408
5746593124524752896 4609434218613702656 4602678819172646912
5746593124524752896 4737786807993761793 4737786807993630722
5748844924338438143 5748844924338438144 5748844924338438143
5748844924338438144 5748844924338438144 0
5748844924338438145 5748844924338438144 5512405943901487104
5751096724152123393 4609434218613702656 4602678819172646912
5751096724152123393 5068050780667598165 5031646683679686656
5753348523965808639 5753348523965808640 5753348523965808639
5753348523965808640 5753348523965808640 0
5753348523965808641 5753348523965808640 5516909543528857600
5757101523655284053 4609434218613702656 0
5757101523655284053 5399815953217224703 5392309953927752362
5757396770312602537 8157500901730694917 5757396770312602537
5757852123593179135 5757852123593179136 5757852123593179135
5757852123593179136 5757852123593179136 0
5757852123593179137 5757852123593179136 5521413143156228096
5762355723220549631 5762355723220549632 5762355723220549631
5762355723220549632 5762355723220549632 0
5762355723220549633 5762355723220549632 5525916742783598592
5764607523034234879 4609434218613702656 4607182418800017408
5764607523034234879 5724075126387900416 5724075126387899904
5764607523034234880 4609434218613702656 4602678819172646912
5764607523034234880 6052837899185946625 5764607523034234880
5766859322847920127 5766859322847920128 5766859322847920127
5766859322847920128 5766859322847920128 0
5766859322847920129 5766859322847920128 5530420342410969088
5769111122661605377 4609434218613702656 4602678819172646912
5769111122661605377 6383101871859782997 5769111122661605377
5769538429169904557 7142430234161064350 5769538429169904557
5771362922475290623 5771362922475290624 5771362922475290623
5771362922475290624 5771362922475290624 0
5771362922475290625 5771362922475290624 5534923942038339584
5775115922164766037 4609434218613702656 0
5775115922164766037 6714867044409409535 5775115922164766037
5775866522102661119 5775866522102661120 5775866522102661119
5775866522102661120 5775866522102661120 0
5775866522102661121 5775866522102661120 5539427541665710080
5780370121730031615 5780370121730031616 5780370121730031615
5780370121730031616 5780370121730031616 0
5780370121730031617 5780370121730031616 5543931141293080576
5782621921543716863 4609434218613702656 4607182418800017408
5782621921543716863 7039126217580085248 5782621921543716863
5782621921543716864 4609434218613702656 4602678819172646912
5782621921543716864 7367888990378131457 5782621921543716864
5784873721357402111 5784873721357402112 5784873721357402111
5784873721357402112 5784873721357402112 0
5784873721357402113 5784873721357402112 5548434740920451072
5787125521171087361 4609434218613702656 4602678819172646912
5787125521171087361 7698152963051967829 5787125521171087361
5789377320984772607 5789377320984772608 5789377320984772607
5789377320984772608 5789377320984772608 0
5789377320984772609 5789377320984772608 5552938340547821568
5793130320674248021 4609434218613702656 0
5793130320674248021 8029918135601594367 5793130320674248021
5793880920612143103 5793880920612143104 5793880920612143103
5793880920612143104 5793880920612143104 0
5793880920612143105 5793880920612143104 5557441940175192064
5798384520239513599 5798384520239513600 5798384520239513599
5798384520239513600 5798384520239513600 0
5798384520239513601 5798384520239513600 5561945539802562560
5800636320053198847 4609434218613702656 4607182418800017408
5800636320053198847 8354177308772270080 5800636320053198847
5800636320053198848 4609434218613702656 4602678819172646912
5800636320053198848 8682940081570316289 5800636320053198848
5802888119866884095 5802888119866884096 5802888119866884095
5802888119866884096 5802888119866884096 0
5802888119866884097 5802888119866884096 5566449139429933056
5805139919680569345 4609434218613702656 4602678819172646912
5805139919680569345 9013204054244152661 5805139919680569345
5807391719494254591 5807391719494254592 5807391719494254591
5807391719494254592 5807391719494254592 0
5807391719494254593 5807391719494254592 5570952739057303552
5811144719183730005 126100789566373887 123104253876808362
5811144719183730005 4609434218613702656 0
5811895319121625087 5811895319121625088 5811895319121625087
5811895319121625088 5811895319121625088 0
5811895319121625089 5811895319121625088 5575456338684674048
5815017702233743966 8144350775897459288 5815017702233743966
5816398918748995583 5816398918748995584 5816398918748995583
5816398918748995584 5816398918748995584 0
5816398918748995585 5816398918748995584 5579959938312044544
5818650718562680831 450359962737049600 0
5818650718562680831 4609434218613702656 4607182418800017408
5818650718562680832 779122735535095809 666532744850833408
5818650718562680832 4609434218613702656 4602678819172646912
5820902518376366079 5820902518376366080 5820902518376366079
5820902518376366080 5820902518376366080 0
5820902518376366081 5820902518376366080 5584463537939415040
5823154318190051329 1109386708208932181 969399819791499264
5823154318190051329 4609434218613702656 4602678819172646912
5825406118003736575 5825406118003736576 5825406118003736575
5825406118003736576 5825406118003736576 0
5825406118003736577 5825406118003736576 5588967137566785536
5829159117693211989 1441151880758558719 1433645881381005994
5829159117693211989 4609434218613702656 0
5829909717631107071 5829909717631107072 5829909717631107071
5829909717631107072 5829909717631107072 0
5829909717631107073 5829909717631107072 5593470737194156032
5834413317258477567 5834413317258477568 5834413317258477567
5834413317258477568 5834413317258477568 0
5834413317258477569 5834413317258477568 5597974336821526528
5836665117072162815 1765411053929234432 0
5836665117072162815 4609434218613702656 4607182418800017408
5836665117072162816 2094173826727280641 2089670227099910144
5836665117072162816 4609434218613702656 4602678819172646912
5838916916885848063 5838916916885848064 5838916916885848063
5838916916885848064 5838916916885848064 0
5838916916885848065 5838916916885848064 5602477936448897024
5841168716699533313 2424437799401117013 2203386117691015168
5841168716699533313 4609434218613702656 4602678819172646912
5843420516513218559 5843420516513218560 5843420516513218559
5843420516513218560 5843420516513218560 0
5843420516513218561 5843420516513218560 5606981536076267520
5845038923285132168 3157735779428329855 3152105069796251056
5847173516202693973 2756202971950743551 2750198172447582890
5847173516202693973 4609434218613702656 0
5847924116140589055 5847924116140589056 5847924116140589055
5847924116140589056 5847924116140589056 0
5847924116140589057 5847924116140589056 5611485135703638016
5852427715767959551 5852427715767959552 5852427715767959551
5852427715767959552 5852427715767959552 0
5852427715767959553 5852427715767959552 5615988735331008512
5854679515581644799 3080462145121419264 0
5854679515581644799 4609434218613702656 4607182418800017408
5854679515581644800 3409224917919465473 3409224917902688258
5854679515581644800 4609434218613702656 4602678819172646912
5856931315395330047 5856931315395330048 5856931315395330047
5856931315395330048 5856931315395330048 0
5856931315395330049 5856931315395330048 5620492334958379008
5859183115209015297 3739488890593301845 3680566795468537856
5859183115209015297 4609434218613702656 4602678819172646912
5861434915022700543 5861434915022700544 5861434915022700543
5861434915022700544 5861434915022700544 0
5861434915022700545 5861434915022700544 5624995934585749504
5865187914712175957 4071254063142928383 4068251663480826538
5865187914712175957 4609434218613702656 0
5865200303760539540 9213280916528582877 5865200303760539540
5865938514650071039 5865938514650071040 5865938514650071039
5865938514650071040 5865938514650071040 0
5865938514650071041 5865938514650071040 5629499534213120000
5870442114277441535 5870442114277441536 5870442114277441535
5870442114277441536 5870442114277441536 0
5870442114277441537 5870442114277441536 5634003133840490496
5872693914091126783 4395513236313604096 0
5872693914091126783 4609434218613702656 4607182418800017408
5872693914091126784 4609434218613702656 4602678819172646912
5872693914091126784 4724276009111650305 4723994534134939650
5874128429731972072 7111519480649910736 5874128429731972072
5874945713904812031 5874945713904812032 5874945713904812031
5874945713904812032 5874945713904812032 0
5874945713904812033 5874945713904812032 5638506733467860992
5877197513718497281 4609434218613702656 4602678819172646912
5877197513718497281 5054539981785486677 4914553093368053760
5879449313532182527 5879449313532182528 5879449313532182527
5879449313532182528 5879449313532182528 0
5879449313532182529 5879449313532182528 5643010333095231488
5883202313221657941 4609434218613702656 0
5883202313221657941 5386305154335113215 5378799154956162410
5883952913159553023 5883952913159553024 5883952913159553023
5883952913159553024 5883952913159553024 0
5883952913159553025 5883952913159553024 5647513932722601984
5888456512786923519 5888456512786923520 5888456512786923519
5888456512786923520 5888456512786923520 0
5888456512786923521 5888456512786923520 5652017532349972480
5890708312600608767 4609434218613702656 4607182418800017408
5890708312600608767 5710564327505788928 5710563227994161152
5890708312600608768 4609434218613702656 4602678819172646912
5890708312600608768 6039327100303835137 5890708312600608768
5892960112414294015 5892960112414294016 5892960112414294015
5892960112414294016 5892960112414294016 0
5892960112414294017 5892960112414294016 5656521131977342976
5895211912227979265 4609434218613702656 4602678819172646912
5895211912227979265 6369591072977671509 5895211912227979265
5895324149451484472 4047159400256387264 4027655811629568000
5897463712041664511 5897463712041664512 5897463712041664511
5897463712041664512 5897463712041664512 0
5897463712041664513 5897463712041664512 5661024731604713472
5901216711731139925 4609434218613702656 0
5901216711731139925 6701356245527298047 5901216711731139925
5901967311669035007 5901967311669035008 5901967311669035007
5901967311669035008 5901967311669035008 0
5901967311669035009 5901967311669035008 5665528331232083968
5905697700019637050 350016992207834193 349996213686316678
5906470911296405503 5906470911296405504 5906470911296405503
5906470911296405504 5906470911296405504 0
5906470911296405505 5906470911296405504 5670031930859454464
5908722711110090751 4609434218613702656 4607182418800017408
5908722711110090751 7025615418697973760 5908722711110090751
5908722711110090752 4609434218613702656 4602678819172646912
5908722711110090752 7354378191496019969 5908722711110090752
5910974510923775999 5910974510923776000 5910974510923775999
5910974510923776000 5910974510923776000 0
5910974510923776001 5910974510923776000 5674535530486824960
5913226310737461249 4609434218613702656 4602678819172646912
5913226310737461249 7684642164169856341 5913226310737461249
5915478110551146495 5915478110551146496 5915478110551146495
5915478110551146496 5915478110551146496 0
5915478110551146497 5915478110551146496 5679039130114195456
5919231110240621909 4609434218613702656 0
5919231110240621909 8016407336719482879 5919231110240621909
5919981710178516991 5919981710178516992 5919981710178516991
5919981710178516992 5919981710178516992 0
5919981710178516993 5919981710178516992 5683542729741565952
5924485309805887487 5924485309805887488 5924485309805887487
5924485309805887488 5924485309805887488 0
5924485309805887489 5924485309805887488 5688046329368936448
5926737109619572735 4609434218613702656 4607182418800017408
5926737109619572735 8340666509890158592 5926737109619572735
5926737109619572736 4609434218613702656 4602678819172646912
5926737109619572736 8669429282688204801 5926737109619572736
5928988909433257983 5928988909433257984 5928988909433257983
5928988909433257984 5928988909433257984 0
5928988909433257985 5928988909433257984 5692549928996306944
5931240709246943233 4609434218613702656 4602678819172646912
5931240709246943233 8999693255362041173 5931240709246943233
5933492509060628479 5933492509060628480 5933492509060628479
5933492509060628480 5933492509060628480 0
5933492509060628481 5933492509060628480 5697053528623677440
5937245508750103893 112589990684262399 109587590934080170
5937245508750103893 4609434218613702656 0
5937996108687998975 5937996108687998976 5937996108687998975
5937996108687998976 5937996108687998976 0
5937996108687998977 5937996108687998976 5701557128251047936
5942499708315369471 5942499708315369472 5942499708315369471
5942499708315369472 5942499708315369472 0
5942499708315369473 5942499708315369472 5706060727878418432
5944751508129054719 436849163854938112 0
5944751508129054719 4609434218613702656 4607182418800017408
5944751508129054720 765611936652984321 765611936652984194
5944751508129054720 4609434218613702656 4602678819172646912
5947003307942739967 5947003307942739968 5947003307942739967
5947003307942739968 5947003307942739968 0
5947003307942739969 5947003307942739968 5710564327505788928
5949255107756425217 1095875909326820693 1095500609357873152
5949255107756425217 4609434218613702656 4602678819172646912
5951480780081327353 7538866721790236194 5951480780081327353
5951506907570110463 5951506907570110464 5951506907570110463
5951506907570110464 5951506907570110464 0
5951506907570110465 5951506907570110464 5715067927133159424
5955259907259585877 1427641081876447231 1426139882000657066
5955259907259585877 4609434218613702656 0
5956010507197480959 5956010507197480960 5956010507197480959
5956010507197480960 5956010507197480960 0
5956010507197480961 5956010507197480960 5719571526760529920
5957365136535466287 892310737935690934 884688479596854728
5959359104171718895 7119700139911271645 5959359104171718895
5960514106824851455 5960514106824851456 5960514106824851455
5960514106824851456 5960514106824851456 0
5960514106824851457 5960514106824851456 5724075126387900416
5962765906638536703 1751900255047122944 0
5962765906638536703 4609434218613702656 4607182418800017408
5962765906638536704 2080663027845169153 2080663025697685506
5962765906638536704 4609434218613702656 4602678819172646912
5965017706452221951 5965017706452221952 5965017706452221951
5965017706452221952 5965017706452221952 0
5965017706452221953 5965017706452221952 5728578726015270912
5967269506265907201 2410927000519005525 2329486907257389056
5967269506265907201 4609434218613702656 4602678819172646912
5969521306079592447 5969521306079592448 5969521306079592447
5969521306079592448 5969521306079592448 0
5969521306079592449 5969521306079592448 5733082325642641408
5973274305769067861 2742692173068632063 2735186174047595178
5973274305769067861 4609434218613702656 0
5974024905706962943 5974024905706962944 5974024905706962943
5974024905706962944 5974024905706962944 0
5974024905706962945 5974024905706962944 5737585925270011904
5978528505334333439 5978528505334333440 5978528505334333439
5978528505334333440 5978528505334333440 0
5978528505334333441 5978528505334333440 5742089524897382400
5980780305148018687 3066951346239307776 0
5980780305148018687 4609434218613702656 4607182418800017408
5980780305148018688 3395714119037353985 3170534137668829184
5980780305148018688 4609434218613702656 4602678819172646912
5983032104961703935 5983032104961703936 5983032104961703935
5983032104961703936 5983032104961703936 0
5983032104961703937 5983032104961703936 5746593124524752896
5984496713233328436 2729004978337176494 2722098178611953132
5985283904775389185 3725978091711190357 3563473205156904960
5985283904775389185 4609434218613702656 4602678819172646912
5987535704589074431 5987535704589074432 5987535704589074431
5987535704589074432 5987535704589074432 0
5987535704589074433 5987535704589074432 5751096724152123392
5991288704278549845 4057743264260816895 4054740864509236586
5991288704278549845 4609434218613702656 0
5992039304216444927 5992039304216444928 5992039304216444927
5992039304216444928 5992039304216444928 0
5992039304216444929 5992039304216444928 5755600323779493888
5996542903843815423 5996542903843815424 5996542903843815423
5996542903843815424 5996542903843815424 0
5996542903843815425 5996542903843815424 5760103923406864384
5998794703657500671 4382002437431492608 0
5998794703657500671 4609434218613702656 4607182418800017408
5998794703657500672 4609434218613702656 4602678819172646912
5998794703657500672 4710765210229538817 4593671619917905920
6001046503471185919 6001046503471185920 6001046503471185919
6001046503471185920 6001046503471185920 0
6001046503471185921 6001046503471185920 5764607523034234880
6003298303284871169 4609434218613702656 4602678819172646912
6003298303284871169 5041029182903375189 5040653882934427648
6004780471500273533 7731513763534849816 6004780471500273533
6005550103098556415 6005550103098556416 6005550103098556415
6005550103098556416 6005550103098556416 0
6005550103098556417 6005550103098556416 5769111122661605376
6009303102788031829 4609434218613702656 0
6009303102788031829 5372794355453001727 5369791978607913642
6009528381584518013 6659667054391677025 6009528381584518013
6010053702725926911 6010053702725926912 6010053702725926911
6010053702725926912 6010053702725926912 0
6010053702725926913 6010053702725926912 5773614722288975872
6014557302353297407 6014557302353297408 6014557302353297407
6014557302353297408 6014557302353297408 0
6014557302353297409 6014557302353297408 5778118321916346368
6016809102166982655 4609434218613702656 4607182418800017408
6016809102166982655 5697053528623677440 0
6016809102166982656 4609434218613702656 4602678819172646912
6016809102166982656 6025816301421723649 6016809102166982656
6019060901980667903 6019060901980667904 6019060901980667903
6019060901980667904 6019060901980667904 0
6019060901980667905 6019060901980667904 5782621921543716864
6021312701794353153 4609434218613702656 4602678819172646912
6021312701794353153 6356080274095560021 6021312701794353153
6023564501608038399 6023564501608038400 6023564501608038399
6023564501608038400 6023564501608038400 0
6023564501608038401 6023564501608038400 5787125521171087360
6027317501297513813 4609434218613702656 0
6027317501297513813 6687845446645186559 6027317501297513813
6028068101235408895 6028068101235408896 6028068101235408895
6028068101235408896 6028068101235408896 0
6028068101235408897 6028068101235408896 5791629120798457856
6032571700862779391 6032571700862779392 6032571700862779391
6032571700862779392 6032571700862779392 0
6032571700862779393 6032571700862779392 5796132720425828352
6034823500676464639 4609434218613702656 4607182418800017408
6034823500676464639 7012104619815862272 6034823500676464639
6034823500676464640 4609434218613702656 4602678819172646912
6034823500676464640 7340867392613908481 6034823500676464640
6037075300490149887 6037075300490149888 6037075300490149887
6037075300490149888 6037075300490149888 0
6037075300490149889 6037075300490149888 5800636320053198848
6039327100303835137 4609434218613702656 4602678819172646912
6039327100303835137 7671131365287744853 6039327100303835137
6041578900117520383 6041578900117520384 6041578900117520383
6041578900117520384 6041578900117520384 0
6041578900117520385 6041578900117520384 5805139919680569344
6045331899806995797 4609434218613702656 0
6045331899806995797 8002896537837371391 6045331899806995797
6046082499744890879 6046082499744890880 6046082499744890879
6046082499744890880 6046082499744890880 0
6046082499744890881 6046082499744890880 5809643519307939840
6050586099372261375 6050586099372261376 6050586099372261375
6050586099372261376 6050586099372261376 0
6050586099372261377 6050586099372261376 5814147118935310336
6052837899185946623 4609434218613702656 4607182418800017408
6052837899185946623 8327155711008047104 6052837899185946623
6052837899185946624 4609434218613702656 4602678819172646912
6052837899185946624 8655918483806093313 6052837899185946624
6055089698999631871 6055089698999631872 6055089698999631871
6055089698999631872 6055089698999631872 0
6055089698999631873 6055089698999631872 5818650718562680832
6057341498813317121 4609434218613702656 4602678819172646912
6057341498813317121 8986182456479929685 6057341498813317121
6059593298627002367 6059593298627002368 6059593298627002367
6059593298627002368 6059593298627002368 0
6059593298627002369 6059593298627002368 5823154318190051328
6063346298316477781 99079191802150911 96076792050570581
6063346298316477781 4609434218613702656 0
6064096898254372863 6064096898254372864 6064096898254372863
6064096898254372864 6064096898254372864 0
6064096898254372865 6064096898254372864 5827657917817421824
6066398941425882248 3538742099684944436 3536869994722653916
6068600497881743359 6068600497881743360 6068600497881743359
6068600497881743360 6068600497881743360 0
6068600497881743361 6068600497881743360 5832161517444792320
6070852297695428607 423338364972826624 0
6070852297695428607 4609434218613702656 4607182418800017408
6070852297695428608 752101137770872833 752100862892965890
6070852297695428608 4609434218613702656 4602678819172646912
6073104097509113855 6073104097509113856 6073104097509113855
6073104097509113856 6073104097509113856 0
6073104097509113857 6073104097509113856 5836665117072162816
6073288299568372694 6852259858259581684 6073288299568372694
6075355897322799105 1082365110444709205 978407019046240256
6075355897322799105 4609434218613702656 4602678819172646912
6077607697136484351 6077607697136484352 6077607697136484351
6077607697136484352 6077607697136484352 0
6077607697136484353 6077607697136484352 5841168716699533312
6081360696825959765 1414130282994335743 1411127883600669354
6081360696825959765 4609434218613702656 0
6081815965684781514 6754655723638540669 6081815965684781514
6082111296763854847 6082111296763854848 6082111296763854847
6082111296763854848 6082111296763854848 0
6082111296763854849 6082111296763854848 5845672316326903808
6086614896391225343 6086614896391225344 6086614896391225343
6086614896391225344 6086614896391225344 0
6086614896391225345 6086614896391225344 5850175915954274304
6088866696204910591 1738389456165011456 0
6088866696204910591 4609434218613702656 4607182418800017408
6088866696204910592 2067152228963057665 1873497444986126336
6088866696204910592 4609434218613702656 4602678819172646912
6091118496018595839 6091118496018595840 6091118496018595839
6091118496018595840 6091118496018595840 0
6091118496018595841 6091118496018595840 5854679515581644800
6093370295832281089 2397416201636894037 2212393316945756160
6093370295832281089 4609434218613702656 4602678819172646912
6095622095645966335 6095622095645966336 6095622095645966335
6095622095645966336 6095622095645966336 0
6095622095645966337 6095622095645966336 5859183115209015296
6097745255153494838 4989826107638579158 4980256763431972920
6099375095335441749 2729181374186520575 2721675374807569834
6099375095335441749 4609434218613702656 0
6100125695273336831 6100125695273336832 6100125695273336831
6100125695273336832 6100125695273336832 0
6100125695273336833 6100125695273336832 5863686714836385792
6104629294900707327 6104629294900707328 6104629294900707327
6104629294900707328 6104629294900707328 0
6104629294900707329 6104629294900707328 5868190314463756288
6106881094714392575 3053440547357196288 0
6106881094714392575 4609434218613702656 4607182418800017408
6106881094714392576 3382203320155242497 3296634927235203072
6106881094714392576 4609434218613702656 4602678819172646912
6107559571861670676 7338073944858671791 6107559571861670676
6109132894528077823 6109132894528077824 6109132894528077823
6109132894528077824 6109132894528077824 0
6109132894528077825 6109132894528077824 5872693914091126784
6111384694341763073 3712467292829078869 3689573994723278848
6111384694341763073 4609434218613702656 4602678819172646912
6113636494155448319 6113636494155448320 6113636494155448319
6113636494155448320 6113636494155448320 0
6113636494155448321 6113636494155448320 5877197513718497280
6117389493844923733 4044232465378705407 4036726557625723562
6117389493844923733 4609434218613702656 0
6118140093782818815 6118140093782818816 6118140093782818815
6118140093782818816 6118140093782818816 0
6118140093782818817 6118140093782818816 5881701113345867776
6122591309417035358 1023500725403024819 1023319065606217212
6122643693410189311 6122643693410189312 6122643693410189311
6122643693410189312 6122643693410189312 0
6122643693410189313 6122643693410189312 5886204712973238272
6124895493223874559 4368491638549381120 0
6124895493223874559 4609434218613702656 4607182418800017408
6124895493223874560 4609434218613702656 4602678819172646912
6124895493223874560 4697254411347427329 4697254411347427266
6127147293037559807 6127147293037559808 6127147293037559807
6127147293037559808 6127147293037559808 0
6127147293037559809 6127147293037559808 5890708312600608768
6127725238873371913 1967521033659473639 1967519385626450487
6129399092851245057 4609434218613702656 4602678819172646912
6129399092851245057 5027518384021263701 4923560292622794752
6131650892664930303 6131650892664930304 6131650892664930303
6131650892664930304 6131650892664930304 0
6131650892664930305 6131650892664930304 5895211912227979264
6135403892354405717 4609434218613702656 0
6135403892354405717 5359283556570890239 5356281156819315370
6136154492292300799 6136154492292300800 6136154492292300799
6136154492292300800 6136154492292300800 0
6136154492292300801 6136154492292300800 5899715511855349760
6140658091919671295 6140658091919671296 6140658091919671295
6140658091919671296 6140658091919671296 0
6140658091919671297 6140658091919671296 5904219111482720256
6142909891733356543 4609434218613702656 4607182418800017408
6142909891733356543 5683542729741565952 0
6142909891733356544 4609434218613702656 4602678819172646912
6142909891733356544 6012305502539612161 6012305501465870338
6145161691547041791 6145161691547041792 6145161691547041791
6145161691547041792 6145161691547041792 0
6145161691547041793 6145161691547041792 5908722711110090752
6147413491360727041 4609434218613702656 4602678819172646912
6147413491360727041 6342569475213448533 6147413491360727041
6148085196022434008 9128888904966203112 6148085196022434008
6149665291174412287 6149665291174412288 6149665291174412287
6149665291174412288 6149665291174412288 0
6149665291174412289 6149665291174412288 5913226310737461248
6150718317826190657 7739044718761995669 6150718317826190657
6153418290863887701 4609434218613702656 0
6153418290863887701 6674334647763075071 6153418290863887701
6154168890801782783 6154168890801782784 6154168890801782783
6154168890801782784 6154168890801782784 0
6154168890801782785 6154168890801782784 5917729910364831744
6158672490429153279 6158672490429153280 6158672490429153279
6158672490429153280 6158672490429153280 0
6158672490429153281 6158672490429153280 5922233509992202240
6160010612806144626 9170435434587407396 6160010612806144626
6160924290242838527 4609434218613702656 4607182418800017408
6160924290242838527 6998593820933750784 6160924290242838527
6160924290242838528 4609434218613702656 4602678819172646912
6160924290242838528 7327356593731796993 6160924290242838528
6163176090056523775 6163176090056523776 6163176090056523775
6163176090056523776 6163176090056523776 0
6163176090056523777 6163176090056523776 5926737109619572736
6165427889870209025 4609434218613702656 4602678819172646912
6165427889870209025 7657620566405633365 6165427889870209025
6167679689683894271 6167679689683894272 6167679689683894271
6167679689683894272 6167679689683894272 0
6167679689683894273 6167679689683894272 5931240709246943232
6171432689373369685 4609434218613702656 0
6171432689373369685 7989385738955259903 6171432689373369685
6172183289311264767 6172183289311264768 6172183289311264767
6172183289311264768 6172183289311264768 0
6172183289311264769 6172183289311264768 5935744308874313728
6176686888938635263 6176686888938635264 6176686888938635263
6176686888938635264 6176686888938635264 0
6176686888938635265 6176686888938635264 5940247908501684224
6178938688752320511 4609434218613702656 4607182418800017408
6178938688752320511 8313644912125935616 6178938688752320511
6178938688752320512 4609434218613702656 4602678819172646912
6178938688752320512 8642407684923981825 6178938688752320512
6181190488566005759 6181190488566005760 6181190488566005759
6181190488566005760 6181190488566005760 0
6181190488566005761 6181190488566005760 5944751508129054720
6183442288379691009 4609434218613702656 4602678819172646912
6183442288379691009 8972671657597818197 6183442288379691009
6185694088193376255 6185694088193376256 6185694088193376255
6185694088193376256 6185694088193376256 0
6185694088193376257 6185694088193376256 5949255107756425216
6187805560031331582 3348257964001851774 3347631373251027450
6189447087882851669 85568392920039423 78062394972744362
6189447087882851669 4609434218613702656 0
6190197687820746751 6190197687820746752 6190197687820746751
6190197687820746752 6190197687820746752 0
6190197687820746753 6190197687820746752 5953758707383795712
6194701287448117247 6194701287448117248 6194701287448117247
6194701287448117248 6194701287448117248 0
6194701287448117249 6194701287448117248 5958262307011166208
6196953087261802495 409827566090715136 0
6196953087261802495 4609434218613702656 4607182418800017408
6196953087261802496 738590338888761345 576460752303423488
6196953087261802496 4609434218613702656 4602678819172646912
6199204887075487743 6199204887075487744 6199204887075487743
6199204887075487744 6199204887075487744 0
6199204887075487745 6199204887075487744 5962765906638536704
6201456686889172993 1068854311562597717 861313428734607360
6201456686889172993 4609434218613702656 4602678819172646912
6203708486702858239 6203708486702858240 6203708486702858239
6203708486702858240 6203708486702858240 0
6203708486702858241 6203708486702858240 5967269506265907200
6207461486392333653 1400619484112224255 1397617084360644010
6207461486392333653 4609434218613702656 0
6208212086330228735 6208212086330228736 6208212086330228735
6208212086330228736 6208212086330228736 0
6208212086330228737 6208212086330228736 5971773105893277696
6212715685957599231 6212715685957599232 6212715685957599231
6212715685957599232 6212715685957599232 0
6212715685957599233 6212715685957599232 5976276705520648192
6214967485771284479 1724878657282899968 0
6214967485771284479 4609434218613702656 4607182418800017408
6214967485771284480 2053641430080946177 1999598234552500224
6214967485771284480 4609434218613702656 4602678819172646912
6217219285584969727 6217219285584969728 6217219285584969727
6217219285584969728 6217219285584969728 0
6217219285584969729 6217219285584969728 5980780305148018688
6219471085398654977 2383905402754782549 2338494106512130048
6219471085398654977 4609434218613702656 4602678819172646912
6221722885212340223 6221722885212340224 6221722885212340223
6221722885212340224 6221722885212340224 0
6221722885212340225 6221722885212340224 5985283904775389184
6225475884901815637 2715670575304409087 2712668267178797738
6225475884901815637 4609434218613702656 0
6226226484839710719 6226226484839710720 6226226484839710719
6226226484839710720 6226226484839710720 0
6226226484839710721 6226226484839710720 5989787504402759680
6230730084467081215 6230730084467081216 6230730084467081215
6230730084467081216 6230730084467081216 0
6230730084467081217 6230730084467081216 5994291104030130176
6232981884280766463 3039929748475084800 0
6232981884280766463 4609434218613702656 4607182418800017408
6232981884280766464 3368692521273131009 3368692521273122818
6232981884280766464 4609434218613702656 4602678819172646912
6235233684094451711 6235233684094451712 6235233684094451711
6235233684094451712 6235233684094451712 0
6235233684094451713 6235233684094451712 5998794703657500672
6237485483908136961 3698956493946967381 3572480404411645952
6237485483908136961 4609434218613702656 4602678819172646912
6239737283721822207 6239737283721822208 6239737283721822207
6239737283721822208 6239737283721822208 0
6239737283721822209 6239737283721822208 6003298303284871168
6243490283411297621 4030721666496593919 4023215667117664938
6243490283411297621 4609434218613702656 0
6244240883349192703 6244240883349192704 6244240883349192703
6244240883349192704 6244240883349192704 0
6244240883349192705 6244240883349192704 6007801902912241664
6248744482976563199 6248744482976563200 6248744482976563199
6248744482976563200 6248744482976563200 0
6248744482976563201 6248744482976563200 6012305502539612160
6250996282790248447 4354980839667269632 0
6250996282790248447 4609434218613702656 4607182418800017408
6250996282790248448 4609434218613702656 4602678819172646912
6250996282790248448 4683743612465315841 4683743475026362370
6251217437264161457 7322176560962503364 6251217437264161457
6253248082603933695 6253248082603933696 6253248082603933695
6253248082603933696 6253248082603933696 0
6253248082603933697 6253248082603933696 6016809102166982656
6255499882417618945 4609434218613702656 4602678819172646912
6255499882417618945 5014007585139152213 4806466702311161856
6255921032171988131 6000538177783932319 5996083468541063798
6257751682231304191 6257751682231304192 6257751682231304191
6257751682231304192 6257751682231304192 0
6257751682231304193 6257751682231304192 6021312701794353152
6261504681920779605 4609434218613702656 0
6261504681920779605 5345772757688778751 5338290214557887146
6262255281858674687 6262255281858674688 6262255281858674687
6262255281858674688 6262255281858674688 0
6262255281858674689 6262255281858674688 6025816301421723648
6266758881486045183 6266758881486045184 6266758881486045183
6266758881486045184 6266758881486045184 0
6266758881486045185 6266758881486045184 6030319901049094144
6269010681299730431 4609434218613702656 4607182418800017408
6269010681299730431 5670031930859454464 0
6269010681299730432 4609434218613702656 4602678819172646912
6269010681299730432 5998794703657500673 5800636320053198848
6271262481113415679 6271262481113415680 6271262481113415679
6271262481113415680 6271262481113415680 0
6271262481113415681 6271262481113415680 6034823500676464640
6271889924187286071 8218317857525582414 6271889924187286071
6273514280927100929 4609434218613702656 4602678819172646912
6273514280927100929 6329058676331337045 6273514280927100929
6275766080740786175 6275766080740786176 6275766080740786175
6275766080740786176 6275766080740786176 0
6275766080740786177 6275766080740786176 6039327100303835136
6279519080430261589 4609434218613702656 0
6279519080430261589 6660823848880963583 6279519080430261589
6280269680368156671 6280269680368156672 6280269680368156671
6280269680368156672 6280269680368156672 0
6280269680368156673 6280269680368156672 6043830699931205632
6283536203568080650 192860940204943737 173004903160587104
6284773279995527167 6284773279995527168 6284773279995527167
6284773279995527168 6284773279995527168 0
6284773279995527169 6284773279995527168 6048334299558576128
6287025079809212415 4609434218613702656 4607182418800017408
6287025079809212415 6985083022051639296 6287025079809212415
6287025079809212416 4609434218613702656 4602678819172646912
6287025079809212416 7313845794849685505 6287025079809212416
6288226178393430897 7863170488751823668 6288226178393430897
6289276879622897663 6289276879622897664 6289276879622897663
6289276879622897664 6289276879622897664 0
6289276879622897665 6289276879622897664 6052837899185946624
6291174840325155286 2529901192481091694 2527636792038120678
6291528679436582913 4609434218613702656 4602678819172646912
6291528679436582913 7644109767523521877 6291528679436582913
6293780479250268159 6293780479250268160 6293780479250268159
6293780479250268160 6293780479250268160 0
6293780479250268161 6293780479250268160 6057341498813317120
6297533478939743573 4609434218613702656 0
6297533478939743573 7975874940073148415 6297533478939743573
6298284078877638655 6298284078877638656 6298284078877638655
6298284078877638656 6298284078877638656 0
6298284078877638657 6298284078877638656 6061845098440687616
6302787678505009151 6302787678505009152 6302787678505009151
6302787678505009152 6302787678505009152 0
6302787678505009153 6302787678505009152 6066348698068058112
6305039478318694399 4609434218613702656 4607182418800017408
6305039478318694399 8300134113243824128 6305039478318694399
6305039478318694400 4609434218613702656 4602678819172646912
6305039478318694400 8628896886041870337 6305039478318694400
6307291278132379647 6307291278132379648 6307291278132379647
6307291278132379648 6307291278132379648 0
6307291278132379649 6307291278132379648 6070852297695428608
6309543077946064897 4609434218613702656 4602678819172646912
6309543077946064897 8959160858715706709 6309543077946064897
6311794877759750143 6311794877759750144 6311794877759750143
6311794877759750144 6311794877759750144 0
6311794877759750145 6311794877759750144 6075355897322799104
6313340818910253933 5024983991700280654 5021034840231944912
6315547877449225557 72057594037927935 64551594658977450
6315547877449225557 4609434218613702656 0
6316298477387120639 6316298477387120640 6316298477387120639
6316298477387120640 6316298477387120640 0
6316298477387120641 6316298477387120640 6079859496950169600
6320802077014491135 6320802077014491136 6320802077014491135
6320802077014491136 6320802077014491136 0
6320802077014491137 6320802077014491136 6084363096577540096
6323053876828176383 396316767208603648 0
6323053876828176383 4609434218613702656 4607182418800017408
6323053876828176384 725079540006649857 702561541869797376
6323053876828176384 4609434218613702656 4602678819172646912
6325305676641861631 6325305676641861632 6325305676641861631
6325305676641861632 6325305676641861632 0
6325305676641861633 6325305676641861632 6088866696204910592
6327557476455546881 1055343512680486229 987414218300981248
6327557476455546881 4609434218613702656 4602678819172646912
6329809276269232127 6329809276269232128 6329809276269232127
6329809276269232128 6329809276269232128 0
6329809276269232129 6329809276269232128 6093370295832281088
6333562275958707541 1387108685230112767 1379603052355037866
6333562275958707541 4609434218613702656 0
6334312875896602623 6334312875896602624 6334312875896602623
6334312875896602624 6334312875896602624 0
6334312875896602625 6334312875896602624 6097873895459651584
6338816475523973119 6338816475523973120 6338816475523973119
6338816475523973120 6338816475523973120 0
6338816475523973121 6338816475523973120 6102377495087022080
6341068275337658367 1711367858400788480 0
6341068275337658367 4609434218613702656 4607182418800017408
6341068275337658368 2040130631198834689 2040130631197786114
6341068275337658368 4609434218613702656 4602678819172646912
6343320075151343615 6343320075151343616 6343320075151343615
6343320075151343616 6343320075151343616 0
6343320075151343617 6343320075151343616 6106881094714392576
6345571874965028865 2370394603872671061 2221400516200497152
6345571874965028865 4609434218613702656 4602678819172646912
6347823674778714111 6347823674778714112 6347823674778714111
6347823674778714112 6347823674778714112 0
6347823674778714113 6347823674778714112 6111384694341763072
6351576674468189525 2702159776422297599 2699157376670739114
6351576674468189525 4609434218613702656 0
6352327274406084607 6352327274406084608 6352327274406084607
6352327274406084608 6352327274406084608 0
6352327274406084609 6352327274406084608 6115888293969133568
6356830874033455103 6356830874033455104 6356830874033455103
6356830874033455104 6356830874033455104 0
6356830874033455105 6356830874033455104 6120391893596504064
6359082673847140351 3026418949592973312 0
6359082673847140351 4609434218613702656 4607182418800017408
6359082673847140352 3355181722391019521 3355164130204975106
6359082673847140352 4609434218613702656 4602678819172646912
6361334473660825599 6361334473660825600 6361334473660825599
6361334473660825600 6361334473660825600 0
6361334473660825601 6361334473660825600 6124895493223874560
6363586273474510849 3685445695064855893 3680942095437485402
6363586273474510849 4609434218613702656 4602678819172646912
6365838073288196095 6365838073288196096 6365838073288196095
6365838073288196096 6365838073288196096 0
6365838073288196097 6365838073288196096 6129399092851245056
6369591072977671509 4017210867614482431 4014231924110961322
6369591072977671509 4609434218613702656 0
6370341672915566591 6370341672915566592 6370341672915566591
6370341672915566592 6370341672915566592 0
6370341672915566593 6370341672915566592 6133902692478615552
6374845272542937087 6374845272542937088 6374845272542937087
6374845272542937088 6374845272542937088 0
6374845272542937089 6374845272542937088 6138406292105986048
6377097072356622335 4341470040785158144 0
6377097072356622335 4609434218613702656 4607182418800017408
6377097072356622336 4609434218613702656 4602678819172646912
6377097072356622336 4670232813583204353 4503599627370496000
6379348872170307583 6379348872170307584 6379348872170307583
6379348872170307584 6379348872170307584 0
6379348872170307585 6379348872170307584 6142909891733356544
6381600671983992833 4609434218613702656 4602678819172646912
6381600671983992833 5000496786257040725 4932567491877535744
6383852471797678079 6383852471797678080 6383852471797678079
6383852471797678080 6383852471797678080 0
6383852471797678081 6383852471797678080 6147413491360727040
6387605471487153493 4609434218613702656 0
6387605471487153493 5332261958806667263 5324755959433308842
6388337257314391134 1107883004400369468 1104366654662472088
6388356071425048575 6388356071425048576 6388356071425048575
6388356071425048576 6388356071425048576 0
6388356071425048577 6388356071425048576 6151917090988097536
6388726108197885518 3643138203282776490 3641251867755093868
6392859671052419071 6392859671052419072 6392859671052419071
6392859671052419072 6392859671052419072 0
6392859671052419073 6392859671052419072 6156420690615468032
6393088725931382041 3470907598713831981 3461709324757652444
6395111470866104319 4609434218613702656 4607182418800017408
6395111470866104319 5656521131977342976 0
6395111470866104320 4609434218613702656 4602678819172646912
6395111470866104320 5985283904775389185 5926737109619572736
6397363270679789567 6397363270679789568 6397363270679789567
6397363270679789568 6397363270679789568 0
6397363270679789569 6397363270679789568 6160924290242838528
6399615070493474817 4609434218613702656 4602678819172646912
6399615070493474817 6315547877449225557 6166553789777051648
6401866870307160063 6401866870307160064 6401866870307160063
6401866870307160064 6401866870307160064 0
6401866870307160065 6401866870307160064 6165427889870209024
6405619869996635477 4609434218613702656 0
6405619869996635477 6647313049998852095 6405619869996635477
6406370469934530559 6406370469934530560 6406370469934530559
6406370469934530560 6406370469934530560 0
6406370469934530561 6406370469934530560 6169931489497579520
6410874069561901055 6410874069561901056 6410874069561901055
6410874069561901056 6410874069561901056 0
6410874069561901057 6410874069561901056 6174435089124950016
6413125869375586303 4609434218613702656 4607182418800017408
6413125869375586303 6971572223169527808 6413125869375586303
6413125869375586304 4609434218613702656 4602678819172646912
6413125869375586304 7300334995967574017 6413125869375586304
6415377669189271551 6415377669189271552 6415377669189271551
6415377669189271552 6415377669189271552 0
6415377669189271553 6415377669189271552 6178938688752320512
6417629469002956801 4609434218613702656 4602678819172646912
6417629469002956801 7630598968641410389 6417629469002956801
6419881268816642047 6419881268816642048 6419881268816642047
6419881268816642048 6419881268816642048 0
6419881268816642049 6419881268816642048 6183442288379691008
6423634268506117461 4609434218613702656 0
6423634268506117461 7962364141191036927 6423634268506117461
6424384868444012543 6424384868444012544 6424384868444012543
6424384868444012544 6424384868444012544 0
6424384868444012545 6424384868444012544 6187945888007061504
6428888468071383039 6428888468071383040 6428888468071383039
6428888468071383040 6428888468071383040 0
6428888468071383041 6428888468071383040 6192449487634432000
6431140267885068287 4609434218613702656 4607182418800017408
6431140267885068287 8286623314361712640 6431140267885068287
6431140267885068288 4609434218613702656 4602678819172646912
6431140267885068288 8615386087159758849 6431140267885068288
6433392067698753535 6433392067698753536 6433392067698753535
6433392067698753536 6433392067698753536 0
6433392067698753537 6433392067698753536 6196953087261802496
6433397235941770194 6782515174136655475 6433397235941770194
6435643867512438785 4609434218613702656 4602678819172646912
6435643867512438785 8945650059833595221 6435643867512438785
6437895667326124031 6437895667326124032 6437895667326124031
6437895667326124032 6437895667326124032 0
6437895667326124033 6437895667326124032 6201456686889172992
6441648667015599445 58546795155816447 55544761908112042
6441648667015599445 4609434218613702656 0
6442399266953494527 6442399266953494528 6442399266953494527
6442399266953494528 6442399266953494528 0
6442399266953494529 6442399266953494528 6205960286516543488
6446902866580865023 6446902866580865024 6446902866580865023
6446902866580865024 6446902866580865024 0
6446902866580865025 6446902866580865024 6210463886143913984
6449154666394550271 382805968326492160 0
6449154666394550271 4609434218613702656 4607182418800017408
6449154666394550272 711568741124538369 711568740990320642
6449154666394550272 4609434218613702656 4602678819172646912
6451406466208235519 6451406466208235520 6451406466208235519
6451406466208235520 6451406466208235520 0
6451406466208235521 6451406466208235520 6214967485771284480
6453658266021920769 1041832713798374741 870320627989348352
6453658266021920769 4609434218613702656 4602678819172646912
6455910065835606015 6455910065835606016 6455910065835606015
6455910065835606016 6455910065835606016 0
6455910065835606017 6455910065835606016 6219471085398654976
6459663065525081429 1373597886348001279 1366091886969137834
6459663065525081429 4609434218613702656 0
6460413665462976511 6460413665462976512 6460413665462976511
6460413665462976512 6460413665462976512 0
6460413665462976513 6460413665462976512 6223974685026025472
6463416729010477324 176899705388955736 169178097926131936
6464917265090347007 6464917265090347008 6464917265090347007
6464917265090347008 6464917265090347008 0
6464917265090347009 6464917265090347008 6228478284653395968
6467169064904032255 1697857059518676992 0
6467169064904032255 4609434218613702656 4607182418800017408
6467169064904032256 2026619832316723201 2024368032503037954
6467169064904032256 4609434218613702656 4602678819172646912
6469420864717717503 6469420864717717504 6469420864717717503
6469420864717717504 6469420864717717504 0
6469420864717717505 6469420864717717504 6232981884280766464
6471672664531402753 2356883804990559573 2347501305766871040
6471672664531402753 4609434218613702656 4602678819172646912
6473924464345087999 6473924464345088000 6473924464345087999
6473924464345088000 6473924464345088000 0
6473924464345088001 6473924464345088000 6237485483908136960
6477677464034563413 2688648977540186111 2681236803153472170
6477677464034563413 4609434218613702656 0
6478428063972458495 6478428063972458496 6478428063972458495
6478428063972458496 6478428063972458496 0
6478428063972458497 6478428063972458496 6241989083535507456
6482931663599828991 6482931663599828992 6482931663599828991
6482931663599828992 6482931663599828992 0
6482931663599828993 6482931663599828992 6246492683162877952
6485183463413514239 3012908150710861824 0
6485183463413514239 4609434218613702656 4607182418800017408
6485183463413514240 3341670923508908033 3206562934687793152
6485183463413514240 4609434218613702656 4602678819172646912
6487435263227199487 6487435263227199488 6487435263227199487
6487435263227199488 6487435263227199488 0
6487435263227199489 6487435263227199488 6250996282790248448
6489687063040884737 3671934896182744405 3581487603666386944
6489687063040884737 4609434218613702656 4602678819172646912
6491938862854569983 6491938862854569984 6491938862854569983
6491938862854569984 6491938862854569984 0
6491938862854569985 6491938862854569984 6255499882417618944
6495413569765404352 344765676222352125 338517521429313002
6495691862544045397 4003700068732370943 4000697668986383018
6495691862544045397 4609434218613702656 0
6496442462481940479 6496442462481940480 6496442462481940479
6496442462481940480 6496442462481940480 0
6496442462481940481 6496442462481940480 6260003482044989440
6500946062109310975 6500946062109310976 6500946062109310975
6500946062109310976 6500946062109310976 0
6500946062109310977 6500946062109310976 6264507081672359936
6503197861922996223 4327959241903046656 0
6503197861922996223 4609434218613702656 4607182418800017408
6503197861922996224 4609434218613702656 4602678819172646912
6503197861922996224 4656722014701092865 4629700416936869888
6505449661736681471 6505449661736681472 6505449661736681471
6505449661736681472 6505449661736681472 0
6505449661736681473 6505449661736681472 6269010681299730432
6507701461550366721 4609434218613702656 4602678819172646912
6507701461550366721 4986985987374929237 4815473901565902848
6509953261364051967 6509953261364051968 6509953261364051967
6509953261364051968 6509953261364051968 0
6509953261364051969 6509953261364051968 6273514280927100928
6513706261053527381 4609434218613702656 0
6513706261053527381 5318751159924555775 5311245160545604950
6514456860991422463 6514456860991422464 6514456860991422463
6514456860991422464 6514456860991422464 0
6514456860991422465 6514456860991422464 6278017880554471424
6518960460618792959 6518960460618792960 6518960460618792959
6518960460618792960 6518960460618792960 0
6518960460618792961 6518960460618792960 6282521480181841920
6521212260432478207 4609434218613702656 4607182418800017408
6521212260432478207 5643010333095231488 0
6521212260432478208 4609434218613702656 4602678819172646912
6521212260432478208 5971773105893277697 5971773105892753410
6523464060246163455 6523464060246163456 6523464060246163455
6523464060246163456 6523464060246163456 0
6523464060246163457 6523464060246163456 6287025079809212416
6525715860059848705 4609434218613702656 4602678819172646912
6525715860059848705 6302037078567114069 6292654579343425536
6527967659873533951 6527967659873533952 6527967659873533951
6527967659873533952 6527967659873533952 0
6527967659873533953 6527967659873533952 6291528679436582912
6529834993440613630 3770190050488308393 3766250776897688200
6531720659563009365 4609434218613702656 0
6531720659563009365 6633802251116740607 6531720659563009365
6532471259500904447 6532471259500904448 6532471259500904447
6532471259500904448 6532471259500904448 0
6532471259500904449 6532471259500904448 6296032279063953408
6534034538157910324 7414121972439525946 6534034538157910324
6536380926601214571 8620716186923057744 6536380926601214571
6536974859128274943 6536974859128274944 6536974859128274943
6536974859128274944 6536974859128274944 0
6536974859128274945 6536974859128274944 6300535878691323904
6539226658941960191 4609434218613702656 4607182418800017408
6539226658941960191 6958061424287416320 6539226658941960191
6539226658941960192 4609434218613702656 4602678819172646912
6539226658941960192 7286824197085462529 6539226658941960192
6541478458755645439 6541478458755645440 6541478458755645439
6541478458755645440 6541478458755645440 0
6541478458755645441 6541478458755645440 6305039478318694400
6543730258569330689 4609434218613702656 4602678819172646912
6543730258569330689 7617088169759298901 6543730258569330689
6545316967334816780 8194906391385907655 6545316967334816780
6545982058383015935 6545982058383015936 6545982058383015935
6545982058383015936 6545982058383015936 0
6545982058383015937 6545982058383015936 6309543077946064896
6549735058072491349 4609434218613702656 0
6549735058072491349 7948853342308925439 6549735058072491349
6550485658010386431 6550485658010386432 6550485658010386431
6550485658010386432 6550485658010386432 0
6550485658010386433 6550485658010386432 6314046677573435392
6554975701725653750 8827058666489224504 6554975701725653750
6554989257637756927 6554989257637756928 6554989257637756927
6554989257637756928 6554989257637756928 0
6554989257637756929 6554989257637756928 6318550277200805888
6557241057451442175 4609434218613702656 4607182418800017408
6557241057451442175 8273112515479601152 6557241057451442175
6557241057451442176 4609434218613702656 4602678819172646912
6557241057451442176 8601875288277647361 6557241057451442176
6558657402526803748 3698725329390079978 3698284998491734212
6559492857265127423 6559492857265127424 6559492857265127423
6559492857265127424 6559492857265127424 0
6559492857265127425 6559492857265127424 6323053876828176384
6561744657078812673 4609434218613702656 4602678819172646912
6561744657078812673 8932139260951483733 6561744657078812673
6563996456892497919 6563996456892497920 6563996456892497919
6563996456892497920 6563996456892497920 0
6563996456892497921 6563996456892497920 6327557476455546880
6567749456581973333 45035996273704959 42033596522212010
6567749456581973333 4609434218613702656 0
6568500056519868415 6568500056519868416 6568500056519868415
6568500056519868416 6568500056519868416 0
6568500056519868417 6568500056519868416 6332061076082917376
6573003656147238911 6573003656147238912 6573003656147238911
6573003656147238912 6573003656147238912 0
6573003656147238913 6573003656147238912 6336564675710287872
6575255455960924159 369295169444380672 0
6575255455960924159 4609434218613702656 4607182418800017408
6575255455960924160 698057942242426881 486388759756013568
6575255455960924160 4609434218613702656 4602678819172646912
6577507255774609407 6577507255774609408 6577507255774609407
6577507255774609408 6577507255774609408 0
6577507255774609409 6577507255774609408 6341068275337658368
6579759055588294657 1028321914916263253 996421417555722240
6579759055588294657 4609434218613702656 4602678819172646912
6582010855401979903 6582010855401979904 6582010855401979903
6582010855401979904 6582010855401979904 0
6582010855401979905 6582010855401979904 6345571874965028864
6585763855091455317 1360087087465889791 1357178512706546346
6585763855091455317 4609434218613702656 0
6586514455029350399 6586514455029350400 6586514455029350399
6586514455029350400 6586514455029350400 0
6586514455029350401 6586514455029350400 6350075474592399360
6591018054656720895 6591018054656720896 6591018054656720895
6591018054656720896 6591018054656720896 0
6591018054656720897 6591018054656720896 6354579074219769856
6593269854470406143 1684346260636565504 0
6593269854470406143 4609434218613702656 4607182418800017408
6593269854470406144 2013109033434611713 1909526242005090304
6593269854470406144 4609434218613702656 4602678819172646912
6594328782899955076 8488687624128581980 6594328782899955076
6595521654284091391 6595521654284091392 6595521654284091391
6595521654284091392 6595521654284091392 0
6595521654284091393 6595521654284091392 6359082673847140352
6597773454097776641 2343373006108448085 2230407715455238144
6597773454097776641 4609434218613702656 4602678819172646912
6600025253911461887 6600025253911461888 6600025253911461887
6600025253911461888 6600025253911461888 0
6600025253911461889 6600025253911461888 6363586273474510848
6600395347188455611 7613811688943224977 6600395347188455611
6602151281722382555 5026406225066003025 5024078218816825818
6603778253600937301 2675138178658074623 2667632179301493418
6603778253600937301 4609434218613702656 0
6604163143581674996 1593915007064506782 1592495297030222274
6604528853538832383 6604528853538832384 6604528853538832383
6604528853538832384 6604528853538832384 0
6604528853538832385 6604528853538832384 6368089873101881344
6609032453166202879 6609032453166202880 6609032453166202879
6609032453166202880 6609032453166202880 0
6609032453166202881 6609032453166202880 6372593472729251840
6611284252979888127 2999397351828750336 0
6611284252979888127 4609434218613702656 4607182418800017408
6611284252979888128 3328160124626796545 3328160124626796542
6611284252979888128 4609434218613702656 4602678819172646912
6613536052793573375 6613536052793573376 6613536052793573375
6613536052793573376 6613536052793573376 0
6613536052793573377 6613536052793573376 6377097072356622336
6615787852607258625 3658424097300632917 3464394013354754048
6615787852607258625 4609434218613702656 4602678819172646912
6618039652420943871 6618039652420943872 6618039652420943871
6618039652420943872 6618039652420943872 0
6618039652420943873 6618039652420943872 6381600671983992832
6621792652110419285 3990189269850259455 3987186870098679126
6621792652110419285 4609434218613702656 0
6622543252048314367 6622543252048314368 6622543252048314367
6622543252048314368 6622543252048314368 0
6622543252048314369 6622543252048314368 6386104271611363328
6622893025369780765 1679665308871660663 1678147658979628773
6627046851675684863 6627046851675684864 6627046851675684863
6627046851675684864 6627046851675684864 0
6627046851675684865 6627046851675684864 6390607871238733824
6629298651489370111 4314448443020935168 0
6629298651489370111 4609434218613702656 4607182418800017408
6629298651489370112 4609434218613702656 4602678819172646912
6629298651489370112 4643211215818981377 4643211215751872514
6631550451303055359 6631550451303055360 6631550451303055359
6631550451303055360 6631550451303055360 0
6631550451303055361 6631550451303055360 6395111470866104320
6633802251116740609 4609434218613702656 4602678819172646912
6633802251116740609 4973475188492817749 4941574691132276736
6636054050930425855 6636054050930425856 6636054050930425855
6636054050930425856 6636054050930425856 0
6636054050930425857 6636054050930425856 6399615070493474816
6638334233355726993 4862819922880201083 4856674564547921002
6639807050619901269 4609434218613702656 0
6639807050619901269 5305240361042444287 5302237962722519722
6640557650557796351 6640557650557796352 6640557650557796351
6640557650557796352 6640557650557796352 0
6640557650557796353 6640557650557796352 6404118670120845312
6645061250185166847 6645061250185166848 6645061250185166847
6645061250185166848 6645061250185166848 0
6645061250185166849 6645061250185166848 6408622269748215808
6647313049998852095 4609434218613702656 4607182418800017408
6647313049998852095 5629499534213120000 0
6647313049998852096 4609434218613702656 4602678819172646912
6647313049998852096 5958262307011166209 5957136407104323586
6649564849812537343 6649564849812537344 6649564849812537343
6649564849812537344 6649564849812537344 0
6649564849812537345 6649564849812537344 6413125869375586304
6651816649626222593 4609434218613702656 4602678819172646912
6651816649626222593 6288526279685002581 6175560989031792640
6651970303580847711 7860581320549335947 6651970303580847711
6654068449439907839 6654068449439907840 6654068449439907839
6654068449439907840 6654068449439907840 0
6654068449439907841 6654068449439907840 6417629469002956800
6657821449129383253 4609434218613702656 0
6657821449129383253 6620291452234629119 6612785452855678634
6658572049067278335 6658572049067278336 6658572049067278335
6658572049067278336 6658572049067278336 0
6658572049067278337 6658572049067278336 6422133068630327296
6663075648694648831 6663075648694648832 6663075648694648831
6663075648694648832 6663075648694648832 0
6663075648694648833 6663075648694648832 6426636668257697792
6665327448508334079 4609434218613702656 4607182418800017408
6665327448508334079 6944550625405304832 6665327448508334079
6665327448508334080 4609434218613702656 4602678819172646912
6665327448508334080 7273313398203351041 6665327448508334080
6667579248322019327 6667579248322019328 6667579248322019327
6667579248322019328 6667579248322019328 0
6667579248322019329 6667579248322019328 6431140267885068288
6669831048135704577 4609434218613702656 4602678819172646912
6669831048135704577 7603577370877187413 6669831048135704577
6671523559816944728 7498961234956990164 6671523559816944728
6672082847949389823 6672082847949389824 6672082847949389823
6672082847949389824 6672082847949389824 0
6672082847949389825 6672082847949389824 6435643867512438784
6675835847638865237 4609434218613702656 0
6675835847638865237 7935342543426813951 6675835847638865237
6676586447576760319 6676586447576760320 6676586447576760319
6676586447576760320 6676586447576760320 0
6676586447576760321 6676586447576760320 6440147467139809280
6681090047204130815 6681090047204130816 6681090047204130815
6681090047204130816 6681090047204130816 0
6681090047204130817 6681090047204130816 6444651066767179776
6683341847017816063 4609434218613702656 4607182418800017408
6683341847017816063 8259601716597489664 6683341847017816063
6683341847017816064 4609434218613702656 4602678819172646912
6683341847017816064 8588364489395535873 6683341847017816064
6685593646831501311 6685593646831501312 6685593646831501311
6685593646831501312 6685593646831501312 0
6685593646831501313 6685593646831501312 6449154666394550272
6686225500424324337 1567014419491272247 1562927389291972565
6687845446645186561 4609434218613702656 4602678819172646912
6687845446645186561 8918628462069372245 6687845446645186561
6690097246458871807 6690097246458871808 6690097246458871807
6690097246458871808 6690097246458871808 0
6690097246458871809 6690097246458871808 6453658266021920768
6692513410807529425 393681047658751870 393010457020792294
6693850246148347221 31525197391593471 24394497981590186
6693850246148347221 4609434218613702656 0
6694600846086242303 6694600846086242304 6694600846086242303
6694600846086242304 6694600846086242304 0
6694600846086242305 6694600846086242304 6458161865649291264
6698013567068425400 8767127550582726917 6698013567068425400
6699104445713612799 6699104445713612800 6699104445713612799
6699104445713612800 6699104445713612800 0
6699104445713612801 6699104445713612800 6462665465276661760
6701356245527298047 355784370562269184 0
6701356245527298047 4609434218613702656 4607182418800017408
6701356245527298048 684547143360315393 612489549322387456
6701356245527298048 4609434218613702656 4602678819172646912
6703608045340983295 6703608045340983296 6703608045340983295
6703608045340983296 6703608045340983296 0
6703608045340983297 6703608045340983296 6467169064904032256
6705859845154668545 1014811116034151765 879327827244089344
6705859845154668545 4609434218613702656 4602678819172646912
6708111644968353791 6708111644968353792 6708111644968353791
6708111644968353792 6708111644968353792 0
6708111644968353793 6708111644968353792 6471672664531402752
6711864644657829205 1346576288583778303 1343573888854567594
6711864644657829205 4609434218613702656 0
6712615244595724287 6712615244595724288 6712615244595724287
6712615244595724288 6712615244595724288 0
6712615244595724289 6712615244595724288 6476176264158773248
6717118844223094783 6717118844223094784 6717118844223094783
6717118844223094784 6717118844223094784 0
6717118844223094785 6717118844223094784 6480679863786143744
6719370644036780031 1670835461754454016 0
6719370644036780031 4609434218613702656 4607182418800017408
6719370644036780032 1999598234552500225 1999598234552499714
6719370644036780032 4609434218613702656 4602678819172646912
6721622443850465279 6721622443850465280 6721622443850465279
6721622443850465280 6721622443850465280 0
6721622443850465281 6721622443850465280 6485183463413514240
6723874243664150529 2329862207226336597 2113314125143605248
6723874243664150529 4609434218613702656 4602678819172646912
6726126043477835775 6726126043477835776 6726126043477835775
6726126043477835776 6726126043477835776 0
6726126043477835777 6726126043477835776 6489687063040884736
6729879043167311189 2661627379775963135 2654121380397012314
6729879043167311189 4609434218613702656 0
6730629643105206271 6730629643105206272 6730629643105206271
6730629643105206272 6730629643105206272 0
6730629643105206273 6730629643105206272 6494190662668255232
6735133242732576767 6735133242732576768 6735133242732576767
6735133242732576768 6735133242732576768 0
6735133242732576769 6735133242732576768 6498694262295625728
6737385042546262015 2985886552946638848 0
6737385042546262015 4609434218613702656 4607182418800017408
6737385042546262016 3314649325744685057 3314649317154750466
6737385042546262016 4609434218613702656 4602678819172646912
6739636842359947263 6739636842359947264 6739636842359947263
6739636842359947264 6739636842359947264 0
6739636842359947265 6739636842359947264 6503197861922996224
6741888642173632513 3644913298418521429 3590494802921127936
6741888642173632513 4609434218613702656 4602678819172646912
6744140441987317759 6744140441987317760 6744140441987317759
6744140441987317760 6744140441987317760 0
6744140441987317761 6744140441987317760 6507701461550366720
6747893441676793173 3976678470968147967 3969172477315820202
6747893441676793173 4609434218613702656 0
6748644041614688255 6748644041614688256 6748644041614688255
6748644041614688256 6748644041614688256 0
6748644041614688257 6748644041614688256 6512205061177737216
6753147641242058751 6753147641242058752 6753147641242058751
6753147641242058752 6753147641242058752 0
6753147641242058753 6753147641242058752 6516708660805107712
6754289451442501741 1202857430255351767 1201611352969110406
6755399441055743999 4300937644138823680 0
6755399441055743999 4609434218613702656 4607182418800017408
6755399441055744000 4609434218613702656 4602678819172646912
6755399441055744000 4629700416936869889 4413527634823086080
6756779601931479736 7469507271944326692 6756779601931479736
6757651240869429247 6757651240869429248 6757651240869429247
6757651240869429248 6757651240869429248 0
6757651240869429249 6757651240869429248 6521212260432478208
6759903040683114497 4609434218613702656 4602678819172646912
6759903040683114497 4959964389610706261 4824481100820643840
6762154840496799743 6762154840496799744 6762154840496799743
6762154840496799744 6762154840496799744 0
6762154840496799745 6762154840496799744 6525715860059848704
6765535282995780922 1518868464512953696 1507957912620907264
6765907840186275157 4609434218613702656 0
6765907840186275157 5291729562160332799 5288727162408752810
6766658440124170239 6766658440124170240 6766658440124170239
6766658440124170240 6766658440124170240 0
6766658440124170241 6766658440124170240 6530219459687219200
6771162039751540735 6771162039751540736 6771162039751540735
6771162039751540736 6771162039751540736 0
6771162039751540737 6771162039751540736 6534723059314589696
6773413839565225983 4609434218613702656 4607182418800017408
6773413839565225983 5615988735331008512 0
6773413839565225984 4609434218613702656 4602678819172646912
6773413839565225984 5944751508129054721 5836665117072162816
6775665639378911231 6775665639378911232 6775665639378911231
6775665639378911232 6775665639378911232 0
6775665639378911233 6775665639378911232 6539226658941960192
6777917439192596481 4609434218613702656 4602678819172646912
6777917439192596481 6275015480802891093 6058467398720159744
6780169239006281727 6780169239006281728 6780169239006281727
6780169239006281728 6780169239006281728 0
6780169239006281729 6780169239006281728 6543730258569330688
6783922238695757141 4609434218613702656 0
6783922238695757141 6606780653352517631 6603778620104813226
6784672838633652223 6784672838633652224 6784672838633652223
6784672838633652224 6784672838633652224 0
6784672838633652225 6784672838633652224 6548233858196701184
6789176438261022719 6789176438261022720 6789176438261022719
6789176438261022720 6789176438261022720 0
6789176438261022721 6789176438261022720 6552737457824071680
6791428238074707967 4609434218613702656 4607182418800017408
6791428238074707967 6931039826523193344 6791428238074707967
6791428238074707968 4609434218613702656 4602678819172646912
6791428238074707968 7259802599321239553 6791428238074707968
6793680037888393215 6793680037888393216 6793680037888393215
6793680037888393216 6793680037888393216 0
6793680037888393217 6793680037888393216 6557241057451442176
6795931837702078465 4609434218613702656 4602678819172646912
6795931837702078465 7590066571995075925 6795931837702078465
6797884439949559093 1763731330478347526 1747011190932380832
6798183637515763711 6798183637515763712 6798183637515763711
6798183637515763712 6798183637515763712 0
6798183637515763713 6798183637515763712 6561744657078812672
6799044539954690812 3453884973395728117 3446710879274784618
6801936637205239125 4609434218613702656 0
6801936637205239125 7921831744544702463 6801936637205239125
6802687237143134207 6802687237143134208 6802687237143134207
6802687237143134208 6802687237143134208 0
6802687237143134209 6802687237143134208 6566248256706183168
6805259217345791602 3514279251543450984 3513432885805822400
6807190836770504703 6807190836770504704 6807190836770504703
6807190836770504704 6807190836770504704 0
6807190836770504705 6807190836770504704 6570751856333553664
6809442636584189951 4609434218613702656 4607182418800017408
6809442636584189951 8246090917715378176 6809442636584189951
6809442636584189952 4609434218613702656 4602678819172646912
6809442636584189952 8574853690513424385 6809442636584189952
6811694436397875199 6811694436397875200 6811694436397875199
6811694436397875200 6811694436397875200 0
6811694436397875201 6811694436397875200 6575255455960924160
6813946236211560449 4609434218613702656 4602678819172646912
6813946236211560449 8905117663187260757 6813946236211560449
6815504344117915959 4849238726835405171 4835845912842365056
6816198036025245695 6816198036025245696 6816198036025245695
6816198036025245696 6816198036025245696 0
6816198036025245697 6816198036025245696 6579759055588294656
6819951035714721109 18014398509481983 10508399220009642
6819951035714721109 4609434218613702656 0
6820701635652616191 6820701635652616192 6820701635652616191
6820701635652616192 6820701635652616192 0
6820701635652616193 6820701635652616192 6584262655215665152
6824166236267178551 3162722682962590049 3156550886274649764
6825205235279986687 6825205235279986688 6825205235279986687
6825205235279986688 6825205235279986688 0
6825205235279986689 6825205235279986688 6588766254843035648
6827457035093671935 342273571680157696 0
6827457035093671935 4609434218613702656 4607182418800017408
6827457035093671936 671036344478203905 671036344478138370
6827457035093671936 4609434218613702656 4602678819172646912
6828261429570799706 5102163328521057686 5101326330512628452
6829708834907357183 6829708834907357184 6829708834907357183
6829708834907357184 6829708834907357184 0
6829708834907357185 6829708834907357184 6593269854470406144
6831960634721042433 1001300317152040277 1000549717214145195
6831960634721042433 4609434218613702656 4602678819172646912
6834212434534727679 6834212434534727680 6834212434534727679
6834212434534727680 6834212434534727680 0
6834212434534727681 6834212434534727680 6597773454097776640
6834768833624310267 7010451125025178044 6834768833624310267
6837965434224203093 1333065489701666815 1330063089950086490
6837965434224203093 4609434218613702656 0
6838716034162098175 6838716034162098176 6838716034162098175
6838716034162098176 6838716034162098176 0
6838716034162098177 6838716034162098176 6602277053725147136
6843219633789468671 6843219633789468672 6843219633789468671
6843219633789468672 6843219633789468672 0
6843219633789468673 6843219633789468672 6606780653352517632
6845471433603153919 1657324662872342528 0
6845471433603153919 4609434218613702656 4607182418800017408
6845471433603153920 1986087435670388737 1986086336158760962
6845471433603153920 4609434218613702656 4602678819172646912
6847723233416839167 6847723233416839168 6847723233416839167
6847723233416839168 6847723233416839168 0
6847723233416839169 6847723233416839168 6611284252979888128
6849975033230524417 2316351408344225109 2239414914709979136
6849975033230524417 4609434218613702656 4602678819172646912
6852226833044209663 6852226833044209664 6852226833044209663
6852226833044209664 6852226833044209664 0
6852226833044209665 6852226833044209664 6615787852607258624
6852727263959866625 2025159272872208132 2010356471571558432
6855979832733685077 2648116580893851647 2645114186868894378
6855979832733685077 4609434218613702656 0
6856730432671580159 6856730432671580160 6856730432671580159
6856730432671580160 6856730432671580160 0
6856730432671580161 6856730432671580160 6620291452234629120
6861234032298950655 6861234032298950656 6861234032298950655
6861234032298950656 6861234032298950656 0
6861234032298950657 6861234032298950656 6624795051861999616
6863485832112635903 2972375754064527360 0
6863485832112635903 4609434218613702656 4607182418800017408
6863485832112635904 3301138526862573569 3116490942140383232
6863485832112635904 4609434218613702656 4602678819172646912
6865737631926321151 6865737631926321152 6865737631926321151
6865737631926321152 6865737631926321152 0
6865737631926321153 6865737631926321152 6629298651489370112
6867989431740006401 3631402499536409941 3473401212609495040
6867989431740006401 4609434218613702656 4602678819172646912
6870241231553691647 6870241231553691648 6870241231553691647
6870241231553691648 6870241231553691648 0
6870241231553691649 6870241231553691648 6633802251116740608
6870933555820529532 4608274196526252649 4606622709685340940
6873994231243167061 3963167672086036479 3955661672707087018
6873994231243167061 4609434218613702656 0
6874744831181062143 6874744831181062144 6874744831181062143
6874744831181062144 6874744831181062144 0
6874744831181062145 6874744831181062144 6638305850744111104
6879248430808432639 6879248430808432640 6879248430808432639
6879248430808432640 6879248430808432640 0
6879248430808432641 6879248430808432640 6642809450371481600
6881500230622117887 4287426845256712192 0
6881500230622117887 4609434218613702656 4607182418800017408
6881500230622117888 4609434218613702656 4602678819172646912
6881500230622117888 4616189618054758401 4539628424389459968
6883752030435803135 6883752030435803136 6883752030435803135
6883752030435803136 6883752030435803136 0
6883752030435803137 6883752030435803136 6647313049998852096
6886003830249488385 4609434218613702656 4602678819172646912
6886003830249488385 4946453590728594773 4945702990790699691
6886134462391410810 1336482030249737883 1332570404921391496
6888255630063173631 6888255630063173632 6888255630063173631
6888255630063173632 6888255630063173632 0
6888255630063173633 6888255630063173632 6651816649626222592
6892008629752649045 4609434218613702656 0
6892008629752649045 5278218763278221311 5270714229914774186
6892759229690544127 6892759229690544128 6892759229690544127
6892759229690544128 6892759229690544128 0
6892759229690544129 6892759229690544128 6656320249253593088
6897262829317914623 6897262829317914624 6897262829317914623
6897262829317914624 6897262829317914624 0
6897262829317914625 6897262829317914624 6660823848880963584
6899514629131599871 4609434218613702656 4607182418800017408
6899514629131599871 5602477936448897024 0
6899514629131599872 4609434218613702656 4602678819172646912
6899514629131599872 5931240709246943233 5931240709246942978
6901766428945285119 6901766428945285120 6901766428945285119
6901766428945285120 6901766428945285120 0
6901766428945285121 6901766428945285120 6665327448508334080
6904018228758970369 4609434218613702656 4602678819172646912
6904018228758970369 6261504681920779605 6184568188286533632
6906270028572655615 6906270028572655616 6906270028572655615
6906270028572655616 6906270028572655616 0
6906270028572655617 6906270028572655616 6669831048135704576
6909755901221261264 6067826138996020481 6054045458058928912
6910023028262131029 4609434218613702656 0
6910023028262131029 6593269854470406143 6590267454718913194
6910773628200026111 6910773628200026112 6910773628200026111
6910773628200026112 6910773628200026112 0
6910773628200026113 6910773628200026112 6674334647763075072
6915277227827396607 6915277227827396608 6915277227827396607
6915277227827396608 6915277227827396608 0
6915277227827396609 6915277227827396608 6678838247390445568
6917529027641081855 4609434218613702656 4607182418800017408
6917529027641081855 6917529027641081856 6917529027641081855
6917529027641081856 4609434218613702656 4602678819172646912
6917529027641081856 7246291800439128065 6917529027641081856
6919780827454767103 6919780827454767104 6919780827454767103
6919780827454767104 6919780827454767104 0
6919780827454767105 6919780827454767104 6683341847017816064
6922032627268452353 4609434218613702656 4602678819172646912
6922032627268452353 7576555773112964437 6922032627268452353
6923130548114145256 5863846212055657890 5859844794918947460
6924284427082137599 6924284427082137600 6924284427082137599
6924284427082137600 6924284427082137600 0
6924284427082137601 6924284427082137600 6687845446645186560
6928037426771613013 4609434218613702656 0
6928037426771613013 7908320945662590975 6928037426771613013
6928788026709508095 6928788026709508096 6928788026709508095
6928788026709508096 6928788026709508096 0
6928788026709508097 6928788026709508096 6692349046272557056
6933291626336878591 6933291626336878592 6933291626336878591
6933291626336878592 6933291626336878592 0
6933291626336878593 6933291626336878592 6696852645899927552
6935543426150563839 4609434218613702656 4607182418800017408
6935543426150563839 8232580118833266688 6935543426150563839
6935543426150563840 4609434218613702656 4602678819172646912
6935543426150563840 8561342891631312897 6935543426150563840
6937795225964249087 6937795225964249088 6937795225964249087
6937795225964249088 6937795225964249088 0
6937795225964249089 6937795225964249088 6701356245527298048
6940047025777934337 4609434218613702656 4602678819172646912
6940047025777934337 8891606864305149269 6940047025777934337
6942298825591619583 6942298825591619584 6942298825591619583
6942298825591619584 6942298825591619584 0
6942298825591619585 6942298825591619584 6705859845154668544
6946051825281094997 4503599627370495 3002408341514922
6946051825281094997 4609434218613702656 0
6946802425218990079 6946802425218990080 6946802425218990079
6946802425218990080 6946802425218990080 0
6946802425218990081 6946802425218990080 6710363444782039040
6951306024846360575 6951306024846360576 6951306024846360575
6951306024846360576 6951306024846360576 0
6951306024846360577 6951306024846360576 6714867044409409536
6953557824660045823 328762772798046208 0
6953557824660045823 4609434218613702656 4607182418800017408
6953557824660045824 657525545596092417 657384808107737090
6953557824660045824 4609434218613702656 4602678819172646912
6955809624473731071 6955809624473731072 6955809624473731071
6955809624473731072 6955809624473731072 0
6955809624473731073 6955809624473731072 6719370644036780032
6958061424287416321 987789518269928789 888335026498830336
6958061424287416321 4609434218613702656 4602678819172646912
6960313224101101567 6960313224101101568 6960313224101101567
6960313224101101568 6960313224101101568 0
6960313224101101569 6960313224101101568 6723874243664150528
6964066223790576981 1319554690819555327 1312048714347096746
6964066223790576981 4609434218613702656 0
6964816823728472063 6964816823728472064 6964816823728472063
6964816823728472064 6964816823728472064 0
6964816823728472065 6964816823728472064 6728377843291521024
6969320423355842559 6969320423355842560 6969320423355842559
6969320423355842560 6969320423355842560 0
6969320423355842561 6969320423355842560 6732881442918891520
6971572223169527807 1643813863990231040 0
6971572223169527807 4609434218613702656 4607182418800017408
6971572223169527808 1972576636788277249 1819454249457680384
6971572223169527808 4609434218613702656 4602678819172646912
6973824022983213055 6973824022983213056 6973824022983213055
6973824022983213056 6973824022983213056 0
6973824022983213057 6973824022983213056 6737385042546262016
6976075822796898305 2302840609462113621 2122321324398346240
6976075822796898305 4609434218613702656 4602678819172646912
6977260988285306137 1650555452496809783 1637966934298392120
6978327622610583551 6978327622610583552 6978327622610583551
6978327622610583552 6978327622610583552 0
6978327622610583553 6978327622610583552 6741888642173632512
6979468082695082122 5132885747479207084 5131038928763623616
6982080622300058965 2634605782011740159 2631603382260161194
6982080622300058965 4609434218613702656 0
6982831222237954047 6982831222237954048 6982831222237954047
6982831222237954048 6982831222237954048 0
6982831222237954049 6982831222237954048 6746392241801003008
6987334821865324543 6987334821865324544 6987334821865324543
6987334821865324544 6987334821865324544 0
6987334821865324545 6987334821865324544 6750895841428373504
6989586621679009791 2958864955182415872 0
6989586621679009791 4609434218613702656 4607182418800017408
6989586621679009792 3287627727980462081 3242591731706757120
6989586621679009792 4609434218613702656 4602678819172646912
6991838421492695039 6991838421492695040 6991838421492695039
6991838421492695040 6991838421492695040 0
6991838421492695041 6991838421492695040 6755399441055744000
6994090221306380289 3617891700654298453 3599502002175868928
6994090221306380289 4609434218613702656 4602678819172646912
6996342021120065535 6996342021120065536 6996342021120065535
6996342021120065536 6996342021120065536 0
6996342021120065537 6996342021120065536 6759903040683114496
6997198609428696441 7866840343321774420 6997198609428696441
7000095020809540949 3949656873203924991 3946655939467848362
7000095020809540949 4609434218613702656 0
7000845620747436031 7000845620747436032 7000845620747436031
7000845620747436032 7000845620747436032 0
7000845620747436033 7000845620747436032 6764406640310484992
7005349220374806527 7005349220374806528 7005349220374806527
7005349220374806528 7005349220374806528 0
7005349220374806529 7005349220374806528 6768910239937855488
7007601020188491775 4273916046374600704 0
7007601020188491775 4609434218613702656 4607182418800017408
7007601020188491776 4602678819172646913 4602678819172614146
7007601020188491776 4609434218613702656 4602678819172646912
7009852820002177023 7009852820002177024 7009852820002177023
7009852820002177024 7009852820002177024 0
7009852820002177025 7009852820002177024 6773413839565225984
7012104619815862273 4609434218613702656 4602678819172646912
7012104619815862273 4932942791846483285 4833488300075384832
7014356419629547519 7014356419629547520 7014356419629547519
7014356419629547520 7014356419629547520 0
7014356419629547521 7014356419629547520 6777917439192596480
7018109419319022933 4609434218613702656 0
7018109419319022933 5264707964396109823 5257201965017508522
7018860019256918015 7018860019256918016 7018860019256918015
7018860019256918016 7018860019256918016 0
7018860019256918017 7018860019256918016 6782421038819966976
7021548950604165948 2854116402241533361 2824922295685093632
7023363618884288511 7023363618884288512 7023363618884288511
7023363618884288512 7023363618884288512 0
7023363618884288513 7023363618884288512 6786924638447337472
7025615418697973759 4609434218613702656 4607182418800017408
7025615418697973759 5588967137566785536 0
7025615418697973760 4609434218613702656 4602678819172646912
7025615418697973760 5917729910364831745 5917729360609017858
7027867218511659007 7027867218511659008 7027867218511659007
7027867218511659008 7027867218511659008 0
7027867218511659009 7027867218511659008 6791428238074707968
7030119018325344257 4609434218613702656 4602678819172646912
7030119018325344257 6247993883038668117 6067474597974900736
7032370818139029503 7032370818139029504 7032370818139029503
7032370818139029504 7032370818139029504 0
7032370818139029505 7032370818139029504 6795931837702078464
7036123817828504917 4609434218613702656 0
7036123817828504917 6579759055588294655 6572628356178291370
7036874417766399999 7036874417766400000 7036874417766399999
7036874417766400000 7036874417766400000 0
7036874417766400001 7036874417766400000 6800435437329448960
7041378017393770495 7041378017393770496 7041378017393770495
7041378017393770496 7041378017393770496 0
7041378017393770497 7041378017393770496 6804939036956819456
7043629817207455743 4609434218613702656 4607182418800017408
7043629817207455743 6904018228758970368 6904018226611486720
7043629817207455744 4609434218613702656 4602678819172646912
7043629817207455744 7232781001557016577 7043629817207455744
7045881617021140991 7045881617021140992 7045881617021140991
7045881617021140992 7045881617021140992 0
7045881617021140993 7045881617021140992 6809442636584189952
7048133416834826241 4609434218613702656 4602678819172646912
7048133416834826241 7563044974230852949 7048133416834826241
7050385216648511487 7050385216648511488 7050385216648511487
7050385216648511488 7050385216648511488 0
7050385216648511489 7050385216648511488 6813946236211560448
7054138216337986901 4609434218613702656 0
7054138216337986901 7894810146780479487 7054138216337986901
7054888816275881983 7054888816275881984 7054888816275881983
7054888816275881984 7054888816275881984 0
7054888816275881985 7054888816275881984 6818449835838930944
7059392415903252479 7059392415903252480 7059392415903252479
7059392415903252480 7059392415903252480 0
7059392415903252481 7059392415903252480 6822953435466301440
7061644215716937727 4609434218613702656 4607182418800017408
7061644215716937727 8219069319951155200 7061644215716937727
7061644215716937728 4609434218613702656 4602678819172646912
7061644215716937728 8547832092749201409 7061644215716937728
7062800953343055295 8319698418004967588 7062800953343055295
7063896015530622975 7063896015530622976 7063896015530622975
7063896015530622976 7063896015530622976 0
7063896015530622977 7063896015530622976 6827457035093671936
7066147815344308225 4609434218613702656 4602678819172646912
7066147815344308225 8878096065423037781 7066147815344308225
7068399615157993471 7068399615157993472 7068399615157993471
7068399615157993472 7068399615157993472 0
7068399615157993473 7068399615157993472 6831960634721042432
7072152614847468885 4609434218613702656 0
7072152614847468885 9209861237972664319 7072152614847468885
7072903214785363967 7072903214785363968 7072903214785363967
7072903214785363968 7072903214785363968 0
7072903214785363969 7072903214785363968 6836464234348412928
7076574425307830501 6085557305141038993 6082600624416947224
7077406814412734463 7077406814412734464 7077406814412734463
7077406814412734464 7077406814412734464 0
7077406814412734465 7077406814412734464 6840967833975783424
7079658614226419711 315251973915934720 0
7079658614226419711 4609434218613702656 4607182418800017408
7079658614226419712 644014746713980929 522417556774977536
7079658614226419712 4609434218613702656 4602678819172646912
7081910414040104959 7081910414040104960 7081910414040104959
7081910414040104960 7081910414040104960 0
7081910414040104961 7081910414040104960 6845471433603153920
7084162213853790209 974278719387817301 771241436187197440
7084162213853790209 4609434218613702656 4602678819172646912
7086414013667475455 7086414013667475456 7086414013667475455
7086414013667475456 7086414013667475456 0
7086414013667475457 7086414013667475456 6849975033230524416
7090167013356950869 1306043891937443839 1298537892558498474
7090167013356950869 4609434218613702656 0
7090917613294845951 7090917613294845952 7090917613294845951
7090917613294845952 7090917613294845952 0
7090917613294845953 7090917613294845952 6854478632857894912
7094930208225553429 7473291550257048512 7094930208225553429
7095421212922216447 7095421212922216448 7095421212922216447
7095421212922216448 7095421212922216448 0
7095421212922216449 7095421212922216448 6858982232485265408
7097673012735901695 1630303065108119552 0
7097673012735901695 4609434218613702656 4607182418800017408
7097673012735901696 1959065837906165761 1945555039024054272
7097673012735901696 4609434218613702656 4602678819172646912
7099924812549586943 7099924812549586944 7099924812549586943
7099924812549586944 7099924812549586944 0
7099924812549586945 7099924812549586944 6863485832112635904
7102176612363272193 2289329810580002133 2248422113964720128
7102176612363272193 4609434218613702656 4602678819172646912
7104428412176957439 7104428412176957440 7104428412176957439
7104428412176957440 7104428412176957440 0
7104428412176957441 7104428412176957440 6867989431740006400
7108181411866432853 2621094983129628671 2613594847812692650
7108181411866432853 4609434218613702656 0
7108932011804327935 7108932011804327936 7108932011804327935
7108932011804327936 7108932011804327936 0
7108932011804327937 7108932011804327936 6872493031367376896
7113435611431698431 7113435611431698432 7113435611431698431
7113435611431698432 7113435611431698432 0
7113435611431698433 7113435611431698432 6876996630994747392
7115687411245383679 2945354156300304384 0
7115687411245383679 4609434218613702656 4607182418800017408
7115687411245383680 3274116929098350593 3274116929094156290
7115687411245383680 4609434218613702656 4602678819172646912
7117939211059068927 7117939211059068928 7117939211059068927
7117939211059068928 7117939211059068928 0
7117939211059068929 7117939211059068928 6881500230622117888
7120191010872754177 3604380901772186965 3482408411864236032
7120191010872754177 4609434218613702656 4602678819172646912
7122442810686439423 7122442810686439424 7122442810686439423
7122442810686439424 7122442810686439424 0
7122442810686439425 7122442810686439424 6886003830249488384
7126195810375914837 3936146074321813503 3933143674570582698
7126195810375914837 4609434218613702656 0
7126946410313809919 7126946410313809920 7126946410313809919
7126946410313809920 7126946410313809920 0
7126946410313809921 7126946410313809920 6890507429876858880
7129643507327408768 1649840527218115753 1640790070117776728
7130255698785530627 8712270767899384029 7130255698785530627
7131450009941180415 7131450009941180416 7131450009941180415
7131450009941180416 7131450009941180416 0
7131450009941180417 7131450009941180416 6895011029504229376
7133701809754865663 4260405247492489216 0
7133701809754865663 4609434218613702656 4607182418800017408
7133701809754865664 4589168020290535425 4589097651546357762
7133701809754865664 4609434218613702656 4602678819172646912
7135953609568550911 7135953609568550912 7135953609568550911
7135953609568550912 7135953609568550912 0
7135953609568550913 7135953609568550912 6899514629131599872
7138205409382236161 4609434218613702656 4602678819172646912
7138205409382236161 4919431992964371797 4716394709763751936
7140457209195921407 7140457209195921408 7140457209195921407
7140457209195921408 7140457209195921408 0
7140457209195921409 7140457209195921408 6904018228758970368
7144210208885396821 4609434218613702656 0
7144210208885396821 5251197165513998335 5248570065731365546
7144960808823291903 7144960808823291904 7144960808823291903
7144960808823291904 7144960808823291904 0
7144960808823291905 7144960808823291904 6908521828386340864
7149464408450662399 7149464408450662400 7149464408450662399
7149464408450662400 7149464408450662400 0
7149464408450662401 7149464408450662400 6913025428013711360
7151716208264347647 4609434218613702656 4607182418800017408
7151716208264347647 5575456338684674048 0
7151716208264347648 4609434218613702656 4602678819172646912
7151716208264347648 5904219111482720257 5746593124524752896
7153968008078032895 7153968008078032896 7153968008078032895
7153968008078032896 7153968008078032896 0
7153968008078032897 7153968008078032896 6917529027641081856
7156219807891718145 4609434218613702656 4602678819172646912
7156219807891718145 6234483084156556629 6193575387541274624
7158471607705403391 7158471607705403392 7158471607705403391
7158471607705403392 7158471607705403392 0
7158471607705403393 7158471607705403392 6922032627268452352
7161441445825240522 8577368014540442901 7161441445825240522
7162224607394878805 4609434218613702656 0
7162224607394878805 6566248256706183167 6558742257416710826
7162975207332773887 7162975207332773888 7162975207332773887
7162975207332773888 7162975207332773888 0
7162975207332773889 7162975207332773888 6926536226895822848
7167478806960144383 7167478806960144384 7167478806960144383
7167478806960144384 7167478806960144384 0
7167478806960144385 7167478806960144384 6931039826523193344
7169730606773829631 4609434218613702656 4607182418800017408
7169730606773829631 6890507429876858880 0
7169730606773829632 4609434218613702656 4602678819172646912
7169730606773829632 7219270202674905089 7169730606773829632
7171982406587514879 7171982406587514880 7171982406587514879
7171982406587514880 7171982406587514880 0
7171982406587514881 7171982406587514880 6935543426150563840
7172809499325899465 1367752198606053313 1366871435682595031
7174234206401200129 4609434218613702656 4602678819172646912
7174234206401200129 7549534175348741461 7174234206401200129
7176486006214885375 7176486006214885376 7176486006214885375
7176486006214885376 7176486006214885376 0
7176486006214885377 7176486006214885376 6940047025777934336
7180239005904360789 4609434218613702656 0
7180239005904360789 7881299347898367999 7180239005904360789
7180989605842255871 7180989605842255872 7180989605842255871
7180989605842255872 7180989605842255872 0
7180989605842255873 7180989605842255872 6944550625405304832
7185493205469626367 7185493205469626368 7185493205469626367
7185493205469626368 7185493205469626368 0
7185493205469626369 7185493205469626368 6949054225032675328
7187745005283311615 4609434218613702656 4607182418800017408
7187745005283311615 8205558521069043712 7187745005283311615
7187745005283311616 4609434218613702656 4602678819172646912
7187745005283311616 8534321293867089921 7187745005283311616
7189996805096996863 7189996805096996864 7189996805096996863
7189996805096996864 7189996805096996864 0
7189996805096996865 7189996805096996864 6953557824660045824
7190070246135918790 7628299284966962384 7190070246135918790
7192248604910682113 4609434218613702656 4602678819172646912
7192248604910682113 8864585266540926293 7192248604910682113
7194500404724367359 7194500404724367360 7194500404724367359
7194500404724367360 7194500404724367360 0
7194500404724367361 7194500404724367360 6958061424287416320
7198081313783769095 7068493035556968117 7062215923579869186
7198253404413842773 4609434218613702656 0
7198253404413842773 9196350439090552831 7198253404413842773
7199004004351737855 7199004004351737856 7199004004351737855
7199004004351737856 7199004004351737856 0
7199004004351737857 7199004004351737856 6962565023914786816
7203507603979108351 7203507603979108352 7203507603979108351
7203507603979108352 7203507603979108352 0
7203507603979108353 7203507603979108352 6967068623542157312
7203939281521125970 8865335560298988730 7203939281521125970
7205620893573554193 1930832711058552801 1927996550540346431
7205759403792793599 301741175033823232 0
7205759403792793599 4609434218613702656 4607182418800017408
7205759403792793600 630503947831869441 630503947831869410
7205759403792793600 4609434218613702656 4602678819172646912
7208011203606478847 7208011203606478848 7208011203606478847
7208011203606478848 7208011203606478848 0
7208011203606478849 7208011203606478848 6971572223169527808
7210263003420164097 960767920505705813 897342225753571328
7210263003420164097 4609434218613702656 4602678819172646912
7212514803233849343 7212514803233849344 7212514803233849343
7212514803233849344 7212514803233849344 0
7212514803233849345 7212514803233849344 6976075822796898304
7216267802923324757 1292533093055332351 1289536557365766826
7216267802923324757 4609434218613702656 0
7217018402861219839 7217018402861219840 7217018402861219839
7217018402861219840 7217018402861219840 0
7217018402861219841 7217018402861219840 6980579422424268800
7221522002488590335 7221522002488590336 7221522002488590335
7221522002488590336 7221522002488590336 0
7221522002488590337 7221522002488590336 6985083022051639296
7223773802302275583 1616792266226008064 0
7223773802302275583 4609434218613702656 4607182418800017408
7223773802302275584 1945555039024054273 1945555038487183362
7223773802302275584 4609434218613702656 4602678819172646912
7225274662115413792 7468117873088914826 7225274662115413792
7226025602115960831 7226025602115960832 7226025602115960831
7226025602115960832 7226025602115960832 0
7226025602115960833 7226025602115960832 6989586621679009792
7228277401929646081 2275819011697890645 2131328523653087232
7228277401929646081 4609434218613702656 4602678819172646912
7230529201743331327 7230529201743331328 7230529201743331327
7230529201743331328 7230529201743331328 0
7230529201743331329 7230529201743331328 6994090221306380288
7232186396064085025 4219986982126226141 4208879655334050896
7234282201432806741 2607584184247517183 2600078184869964458
7234282201432806741 4609434218613702656 0
7235032801370701823 7235032801370701824 7235032801370701823
7235032801370701824 7235032801370701824 0
7235032801370701825 7235032801370701824 6998593820933750784
7239536400998072319 7239536400998072320 7239536400998072319
7239536400998072320 7239536400998072320 0
7239536400998072321 7239536400998072320 7003097420561121280
7241788200811757567 2931843357418192896 0
7241788200811757567 4609434218613702656 4607182418800017408
7241788200811757568 3260606130216239105 3026418949592973312
7241788200811757568 4609434218613702656 4602678819172646912
7244040000625442815 7244040000625442816 7244040000625442815
7244040000625442816 7244040000625442816 0
7244040000625442817 7244040000625442816 7007601020188491776
7246291800439128065 3590870102890075477 3365314821552603136
7246291800439128065 4609434218613702656 4602678819172646912
7248543600252813311 7248543600252813312 7248543600252813311
7248543600252813312 7248543600252813312 0
7248543600252813313 7248543600252813312 7012104619815862272
7249871510228347907 3923213397628620528 3916563010868849664
7252296599942288725 3922635275439702015 3916630475936541354
7252296599942288725 4609434218613702656 0
7253047199880183807 7253047199880183808 7253047199880183807
7253047199880183808 7253047199880183808 0
7253047199880183809 7253047199880183808 7016608219443232768
7257550799507554303 7257550799507554304 7257550799507554303
7257550799507554304 7257550799507554304 0
7257550799507554305 7257550799507554304 7021111819070603264
7259802599321239551 4246894448610377728 0
7259802599321239551 4609434218613702656 4607182418800017408
7259802599321239552 4575657221408423937 4449556431842050048
7259802599321239552 4609434218613702656 4602678819172646912
7262054399134924799 7262054399134924800 7262054399134924799
7262054399134924800 7262054399134924800 0
7262054399134924801 7262054399134924800 7025615418697973760
7264306198948610049 4609434218613702656 4602678819172646912
7264306198948610049 4905921194082260309 4842495499330125824
7266557998762295295 7266557998762295296 7266557998762295295
7266557998762295296 7266557998762295296 0
7266557998762295297 7266557998762295296 7030119018325344256
7270310998451770709 4609434218613702656 0
7270310998451770709 5237686366631886847 5234683966969785002
7271061598389665791 7271061598389665792 7271061598389665791
7271061598389665792 7271061598389665792 0
7271061598389665793 7271061598389665792 7034622617952714752
7275565198017036287 7275565198017036288 7275565198017036287
7275565198017036288 7275565198017036288 0
7275565198017036289 7275565198017036288 7039126217580085248
7277816997830721535 4609434218613702656 4607182418800017408
7277816997830721535 5561945539802562560 0
7277816997830721536 4609434218613702656 4602678819172646912
7277816997830721536 5890708312600608769 5872693914091126784
7280068797644406783 7280068797644406784 7280068797644406783
7280068797644406784 7280068797644406784 0
7280068797644406785 7280068797644406784 7043629817207455744
7282320597458092033 4609434218613702656 4602678819172646912
7282320597458092033 6220972285274445141 6076481797229641728
7284572397271777279 7284572397271777280 7284572397271777279
7284572397271777280 7284572397271777280 0
7284572397271777281 7284572397271777280 7048133416834826240
7288325396961252693 4609434218613702656 0
7288325396961252693 6552737457824071679 6545231458445120874
7289075996899147775 7289075996899147776 7289075996899147775
7289075996899147776 7289075996899147776 0
7289075996899147777 7289075996899147776 7052637016462196736
7293579596526518271 7293579596526518272 7293579596526518271
7293579596526518272 7293579596526518272 0
7293579596526518273 7293579596526518272 7057140616089567232
7295831396340203519 4609434218613702656 4607182418800017408
7295831396340203519 6876996630994747392 0
7295831396340203520 4609434218613702656 4602678819172646912
7295831396340203520 7205759403792793601 7205759403790696450
7298083196153888767 7298083196153888768 7298083196153888767
7298083196153888768 7298083196153888768 0
7298083196153888769 7298083196153888768 7061644215716937728
7300334995967574017 4609434218613702656 4602678819172646912
7300334995967574017 7536023376466629973 7300334995967574017
7302586795781259263 7302586795781259264 7302586795781259263
7302586795781259264 7302586795781259264 0
7302586795781259265 7302586795781259264 7066147815344308224
7306339795470734677 4609434218613702656 0
7306339795470734677 7867788549016256511 7306339795470734677
7307090395408629759 7307090395408629760 7307090395408629759
7307090395408629760 7307090395408629760 0
7307090395408629761 7307090395408629760 7070651414971678720
7311593995036000255 7311593995036000256 7311593995036000255
7311593995036000256 7311593995036000256 0
7311593995036000257 7311593995036000256 7075155014599049216
7313845794849685503 4609434218613702656 4607182418800017408
7313845794849685503 8192047722186932224 7313845794849685503
7313845794849685504 4609434218613702656 4602678819172646912
7313845794849685504 8520810494984978433 7313845794849685504
7314226166083368091 8626360423077362187 7314226166083368091
7316097594663370751 7316097594663370752 7316097594663370751
7316097594663370752 7316097594663370752 0
7316097594663370753 7316097594663370752 7079658614226419712
7318349394477056001 4609434218613702656 4602678819172646912
7318349394477056001 8851074467658814805 7318349394477056001
7320601194290741247 7320601194290741248 7320601194290741247
7320601194290741248 7320601194290741248 0
7320601194290741249 7320601194290741248 7084162213853790208
7321307659142677268 4432415353840788363 4431868860375514841
7324354193980216661 4609434218613702656 0
7324354193980216661 9182839640208441343 7324354193980216661
7325104793918111743 7325104793918111744 7325104793918111743
7325104793918111744 7325104793918111744 0
7325104793918111745 7325104793918111744 7088665813481160704
7329608393545482239 7329608393545482240 7329608393545482239
7329608393545482240 7329608393545482240 0
7329608393545482241 7329608393545482240 7093169413108531200
7331860193359167487 288230376151711744 0
7331860193359167487 4609434218613702656 4607182418800017408
7331860193359167488 616993148949757953 616993080230281218
7331860193359167488 4609434218613702656 4602678819172646912
7334111993172852735 7334111993172852736 7334111993172852735
7334111993172852736 7334111993172852736 0
7334111993172852737 7334111993172852736 7097673012735901696
7334255738502617523 1824602277615309840 1823984429696432976
7336363792986537985 947257121623594325 780248635441938432
7336363792986537985 4609434218613702656 4602678819172646912
7337295913966969800 7676019678011593581 7337295913966969800
7338615592800223231 7338615592800223232 7338615592800223231
7338615592800223232 7338615592800223232 0
7338615592800223233 7338615592800223232 7102176612363272192
7342368592489698645 1279022294173220863 1276019894423038634
7342368592489698645 4609434218613702656 0
7343119192427593727 7343119192427593728 7343119192427593727
7343119192427593728 7343119192427593728 0
7343119192427593729 7343119192427593728 7106680211990642688
7347622792054964223 7347622792054964224 7347622792054964223
7347622792054964224 7347622792054964224 0
7347622792054964225 7347622792054964224 7111183811618013184
7349874591868649471 1603281467343896576 0
7349874591868649471 4609434218613702656 4607182418800017408
7349874591868649472 1932044240141942785 1729382256910270464
7349874591868649472 4609434218613702656 4602678819172646912
7352126391682334719 7352126391682334720 7352126391682334719
7352126391682334720 7352126391682334720 0
7352126391682334721 7352126391682334720 7115687411245383680
7354378191496019969 2262308212815779157 2257429313219461120
7354378191496019969 4609434218613702656 4602678819172646912
7356629991309705215 7356629991309705216 7356629991309705215
7356629991309705216 7356629991309705216 0
7356629991309705217 7356629991309705216 7120191010872754176
7360382990999180629 2594073385365405695 2592572185489615530
7360382990999180629 4609434218613702656 0
7361133590937075711 7361133590937075712 7361133590937075711
7361133590937075712 7361133590937075712 0
7361133590937075713 7361133590937075712 7124694610500124672
7365637190564446207 7365637190564446208 7365637190564446207
7365637190564446208 7365637190564446208 0
7365637190564446209 7365637190564446208 7129198210127495168
7367888990378131455 2918332558536081408 0
7367888990378131455 4609434218613702656 4607182418800017408
7367888990378131456 3247095331334127617 3152519739159347200
7367888990378131456 4609434218613702656 4602678819172646912
7369505955484056745 9033350355718654268 7369505955484056745
7370140790191816703 7370140790191816704 7370140790191816703
7370140790191816704 7370140790191816704 0
7370140790191816705 7370140790191816704 7133701809754865664
7372392590005501953 3577359304007963989 3491415611118977024
7372392590005501953 4609434218613702656 4602678819172646912
7374644389819187199 7374644389819187200 7374644389819187199
7374644389819187200 7374644389819187200 0
7374644389819187201 7374644389819187200 7138205409382236160
7378397389508662613 3909124476557590527 3901618477536553642
7378397389508662613 4609434218613702656 0
7379147989446557695 7379147989446557696 7379147989446557695
7379147989446557696 7379147989446557696 0
7379147989446557697 7379147989446557696 7142709009009606656
7383651589073928191 7383651589073928192 7383651589073928191
7383651589073928192 7383651589073928192 0
7383651589073928193 7383651589073928192 7147212608636977152
7385652964156203597 7928368321049561591 7385652964156203597
7385903388887613439 4233383649728266240 0
7385903388887613439 4609434218613702656 4607182418800017408
7385903388887613440 4562146422526312449 4562146422526312434
7385903388887613440 4609434218613702656 4602678819172646912
7388155188701298687 7388155188701298688 7388155188701298687
7388155188701298688 7388155188701298688 0
7388155188701298689 7388155188701298688 7151716208264347648
7388628442340406050 8086282714847424589 7388628442340406050
7390406988514983937 4609434218613702656 4602678819172646912
7390406988514983937 4892410395200148821 4725401909018492928
7392658788328669183 7392658788328669184 7392658788328669183
7392658788328669184 7392658788328669184 0
7392658788328669185 7392658788328669184 7156219807891718144
7396411788018144597 4609434218613702656 0
7396411788018144597 5224175567749775359 5221173167998195050
7397162387956039679 7397162387956039680 7397162387956039679
7397162387956039680 7397162387956039680 0
7397162387956039681 7397162387956039680 7160723407519088640
7401665987583410175 7401665987583410176 7401665987583410175
7401665987583410176 7401665987583410176 0
7401665987583410177 7401665987583410176 7165227007146459136
7402193635195187816 4648476128048318241 4640413998033789192
7403917787397095423 4609434218613702656 4607182418800017408
7403917787397095423 5548434740920451072 0
7403917787397095424 4609434218613702656 4602678819172646912
7403917787397095424 5877197513718497281 5877197513450061826
7406169587210780671 7406169587210780672 7406169587210780671
7406169587210780672 7406169587210780672 0
7406169587210780673 7406169587210780672 7169730606773829632
7408421387024465921 4609434218613702656 4602678819172646912
7408421387024465921 6207461486392333653 6202582586796015616
7410673186838151167 7410673186838151168 7410673186838151167
7410673186838151168 7410673186838151168 0
7410673186838151169 7410673186838151168 7174234206401200128
7413612326162274471 4954686092831728696 4948642231538613472
7414426186527626581 4609434218613702656 0
7414426186527626581 6539226658941960191 6536224282096872106
7415176786465521663 7415176786465521664 7415176786465521663
7415176786465521664 7415176786465521664 0
7415176786465521665 7415176786465521664 7178737806028570624
7418979760124178025 6464195295861972180 6459078555494880984
7419680386092892159 7419680386092892160 7419680386092892159
7419680386092892160 7419680386092892160 0
7419680386092892161 7419680386092892160 7183241405655941120
7421932185906577407 4609434218613702656 4607182418800017408
7421932185906577407 6863485832112635904 0
7421932185906577408 4609434218613702656 4602678819172646912
7421932185906577408 7192248604910682113 7187745005283311618
7424183985720262655 7424183985720262656 7424183985720262655
7424183985720262656 7424183985720262656 0
7424183985720262657 7424183985720262656 7187745005283311616
7426435785533947905 4609434218613702656 4602678819172646912
7426435785533947905 7522512577584518485 7426435785533947905
7428687585347633151 7428687585347633152 7428687585347633151
7428687585347633152 7428687585347633152 0
7428687585347633153 7428687585347633152 7192248604910682112
7429692447899463291 7985113878078109684 7429692447899463291
7432440585037108565 4609434218613702656 0
7432440585037108565 7854277750134145023 7432440585037108565
7433191184975003647 7433191184975003648 7433191184975003647
7433191184975003648 7433191184975003648 0
7433191184975003649 7433191184975003648 7196752204538052608
7437694784602374143 7437694784602374144 7437694784602374143
7437694784602374144 7437694784602374144 0
7437694784602374145 7437694784602374144 7201255804165423104
7439946584416059391 4609434218613702656 4607182418800017408
7439946584416059391 8178536923304820736 7439946584416059391
7439946584416059392 4609434218613702656 4602678819172646912
7439946584416059392 8507299696102866945 7439946584416059392
7442198384229744639 7442198384229744640 7442198384229744639
7442198384229744640 7442198384229744640 0
7442198384229744641 7442198384229744640 7205759403792793600
7444450184043429889 4609434218613702656 4602678819172646912
7444450184043429889 8837563668776703317 7444450184043429889
7446701983857115135 7446701983857115136 7446701983857115135
7446701983857115136 7446701983857115136 0
7446701983857115137 7446701983857115136 7210263003420164096
7450454983546590549 4609434218613702656 0
7450454983546590549 9169328841326329855 7450454983546590549
7451205583484485631 7451205583484485632 7451205583484485631
7451205583484485632 7451205583484485632 0
7451205583484485633 7451205583484485632 7214766603047534592
7455709183111856127 7455709183111856128 7455709183111856127
7455709183111856128 7455709183111856128 0
7455709183111856129 7455709183111856128 7219270202674905088
7457960982925541375 274719577269600256 0
7457960982925541375 4609434218613702656 4607182418800017408
7457960982925541376 603482350067646465 432345564227567616
7457960982925541376 4609434218613702656 4602678819172646912
7460212782739226623 7460212782739226624 7460212782739226623
7460212782739226624 7460212782739226624 0
7460212782739226625 7460212782739226624 7223773802302275584
7462464582552911873 933746322741482837 906349425008312320
7462464582552911873 4609434218613702656 4602678819172646912
7464716382366597119 7464716382366597120 7464716382366597119
7464716382366597120 7464716382366597120 0
7464716382366597121 7464716382366597120 7228277401929646080
7468469382056072533 1265511495291109375 1262509095539529045
7468469382056072533 4609434218613702656 0
7469219981993967615 7469219981993967616 7469219981993967615
7469219981993967616 7469219981993967616 0
7469219981993967617 7469219981993967616 7232781001557016576
7473723581621338111 7473723581621338112 7473723581621338111
7473723581621338112 7473723581621338112 0
7473723581621338113 7473723581621338112 7237284601184387072
7475975381435023359 1589770668461785088 0
7475975381435023359 4609434218613702656 4607182418800017408
7475975381435023360 1918533441259831297 1855483046476644352
7475975381435023360 4609434218613702656 4602678819172646912
7478227181248708607 7478227181248708608 7478227181248708607
7478227181248708608 7478227181248708608 0
7478227181248708609 7478227181248708608 7241788200811757568
7480478981062393857 2248797413933667669 2140335722907828224
7480478981062393857 4609434218613702656 4602678819172646912
7482730780876079103 7482730780876079104 7482730780876079103
7482730780876079104 7482730780876079104 0
7482730780876079105 7482730780876079104 7246291800439128064
7486483780565554517 2580562586483294207 2577560187089627818
7486483780565554517 4609434218613702656 0
7487234380503449599 7487234380503449600 7487234380503449599
7487234380503449600 7487234380503449600 0
7487234380503449601 7487234380503449600 7250795400066498560
7491737980130820095 7491737980130820096 7491737980130820095
7491737980130820096 7491737980130820096 0
7491737980130820097 7491737980130820096 7255298999693869056
7493348228585799428 3909365600095470069 3904623423213579814
7493989779944505343 2904821759653969920 0
7493989779944505343 4609434218613702656 4607182418800017408
7493989779944505344 3233584532452016129 3233584532452014082
7493989779944505344 4609434218613702656 4602678819172646912
7495039425005145716 3247747030077160413 3242895409398544932
7496241579758190591 7496241579758190592 7496241579758190591
7496241579758190592 7496241579758190592 0
7496241579758190593 7496241579758190592 7259802599321239552
7498493379571875841 3563848505125852501 3374322020807344128
7498493379571875841 4609434218613702656 4602678819172646912
7500745179385561087 7500745179385561088 7500745179385561087
7500745179385561088 7500745179385561088 0
7500745179385561089 7500745179385561088 7264306198948610048
7504498179075036501 3895613677675479039 3888107678296528298
7504498179075036501 4609434218613702656 0
7505248779012931583 7505248779012931584 7505248779012931583
7505248779012931584 7505248779012931584 0
7505248779012931585 7505248779012931584 7268809798575980544
7509752378640302079 7509752378640302080 7509752378640302079
7509752378640302080 7509752378640302080 0
7509752378640302081 7509752378640302080 7273313398203351040
7512004178453987327 4219872850846154752 0
7512004178453987327 4609434218613702656 4607182418800017408
7512004178453987328 4548635623644200961 4548635589284462594
7512004178453987328 4609434218613702656 4602678819172646912
7512273166654926633 346184728552013251 344184937531116311
7514255978267672575 7514255978267672576 7514255978267672575
7514255978267672576 7514255978267672576 0
7514255978267672577 7514255978267672576 7277816997830721536
7516507778081357825 4609434218613702656 4602678819172646912
7516507778081357825 4878899596318037333 4851502698584866816
7518759577895043071 7518759577895043072 7518759577895043071
7518759577895043072 7518759577895043072 0
7518759577895043073 7518759577895043072 7282320597458092032
7522512577584518485 4609434218613702656 0
7522512577584518485 5210664768867663871 5203158861114682026
7523263177522413567 7523263177522413568 7523263177522413567
7523263177522413568 7523263177522413568 0
7523263177522413569 7523263177522413568 7286824197085462528
7527766777149784063 7527766777149784064 7527766777149784063
7527766777149784064 7527766777149784064 0
7527766777149784065 7527766777149784064 7291327796712833024
7530018576963469311 4609434218613702656 4607182418800017408
7530018576963469311 5534923942038339584 0
7530018576963469312 4609434218613702656 4602678819172646912
7530018576963469312 5863686714836385793 5656521131977342976
7532270376777154559 7532270376777154560 7532270376777154559
7532270376777154560 7532270376777154560 0
7532270376777154561 7532270376777154560 7295831396340203520
7534522176590839809 4609434218613702656 4602678819172646912
7534522176590839809 6193950687510222165 6085488996484382720
7536773976404525055 7536773976404525056 7536773976404525055
7536773976404525056 7536773976404525056 0
7536773976404525057 7536773976404525056 7300334995967574016
7540526976094000469 4609434218613702656 0
7540526976094000469 6525715860059848703 6522713460308273834
7541277576031895551 7541277576031895552 7541277576031895551
7541277576031895552 7541277576031895552 0
7541277576031895553 7541277576031895552 7304838595594944512
7545781175659266047 7545781175659266048 7545781175659266047
7545781175659266048 7545781175659266048 0
7545781175659266049 7545781175659266048 7309342195222315008
7546623512819786346 6343418869253073473 6342010287794830099
7548032975472951295 4609434218613702656 4607182418800017408
7548032975472951295 6849975033230524416 0
7548032975472951296 4609434218613702656 4602678819172646912
7548032975472951296 7178737806028570625 7079658614226419712
7550284775286636543 7550284775286636544 7550284775286636543
7550284775286636544 7550284775286636544 0
7550284775286636545 7550284775286636544 7313845794849685504
7552536575100321793 4609434218613702656 4602678819172646912
7552536575100321793 7509001778702406997 7319475294383898624
7554788374914007039 7554788374914007040 7554788374914007039
7554788374914007040 7554788374914007040 0
7554788374914007041 7554788374914007040 7318349394477056000
7556811976795848130 540770757614643410 538643483711879952
7558541374603482453 4609434218613702656 0
7558541374603482453 7840766951252033535 7558541374603482453
7559291974541377535 7559291974541377536 7559291974541377535
7559291974541377536 7559291974541377536 0
7559291974541377537 7559291974541377536 7322852994104426496
7563795574168748031 7563795574168748032 7563795574168748031
7563795574168748032 7563795574168748032 0
7563795574168748033 7563795574168748032 7327356593731796992
7566047373982433279 4609434218613702656 4607182418800017408
7566047373982433279 8165026124422709248 7566047373982433279
7566047373982433280 4609434218613702656 4602678819172646912
7566047373982433280 8493788897220755457 7566047373982433280
7568299173796118527 7568299173796118528 7568299173796118527
7568299173796118528 7568299173796118528 0
7568299173796118529 7568299173796118528 7331860193359167488
7570550973609803777 4609434218613702656 4602678819172646912
7570550973609803777 8824052869894591829 7570550973609803777
7572802773423489023 7572802773423489024 7572802773423489023
7572802773423489024 7572802773423489024 0
7572802773423489025 7572802773423489024 7336363792986537984
7576555773112964437 4609434218613702656 0
7576555773112964437 9155818042444218367 7576555773112964437
7577306373050859519 7577306373050859520 7577306373050859519
7577306373050859520 7577306373050859520 0
7577306373050859521 7577306373050859520 7340867392613908480
7581809972678230015 7581809972678230016 7581809972678230015
7581809972678230016 7581809972678230016 0
7581809972678230017 7581809972678230016 7345370992241278976
7584061772491915263 261208778387488768 0
7584061772491915263 4609434218613702656 4607182418800017408
7584061772491915264 589971551185534977 558446353793941504
7584061772491915264 4609434218613702656 4602678819172646912
7586313572305600511 7586313572305600512 7586313572305600511
7586313572305600512 7586313572305600512 0
7586313572305600513 7586313572305600512 7349874591868649472
7588565372119285761 920235523859371349 789255834696679424
7588565372119285761 4609434218613702656 4602678819172646912
7589044581693258143 2159487879867106383 2139231681929616960
7589955439690614565 4156753059620857025 4155478662036732542
7590817171932971007 7590817171932971008 7590817171932971007
7590817171932971008 7590817171932971008 0
7590817171932971009 7590817171932971008 7354378191496019968
7594570171622446421 1252000696408997887 1244494698461702826
7594570171622446421 4609434218613702656 0
7595320771560341503 7595320771560341504 7595320771560341503
7595320771560341504 7595320771560341504 0
7595320771560341505 7595320771560341504 7358881791123390464
7597568542549427525 1674826972666210505 1666391068929511054
7599824371187711999 7599824371187712000 7599824371187711999
7599824371187712000 7599824371187712000 0
7599824371187712001 7599824371187712000 7363385390750760960
7602076171001397247 1576259869579673600 0
7602076171001397247 4609434218613702656 4607182418800017408
7602076171001397248 1905022642377719809 1905022642377457666
7602076171001397248 4609434218613702656 4602678819172646912
7604327970815082495 7604327970815082496 7604327970815082495
7604327970815082496 7604327970815082496 0
7604327970815082497 7604327970815082496 7367888990378131456
7606579770628767745 2235286615051556181 2023242132596195328
7606579770628767745 4609434218613702656 4602678819172646912
7608831570442452991 7608831570442452992 7608831570442452991
7608831570442452992 7608831570442452992 0
7608831570442452993 7608831570442452992 7372392590005501952
7612584570131928405 2567051787601182719 2564049387849602474
7612584570131928405 4609434218613702656 0
7613335170069823487 7613335170069823488 7613335170069823487
7613335170069823488 7613335170069823488 0
7613335170069823489 7613335170069823488 7376896189632872448
7617838769697193983 7617838769697193984 7617838769697193983
7617838769697193984 7617838769697193984 0
7617838769697193985 7617838769697193984 7381399789260242944
7618714796744963543 2122007819525864789 2115828093627008572
7620090569510879231 2891310960771858432 0
7620090569510879231 4609434218613702656 4607182418800017408
7620090569510879232 3220073733569904641 3220069335523393538
7620090569510879232 4609434218613702656 4602678819172646912
7622342369324564479 7622342369324564480 7622342369324564479
7622342369324564480 7622342369324564480 0
7622342369324564481 7622342369324564480 7385903388887613440
7624594169138249729 3550337706243741013 3500422810373718016
7624594169138249729 4609434218613702656 4602678819172646912
7626672639584621691 3229855238546275927 3225616823649456452
7626786186579970157 8878273373563567441 7626786186579970157
7626845968951934975 7626845968951934976 7626845968951934975
7626845968951934976 7626845968951934976 0
7626845968951934977 7626845968951934976 7390406988514983936
7629997218857609563 4775290572038010849 4766125318593352012
7630598968641410389 3882102878793367551 3879100570667756202
7630598968641410389 4609434218613702656 0
7631349568579305471 7631349568579305472 7631349568579305471
7631349568579305472 7631349568579305472 0
7631349568579305473 7631349568579305472 7394910588142354432
7635853168206675967 7635853168206675968 7635853168206675967
7635853168206675968 7635853168206675968 0
7635853168206675969 7635853168206675968 7399414187769724928
7638104968020361215 4206362051964043264 0
7638104968020361215 4609434218613702656 4607182418800017408
7638104968020361216 4535124824762089473 4359484439294640128
7638104968020361216 4609434218613702656 4602678819172646912
7640356767834046463 7640356767834046464 7640356767834046463
7640356767834046464 7640356767834046464 0
7640356767834046465 7640356767834046464 7403917787397095424
7642608567647731713 4609434218613702656 4602678819172646912
7642608567647731713 4865388797435925845 4734409108273233920
7644860367461416959 7644860367461416960 7644860367461416959
7644860367461416960 7644860367461416960 0
7644860367461416961 7644860367461416960 7408421387024465920
7648613367150892373 4609434218613702656 0
7648613367150892373 5197153969985552383 5189647970606623402
7649363967088787455 7649363967088787456 7649363967088787455
7649363967088787456 7649363967088787456 0
7649363967088787457 7649363967088787456 7412924986651836416
7653867566716157951 7653867566716157952 7653867566716157951
7653867566716157952 7653867566716157952 0
7653867566716157953 7653867566716157952 7417428586279206912
7656119366529843199 4609434218613702656 4607182418800017408
7656119366529843199 5521413143156228096 0
7656119366529843200 4609434218613702656 4602678819172646912
7656119366529843200 5850175915954274305 5782621921543716864
7658371166343528447 7658371166343528448 7658371166343528447
7658371166343528448 7658371166343528448 0
7658371166343528449 7658371166343528448 7421932185906577408
7660622966157213697 4609434218613702656 4602678819172646912
7660622966157213697 6180439888628110677 5968395406172749824
7662874765970898943 7662874765970898944 7662874765970898943
7662874765970898944 7662874765970898944 0
7662874765970898945 7662874765970898944 7426435785533947904
7666627765660374357 4609434218613702656 0
7666627765660374357 6512205061177737215 6504722518046845610
7667378365598269439 7667378365598269440 7667378365598269439
7667378365598269440 7667378365598269440 0
7667378365598269441 7667378365598269440 7430939385161318400
7670940134855798526 5469694892277077538 5460301851229606368
7671881965225639935 7671881965225639936 7671881965225639935
7671881965225639936 7671881965225639936 0
7671881965225639937 7671881965225639936 7435442984788688896
7674133765039325183 4609434218613702656 4607182418800017408
7674133765039325183 6836464234348412928 0
7674133765039325184 4609434218613702656 4602678819172646912
7674133765039325184 7165227007146459137 7165227007146458114
7676385564853010431 7676385564853010432 7676385564853010431
7676385564853010432 7676385564853010432 0
7676385564853010433 7676385564853010432 7439946584416059392
7678637364666695681 4609434218613702656 4602678819172646912
7678637364666695681 7495490979820295509 7445576083950272512
7680889164480380927 7680889164480380928 7680889164480380927
7680889164480380928 7680889164480380928 0
7680889164480380929 7680889164480380928 7444450184043429888
7684642164169856341 4609434218613702656 0
7684642164169856341 7827256152369922047 7684642164169856341
7685392764107751423 7685392764107751424 7685392764107751423
7685392764107751424 7685392764107751424 0
7685392764107751425 7685392764107751424 7448953783670800384
7689896363735121919 7689896363735121920 7689896363735121919
7689896363735121920 7689896363735121920 0
7689896363735121921 7689896363735121920 7453457383298170880
7692148163548807167 4609434218613702656 4607182418800017408
7692148163548807167 8151515325540597760 7692148163548807167
7692148163548807168 4609434218613702656 4602678819172646912
7692148163548807168 8480278098338643969 7692148163548807168
7694399963362492415 7694399963362492416 7694399963362492415
7694399963362492416 7694399963362492416 0
7694399963362492417 7694399963362492416 7457960982925541376
7696651763176177665 4609434218613702656 4602678819172646912
7696651763176177665 8810542071012480341 7696651763176177665
7698903562989862911 7698903562989862912 7698903562989862911
7698903562989862912 7698903562989862912 0
7698903562989862913 7698903562989862912 7462464582552911872
7700116105261362124 4617778407322057278 4607771036660499352
7702656562679338325 4609434218613702656 0
7702656562679338325 9142307243562106879 7702656562679338325
7703407162617233407 7703407162617233408 7703407162617233407
7703407162617233408 7703407162617233408 0
7703407162617233409 7703407162617233408 7466968182180282368
7707910762244603903 7707910762244603904 7707910762244603903
7707910762244603904 7707910762244603904 0
7707910762244603905 7707910762244603904 7471471781807652864
7710162562058289151 247697979505377280 0
7710162562058289151 4609434218613702656 4607182418800017408
7710162562058289152 576460752303423489 576460752269869058
7710162562058289152 4609434218613702656 4602678819172646912
7712414361871974399 7712414361871974400 7712414361871974399
7712414361871974400 7712414361871974400 0
7712414361871974401 7712414361871974400 7475975381435023360
7714666161685659649 906724724977259861 905223525101469697
7714666161685659649 4609434218613702656 4602678819172646912
7716917961499344895 7716917961499344896 7716917961499344895
7716917961499344896 7716917961499344896 0
7716917961499344897 7716917961499344896 7480478981062393856
7717275829325342672 6556849818611768854 6553620667648588774
7720670961188820309 1238489897526886399 1230983898147935914
7720670961188820309 4609434218613702656 0
7721421561126715391 7721421561126715392 7721421561126715391
7721421561126715392 7721421561126715392 0
7721421561126715393 7721421561126715392 7484982580689764352
7725925160754085887 7725925160754085888 7725925160754085887
7725925160754085888 7725925160754085888 0
7725925160754085889 7725925160754085888 7489486180317134848
7728176960567771135 1562749070697562112 0
7728176960567771135 4609434218613702656 4607182418800017408
7728176960567771136 1891511843495608321 1890948893542187010
7728176960567771136 4609434218613702656 4602678819172646912
7730172578626198640 8746984331382076690 7730172578626198640
7730428760381456383 7730428760381456384 7730428760381456383
7730428760381456384 7730428760381456384 0
7730428760381456385 7730428760381456384 7493989779944505344
7732680560195141633 2221775816169444693 2149342922162569216
7732680560195141633 4609434218613702656 4602678819172646912
7734932360008826879 7734932360008826880 7734932360008826879
7734932360008826880 7734932360008826880 0
7734932360008826881 7734932360008826880 7498493379571875840
7738685359698302293 2553540988719071231 2546035355843996330
7738685359698302293 4609434218613702656 0
7738866990552340217 5649464922168327337 5648586440913163442
7739435959636197375 7739435959636197376 7739435959636197375
7739435959636197376 7739435959636197376 0
7739435959636197377 7739435959636197376 7502996979199246336
7742624486321598275 8911063900373961320 7742624486321598275
7743939559263567871 7743939559263567872 7743939559263567871
7743939559263567872 7743939559263567872 0
7743939559263567873 7743939559263567872 7507500578826616832
7746191359077253119 2877800161889746944 0
7746191359077253119 4609434218613702656 4607182418800017408
7746191359077253120 3206562934687793153 3062447746611937280
7746191359077253120 4609434218613702656 4602678819172646912
7748443158890938367 7748443158890938368 7748443158890938367
7748443158890938368 7748443158890938368 0
7748443158890938369 7748443158890938368 7512004178453987328
7750694958704623617 3536826907361629525 3383329220062085120
7750694958704623617 4609434218613702656 4602678819172646912
7752946758518308863 7752946758518308864 7752946758518308863
7752946758518308864 7752946758518308864 0
7752946758518308865 7752946758518308864 7516507778081357824
7756699758207784277 3868592079911256063 3865589680159697578
7756699758207784277 4609434218613702656 0
7757363221281538277 2844741774367610054 2844711789555921916
7757450358145679359 7757450358145679360 7757450358145679359
7757450358145679360 7757450358145679360 0
7757450358145679361 7757450358145679360 7521011377708728320
7761953957773049855 7761953957773049856 7761953957773049855
7761953957773049856 7761953957773049856 0
7761953957773049857 7761953957773049856 7525514977336098816
7764205757586735103 4192851253081931776 0
7764205757586735103 4609434218613702656 4607182418800017408
7764205757586735104 4521614025879977985 4485585228861014016
7764205757586735104 4609434218613702656 4602678819172646912
7766457557400420351 7766457557400420352 7766457557400420351
7766457557400420352 7766457557400420352 0
7766457557400420353 7766457557400420352 7530018576963469312
7766482191184682899 6426065197689846115 6410239386171884624
7768709357214105601 4609434218613702656 4602678819172646912
7768709357214105601 4851877998553814357 4850376798678024193
7770961157027790847 7770961157027790848 7770961157027790847
7770961157027790848 7770961157027790848 0
7770961157027790849 7770961157027790848 7534522176590839808
7774714156717266261 4609434218613702656 0
7774714156717266261 5183643171103440895 5180664227599919786
7775464756655161343 7775464756655161344 7775464756655161343
7775464756655161344 7775464756655161344 0
7775464756655161345 7775464756655161344 7539025776218210304
7779968356282531839 7779968356282531840 7779968356282531839
7779968356282531840 7779968356282531840 0
7779968356282531841 7779968356282531840 7543529375845580800
7782220156096217087 4609434218613702656 4607182418800017408
7782220156096217087 5507902344274116608 0
7782220156096217088 4609434218613702656 4602678819172646912
7782220156096217088 5836665117072162817 5836665117072031746
7784471955909902335 7784471955909902336 7784471955909902335
7784471955909902336 7784471955909902336 0
7784471955909902337 7784471955909902336 7548032975472951296
7786723755723587585 4609434218613702656 4602678819172646912
7786723755723587585 6166929089745999189 6094496195739123712
7788975555537272831 7788975555537272832 7788975555537272831
7788975555537272832 7788975555537272832 0
7788975555537272833 7788975555537272832 7552536575100321792
7790839227149294954 4178419039476717845 4175217395402866018
7792728555226748245 4609434218613702656 0
7792728555226748245 6498694262295625727 6491188262922267306
7793479155164643327 7793479155164643328 7793479155164643327
7793479155164643328 7793479155164643328 0
7793479155164643329 7793479155164643328 7557040174727692288
7794895737267961058 4476274149227193717 4475536218853627440
7797982754792013823 7797982754792013824 7797982754792013823
7797982754792013824 7797982754792013824 0
7797982754792013825 7797982754792013824 7561543774355062784
7800234554605699071 4609434218613702656 4607182418800017408
7800234554605699071 6822953435466301440 0
7800234554605699072 4609434218613702656 4602678819172646912
7800234554605699072 7151716208264347649 7151714009241092098
7802486354419384319 7802486354419384320 7802486354419384319
7802486354419384320 7802486354419384320 0
7802486354419384321 7802486354419384320 7566047373982433280
7804738154233069569 4609434218613702656 4602678819172646912
7804738154233069569 7481980180938184021 7328482493638639616
7806989954046754815 7806989954046754816 7806989954046754815
7806989954046754816 7806989954046754816 0
7806989954046754817 7806989954046754816 7570550973609803776
7810742953736230229 4609434218613702656 0
7810742953736230229 7813745353487810559 7810742953736230229
7811493553674125311 7811493553674125312 7811493553674125311
7811493553674125312 7811493553674125312 0
7811493553674125313 7811493553674125312 7575054573237174272
7815997153301495807 7815997153301495808 7815997153301495807
7815997153301495808 7815997153301495808 0
7815997153301495809 7815997153301495808 7579558172864544768
7818248953115181055 4609434218613702656 4607182418800017408
7818248953115181055 8138004526658486272 7818248953115181055
7818248953115181056 4609434218613702656 4602678819172646912
7818248953115181056 8466767299456532481 7818248953115181056
7820500752928866303 7820500752928866304 7820500752928866303
7820500752928866304 7820500752928866304 0
7820500752928866305 7820500752928866304 7584061772491915264
7822752552742551553 4609434218613702656 4602678819172646912
7822752552742551553 8797031272130368853 7822752552742551553
7825004352556236799 7825004352556236800 7825004352556236799
7825004352556236800 7825004352556236800 0
7825004352556236801 7825004352556236800 7588565372119285760
7828757352245712213 4609434218613702656 0
7828757352245712213 9128796444679995391 7828757352245712213
7829507952183607295 7829507952183607296 7829507952183607295
7829507952183607296 7829507952183607296 0
7829507952183607297 7829507952183607296 7593068971746656256
7834011551810977791 7834011551810977792 7834011551810977791
7834011551810977792 7834011551810977792 0
7834011551810977793 7834011551810977792 7597572571374026752
7836187318805074686 3332498160304679642 3330983495992991886
7836263351624663039 234187180623265792 0
7836263351624663039 4609434218613702656 4607182418800017408
7836263351624663040 562949953421312001 342273571680157696
7836263351624663040 4609434218613702656 4602678819172646912
7838515151438348287 7838515151438348288 7838515151438348287
7838515151438348288 7838515151438348288 0
7838515151438348289 7838515151438348288 7602076171001397248
7840766951252033537 893213926095148373 798263033951420416
7840766951252033537 4609434218613702656 4602678819172646912
7843018751065718783 7843018751065718784 7843018751065718783
7843018751065718784 7843018751065718784 0
7843018751065718785 7843018751065718784 7606579770628767744
7846771750755194197 1224979098644774911 1221977065397070506
7846771750755194197 4609434218613702656 0
7847522350693089279 7847522350693089280 7847522350693089279
7847522350693089280 7847522350693089280 0
7847522350693089281 7847522350693089280 7611083370256138240
7852025950320459775 7852025950320459776 7852025950320459775
7852025950320459776 7852025950320459776 0
7852025950320459777 7852025950320459776 7615586969883508736
7854277750134145023 1549238271815450624 0
7854277750134145023 4609434218613702656 4607182418800017408
7854277750134145024 1878001044613496833 1765411053929234432
7854277750134145024 4609434218613702656 4602678819172646912
7856529549947830271 7856529549947830272 7856529549947830271
7856529549947830272 7856529549947830272 0
7856529549947830273 7856529549947830272 7620090569510879232
7858781349761515521 2208265017287333205 2032249331850936320
7858781349761515521 4609434218613702656 4602678819172646912
7861033149575200767 7861033149575200768 7861033149575200767
7861033149575200768 7861033149575200768 0
7861033149575200769 7861033149575200768 7624594169138249728
7864022628862474149 8922586367449627267 7864022628862474149
7864786149264676181 2540030189836959743 2532524190458096298
7864786149264676181 4609434218613702656 0
7865536749202571263 7865536749202571264 7865536749202571263
7865536749202571264 7865536749202571264 0
7865536749202571265 7865536749202571264 7629097768765620224
7870040348829941759 7870040348829941760 7870040348829941759
7870040348829941760 7870040348829941760 0
7870040348829941761 7870040348829941760 7633601368392990720
7872292148643627007 2864289363007635456 0
7872292148643627007 4609434218613702656 4607182418800017408
7872292148643627008 3193052135805681665 3188548536178311168
7872292148643627008 4609434218613702656 4602678819172646912
7874543948457312255 7874543948457312256 7874543948457312255
7874543948457312256 7874543948457312256 0
7874543948457312257 7874543948457312256 7638104968020361216
7876795748270997505 3523316108479518037 3509430009628459008
7876795748270997505 4609434218613702656 4602678819172646912
7877744197599572231 1832562433055125063 1826603918074223468
7879047548084682751 7879047548084682752 7879047548084682751
7879047548084682752 7879047548084682752 0
7879047548084682753 7879047548084682752 7642608567647731712
7882800547774158165 3855081281029144575 3847669106642430634
7882800547774158165 4609434218613702656 0
7883551147712053247 7883551147712053248 7883551147712053247
7883551147712053248 7883551147712053248 0
7883551147712053249 7883551147712053248 7647112167275102208
7888054747339423743 7888054747339423744 7888054747339423743
7888054747339423744 7888054747339423744 0
7888054747339423745 7888054747339423744 7651615766902472704
7890306547153108991 4179340454199820288 0
7890306547153108991 4609434218613702656 4607182418800017408
7890306547153108992 4508103226997866497 4508103226981089282
7890306547153108992 4609434218613702656 4602678819172646912
7892558346966794239 7892558346966794240 7892558346966794239
7892558346966794240 7892558346966794240 0
7892558346966794241 7892558346966794240 7656119366529843200
7894810146780479489 4609434218613702656 4602678819172646912
7894810146780479489 4838367199671702869 4743416307527974912
7897061946594164735 7897061946594164736 7897061946594164735
7897061946594164736 7897061946594164736 0
7897061946594164737 7897061946594164736 7660622966157213696
7900814946283640149 4609434218613702656 0
7900814946283640149 5170132372221329407 5167129972475341482
7901565546221535231 7901565546221535232 7901565546221535231
7901565546221535232 7901565546221535232 0
7901565546221535233 7901565546221535232 7665126565784584192
7906069145848905727 7906069145848905728 7906069145848905727
7906069145848905728 7906069145848905728 0
7906069145848905729 7906069145848905728 7669630165411954688
7908320945662590975 4609434218613702656 4607182418800017408
7908320945662590975 5494391545392005120 0
7908320945662590976 4609434218613702656 4602678819172646912
7908320945662590976 5823154318190051329 5822872843213340674
7910572745476276223 7910572745476276224 7910572745476276223
7910572745476276224 7910572745476276224 0
7910572745476276225 7910572745476276224 7674133765039325184
7912824545289961473 4609434218613702656 4602678819172646912
7912824545289961473 6153418290863887701 5977402605427490816
7915076345103646719 7915076345103646720 7915076345103646719
7915076345103646720 7915076345103646720 0
7915076345103646721 7915076345103646720 7678637364666695680
7917130022980263837 3638942573297719252 3638169347980317680
7918829344793122133 4609434218613702656 0
7918829344793122133 6485183463413514239 6477677464034563414
7919579944731017215 7919579944731017216 7919579944731017215
7919579944731017216 7919579944731017216 0
7919579944731017217 7919579944731017216 7683140964294066176
7924083544358387711 7924083544358387712 7924083544358387711
7924083544358387712 7924083544358387712 0
7924083544358387713 7924083544358387712 7687644563921436672
7926335344172072959 4609434218613702656 4607182418800017408
7926335344172072959 6809442636584189952 0
7926335344172072960 4609434218613702656 4602678819172646912
7926335344172072960 7138205409382236161 6989586621679009792
7928587143985758207 7928587143985758208 7928587143985758207
7928587143985758208 7928587143985758208 0
7928587143985758209 7928587143985758208 7692148163548807168
7930662941133626424 7389923897053807059 7379332468111852772
7930838943799443457 4609434218613702656 4602678819172646912
7930838943799443457 7468469382056072533 7454583283205013504
7933090743613128703 7933090743613128704 7933090743613128703
7933090743613128704 7933090743613128704 0
7933090743613128705 7933090743613128704 7696651763176177664
7936843743302604117 4609434218613702656 0
7936843743302604117 7800234554605699071 7792728556658404010
7937594343240499199 7937594343240499200 7937594343240499199
7937594343240499200 7937594343240499200 0
7937594343240499201 7937594343240499200 7701155362803548160
7942097942867869695 7942097942867869696 7942097942867869695
7942097942867869696 7942097942867869696 0
7942097942867869697 7942097942867869696 7705658962430918656
7944037147382455036 7220900931311267322 7220474694860907486
7944349742681554943 4609434218613702656 4607182418800017408
7944349742681554943 8124493727776374784 7944349742681554943
7944349742681554944 4609434218613702656 4602678819172646912
7944349742681554944 8453256500574420993 7944349742681554944
7946601542495240191 7946601542495240192 7946601542495240191
7946601542495240192 7946601542495240192 0
7946601542495240193 7946601542495240192 7710162562058289152
7948853342308925441 4609434218613702656 4602678819172646912
7948853342308925441 8783520473248257365 7948853342308925441
7951105142122610687 7951105142122610688 7951105142122610687
7951105142122610688 7951105142122610688 0
7951105142122610689 7951105142122610688 7714666161685659648
7954858141812086101 4609434218613702656 0
7954858141812086101 9115285645797883903 7954858141812086101
7955608741749981183 7955608741749981184 7955608741749981183
7955608741749981184 7955608741749981184 0
7955608741749981185 7955608741749981184 7719169761313030144
7960112341377351679 7960112341377351680 7960112341377351679
7960112341377351680 7960112341377351680 0
7960112341377351681 7960112341377351680 7723673360940400640
7962364141191036927 220676381741154304 0
7962364141191036927 4609434218613702656 4607182418800017408
7962364141191036928 549439154539200513 468374361246531584
7962364141191036928 4609434218613702656 4602678819172646912
7964615941004722175 7964615941004722176 7964615941004722175
7964615941004722176 7964615941004722176 0
7964615941004722177 7964615941004722176 7728176960567771136
7966867740818407425 879703127213036885 681169443639787520
7966867740818407425 4609434218613702656 4602678819172646912
7969119540632092671 7969119540632092672 7969119540632092671
7969119540632092672 7969119540632092672 0
7969119540632092673 7969119540632092672 7732680560195141632
7972646623823731211 768045086759895896 765544049753734224
7972872540321568085 1211468299762663423 1208465900011170474
7972872540321568085 4609434218613702656 0
7973623140259463167 7973623140259463168 7973623140259463167
7973623140259463168 7973623140259463168 0
7973623140259463169 7973623140259463168 7737184159822512128
7978126739886833663 7978126739886833664 7978126739886833663
7978126739886833664 7978126739886833664 0
7978126739886833665 7978126739886833664 7741687759449882624
7978370341812513569 6806708252211816550 6803374309620776272
7980378539700518911 1535727472933339136 0
7980378539700518911 4609434218613702656 4607182418800017408
7980378539700518912 1864490245731385345 1864490245731385218
7980378539700518912 4609434218613702656 4602678819172646912
7981665602660328626 2583845124609764881 2574984586461893612
7982630339514204159 7982630339514204160 7982630339514204159
7982630339514204160 7982630339514204160 0
7982630339514204161 7982630339514204160 7746191359077253120
7984882139327889409 2194754218405221717 2158350121417310208
7984882139327889409 4609434218613702656 4602678819172646912
7987133939141574655 7987133939141574656 7987133939141574655
7987133939141574656 7987133939141574656 0
7987133939141574657 7987133939141574656 7750694958704623616
7990886938831050069 2526519390954848255 2523610816195504810
7990886938831050069 4609434218613702656 0
7991637538768945151 7991637538768945152 7991637538768945151
7991637538768945152 7991637538768945152 0
7991637538768945153 7991637538768945152 7755198558331994112
7996141138396315647 7996141138396315648 7996141138396315647
7996141138396315648 7996141138396315648 0
7996141138396315649 7996141138396315648 7759702157959364608
7998392938210000895 2850778564125523968 0
7998392938210000895 4609434218613702656 4607182418800017408
7998392938210000896 3179541336923570177 3179541334776086530
7998392938210000896 4609434218613702656 4602678819172646912
8000644738023686143 8000644738023686144 8000644738023686143
8000644738023686144 8000644738023686144 0
8000644738023686145 8000644738023686144 7764205757586735104
8002896537837371393 3509805309597406549 3392336419316826112
8002896537837371393 4609434218613702656 4602678819172646912
8005148337651056639 8005148337651056640 8005148337651056639
8005148337651056640 8005148337651056640 0
8005148337651056641 8005148337651056640 7768709357214105600
8008901337340532053 3841570482147033087 3834064482790451882
8008901337340532053 4609434218613702656 0
8009651937278427135 8009651937278427136 8009651937278427135
8009651937278427136 8009651937278427136 0
8009651937278427137 8009651937278427136 7773212956841476096
8014155536905797631 8014155536905797632 8014155536905797631
8014155536905797632 8014155536905797632 0
8014155536905797633 8014155536905797632 7777716556468846592
8016407336719482879 4165829655317708800 0
8016407336719482879 4609434218613702656 4607182418800017408
8016407336719482880 4494592428115755009 4269412446747230208
8016407336719482880 4609434218613702656 4602678819172646912
8018659136533168127 8018659136533168128 8018659136533168127
8018659136533168128 8018659136533168128 0
8018659136533168129 8018659136533168128 7782220156096217088
8020910936346853377 4609434218613702656 4602678819172646912
8020910936346853377 4824856400789591381 4626322717216342016
8023162736160538623 8023162736160538624 8023162736160538623
8023162736160538624 8023162736160538624 0
8023162736160538625 8023162736160538624 7786723755723587584
8026915735850014037 4609434218613702656 0
8026915735850014037 5156621573339217919 5153619173587637590
8027666335787909119 8027666335787909120 8027666335787909119
8027666335787909120 8027666335787909120 0
8027666335787909121 8027666335787909120 7791227355350958080
8029571010684334517 8439214204152159496 8029571010684334517
8032169935415279615 8032169935415279616 8032169935415279615
8032169935415279616 8032169935415279616 0
8032169935415279617 8032169935415279616 7795730954978328576
8034421735228964863 4609434218613702656 4607182418800017408
8034421735228964863 5480880746509893632 0
8034421735228964864 4609434218613702656 4602678819172646912
8034421735228964864 5809643519307939841 5692549928996306944
8036673535042650111 8036673535042650112 8036673535042650111
8036673535042650112 8036673535042650112 0
8036673535042650113 8036673535042650112 7800234554605699072
8038024679874909527 7785790285347606769 7763707454054346048
8038925334856335361 4609434218613702656 4602678819172646912
8038925334856335361 6139907491981776213 6103503394993864704
8041177134670020607 8041177134670020608 8041177134670020607
8041177134670020608 8041177134670020608 0
8041177134670020609 8041177134670020608 7804738154233069568
8044930134359496021 4609434218613702656 0
8044930134359496021 6471672664531402751 6468670266211478186
8045680734297391103 8045680734297391104 8045680734297391103
8045680734297391104 8045680734297391104 0
8045680734297391105 8045680734297391104 7809241753860440064
8050184333924761599 8050184333924761600 8050184333924761599
8050184333924761600 8050184333924761600 0
8050184333924761601 8050184333924761600 7813745353487810560
8052436133738446847 4609434218613702656 4607182418800017408
8052436133738446847 6795931837702078464 0
8052436133738446848 4609434218613702656 4602678819172646912
8052436133738446848 7124694610500124673 7115687411245383680
8054687933552132095 8054687933552132096 8054687933552132095
8054687933552132096 8054687933552132096 0
8054687933552132097 8054687933552132096 7818248953115181056
8055361240843398484 2070862852675250302 2065799203370619872
8056939733365817345 4609434218613702656 4602678819172646912
8056939733365817345 7454958583173961045 7337489692893380608
8059191533179502591 8059191533179502592 8059191533179502591
8059191533179502592 8059191533179502592 0
8059191533179502593 8059191533179502592 7822752552742551552
8062944532868978005 4609434218613702656 0
8062944532868978005 7786723755723587583 7779217756344637098
8063695132806873087 8063695132806873088 8063695132806873087
8063695132806873088 8063695132806873088 0
8063695132806873089 8063695132806873088 7827256152369922048
8068198732434243583 8068198732434243584 8068198732434243583
8068198732434243584 8068198732434243584 0
8068198732434243585 8068198732434243584 7831759751997292544
8070450532247928831 4609434218613702656 4607182418800017408
8070450532247928831 8110982928894263296 8070450532247928831
8070450532247928832 4609434218613702656 4602678819172646912
8070450532247928832 8439745701692309505 8070450532247928832
8072702332061614079 8072702332061614080 8072702332061614079
8072702332061614080 8072702332061614080 0
8072702332061614081 8072702332061614080 7836263351624663040
8074954131875299329 4609434218613702656 4602678819172646912
8074954131875299329 8770009674366145877 8074954131875299329
8077205931688984575 8077205931688984576 8077205931688984575
8077205931688984576 8077205931688984576 0
8077205931688984577 8077205931688984576 7840766951252033536
8080958931378459989 4609434218613702656 0
8080958931378459989 9101774846915772415 8080958931378459989
8081709531316355071 8081709531316355072 8081709531316355071
8081709531316355072 8081709531316355072 0
8081709531316355073 8081709531316355072 7845270550879404032
8086213130943725567 8086213130943725568 8086213130943725567
8086213130943725568 8086213130943725568 0
8086213130943725569 8086213130943725568 7849774150506774528
8088464930757410815 207165582859042816 0
8088464930757410815 4609434218613702656 4607182418800017408
8088464930757410816 535928355657089025 535928355657072642
8088464930757410816 4609434218613702656 4602678819172646912
8088480810584843548 4413236977607603939 4412033955541311807
8090716730571096063 8090716730571096064 8090716730571096063
8090716730571096064 8090716730571096064 0
8090716730571096065 8090716730571096064 7854277750134145024
8092968530384781313 866192328330925397 807270233206161408
8092968530384781313 4609434218613702656 4602678819172646912
8095220330198466559 8095220330198466560 8095220330198466559
8095220330198466560 8095220330198466560 0
8095220330198466561 8095220330198466560 7858781349761515520
8098973329887941973 1197957500880551935 1190826801470548650
8098973329887941973 4609434218613702656 0
8099723929825837055 8099723929825837056 8099723929825837055
8099723929825837056 8099723929825837056 0
8099723929825837057 8099723929825837056 7863284949388886016
8104227529453207551 8104227529453207552 8104227529453207551
8104227529453207552 8104227529453207552 0
8104227529453207553 8104227529453207552 7867788549016256512
8106479329266892799 1522216674051227648 0
8106479329266892799 4609434218613702656 4607182418800017408
8106479329266892800 1850979446849273857 1850979171971366914
8106479329266892800 4609434218613702656 4602678819172646912
8108731129080578047 8108731129080578048 8108731129080578047
8108731129080578048 8108731129080578048 0
8108731129080578049 8108731129080578048 7872292148643627008
8108949641508346005 97501407658424496 95090202449317264
8110982928894263297 2181243419523110229 2041256531105677312
8110982928894263297 4609434218613702656 4602678819172646912
8113234728707948543 8113234728707948544 8113234728707948543
8113234728707948544 8113234728707948544 0
8113234728707948545 8113234728707948544 7876795748270997504
8116987728397423957 2513008592072736767 2510006192343526058
8116987728397423957 4609434218613702656 0
8117738328335319039 8117738328335319040 8117738328335319039
8117738328335319040 8117738328335319040 0
8117738328335319041 8117738328335319040 7881299347898368000
8122241927962689535 8122241927962689536 8122241927962689535
8122241927962689536 8122241927962689536 0
8122241927962689537 8122241927962689536 7885802947525738496
8124493727776374783 2837267765243412480 0
8124493727776374783 4609434218613702656 4607182418800017408
8124493727776374784 3166030538041458689 2972375754064527360
8124493727776374784 4609434218613702656 4602678819172646912
8126745527590060031 8126745527590060032 8126745527590060031
8126745527590060032 8126745527590060032 0
8126745527590060033 8126745527590060032 7890306547153108992
8128997327403745281 3496294510715295061 3275242829005193216
8128997327403745281 4609434218613702656 4602678819172646912
8131249127217430527 8131249127217430528 8131249127217430527
8131249127217430528 8131249127217430528 0
8131249127217430529 8131249127217430528 7894810146780479488
8135002126906905941 3828059683264921599 3820553683885970778
8135002126906905941 4609434218613702656 0
8135752726844801023 8135752726844801024 8135752726844801023
8135752726844801024 8135752726844801024 0
8135752726844801025 8135752726844801024 7899313746407849984
8140256326472171519 8140256326472171520 8140256326472171519
8140256326472171520 8140256326472171520 0
8140256326472171521 8140256326472171520 7903817346035220480
8142508126285856767 4152318856435597312 0
8142508126285856767 4609434218613702656 4607182418800017408
8142508126285856768 4481081629233643521 4395513236313604096
8142508126285856768 4609434218613702656 4602678819172646912
8144759926099542015 8144759926099542016 8144759926099542015
8144759926099542016 8144759926099542016 0
8144759926099542017 8144759926099542016 7908320945662590976
8147011725913227265 4609434218613702656 4602678819172646912
8147011725913227265 4811345601907479893 4752423506782715904
8149263525726912511 8149263525726912512 8149263525726912511
8149263525726912512 8149263525726912512 0
8149263525726912513 8149263525726912512 7912824545289961472
8153016525416387925 4609434218613702656 0
8153016525416387925 5143110774457106431 5135604780804778666
8153767125354283007 8153767125354283008 8153767125354283007
8153767125354283008 8153767125354283008 0
8153767125354283009 8153767125354283008 7917328144917331968
8158270724981653503 8158270724981653504 8158270724981653503
8158270724981653504 8158270724981653504 0
8158270724981653505 8158270724981653504 7921831744544702464
8160522524795338751 4609434218613702656 4607182418800017408
8160522524795338751 5467369947627782144 0
8160522524795338752 4609434218613702656 4602678819172646912
8160522524795338752 5796132720425828353 5796132720425828290
8162774324609023999 8162774324609024000 8162774324609023999
8162774324609024000 8162774324609024000 0
8162774324609024001 8162774324609024000 7926335344172072960
8164737117787440029 5355876745727160218 5355766743524341112
8165026124422709249 4609434218613702656 4602678819172646912
8165026124422709249 6126396693099664725 5986409804682231808
8167277924236394495 8167277924236394496 8167277924236394495
8167277924236394496 8167277924236394496 0
8167277924236394497 8167277924236394496 7930838943799443456
8171030923925869909 4609434218613702656 0
8171030923925869909 6458161865649291263 6455159465897711274
8171781523863764991 8171781523863764992 8171781523863764991
8171781523863764992 8171781523863764992 0
8171781523863764993 8171781523863764992 7935342543426813952
8176285123491135487 8176285123491135488 8176285123491135487
8176285123491135488 8176285123491135488 0
8176285123491135489 8176285123491135488 7939846143054184448
8178536923304820735 4609434218613702656 4607182418800017408
8178536923304820735 6782421038819966976 0
8178536923304820736 4609434218613702656 4602678819172646912
8178536923304820736 7111183811618013185 7111183810544271362
8179057469114835257 4142014500612606034 4141722808441672142
8180788723118505983 8180788723118505984 8180788723118505983
8180788723118505984 8180788723118505984 0
8180788723118505985 8180788723118505984 7944349742681554944
8183040522932191233 4609434218613702656 4602678819172646912
8183040522932191233 7441447784291849557 7220396102581747712
8185292322745876479 8185292322745876480 8185292322745876479
8185292322745876480 8185292322745876480 0
8185292322745876481 8185292322745876480 7948853342308925440
8189045322435351893 4609434218613702656 0
8189045322435351893 7773212956841476095 7770210923593771690
8189795922373246975 8189795922373246976 8189795922373246975
8189795922373246976 8189795922373246976 0
8189795922373246977 8189795922373246976 7953356941936295936
8194299522000617471 8194299522000617472 8194299522000617471
8194299522000617472 8194299522000617472 0
8194299522000617473 8194299522000617472 7957860541563666432
8196551321814302719 4609434218613702656 4607182418800017408
8196551321814302719 8097472130012151808 8097472130007957504
8196551321814302720 4609434218613702656 4602678819172646912
8196551321814302720 8426234902810198017 8196551321814302720
8198803121627987967 8198803121627987968 8198803121627987967
8198803121627987968 8198803121627987968 0
8198803121627987969 8198803121627987968 7962364141191036928
8201054921441673217 4609434218613702656 4602678819172646912
8201054921441673217 8756498875484034389 8201054921441673217
8203306721255358463 8203306721255358464 8203306721255358463
8203306721255358464 8203306721255358464 0
8203306721255358465 8203306721255358464 7966867740818407424
8203391874036604062 2071340608934591924 2044990735842274688
8207059720944833877 4609434218613702656 0
8207059720944833877 9088264048033660927 8207059720944833877
8207810320882728959 8207810320882728960 8207810320882728959
8207810320882728960 8207810320882728960 0
8207810320882728961 8207810320882728960 7971371340445777920
8212313920510099455 8212313920510099456 8212313920510099455
8212313920510099456 8212313920510099456 0
8212313920510099457 8212313920510099456 7975874940073148416
8214565720323784703 193654783976931328 0
8214565720323784703 4609434218613702656 4607182418800017408
8214565720323784704 522417556774977537 522382372402888706
8214565720323784704 4609434218613702656 4602678819172646912
8216817520137469951 8216817520137469952 8216817520137469951
8216817520137469952 8216817520137469952 0
8216817520137469953 8216817520137469952 7980378539700518912
8219069319951155201 852681529448813909 690176642894528512
8219069319951155201 4609434218613702656 4602678819172646912
8221321119764840447 8221321119764840448 8221321119764840447
8221321119764840448 8221321119764840448 0
8221321119764840449 8221321119764840448 7984882139327889408
8225074119454315861 1184446701998440447 1176940702708968106
8225074119454315861 4609434218613702656 0
8225824719392210943 8225824719392210944 8225824719392210943
8225824719392210944 8225824719392210944 0
8225824719392210945 8225824719392210944 7989385738955259904
8230328319019581439 8230328319019581440 8230328319019581439
8230328319019581440 8230328319019581440 0
8230328319019581441 8230328319019581440 7993889338582630400
8232580118833266687 1508705875169116160 0
8232580118833266687 4609434218613702656 4607182418800017408
8232580118833266688 1837468647967162369 1675339061381824512
8232580118833266688 4609434218613702656 4602678819172646912
8234831918646951935 8234831918646951936 8234831918646951935
8234831918646951936 8234831918646951936 0
8234831918646951937 8234831918646951936 7998392938210000896
8237083718460637185 2167732620640998741 2167357320672051200
8237083718460637185 4609434218613702656 4602678819172646912
8239335518274322431 8239335518274322432 8239335518274322431
8239335518274322432 8239335518274322432 0
8239335518274322433 8239335518274322432 8002896537837371392
8243088517963797845 2499497793190625279 2496495393439044954
8243088517963797845 4609434218613702656 0
8243839117901692927 8243839117901692928 8243839117901692927
8243839117901692928 8243839117901692928 0
8243839117901692929 8243839117901692928 8007400137464741888
8248342717529063423 8248342717529063424 8248342717529063423
8248342717529063424 8248342717529063424 0
8248342717529063425 8248342717529063424 8011903737092112384
8250594517342748671 2823756966361300992 0
8250594517342748671 4609434218613702656 4607182418800017408
8250594517342748672 3152519739159347201 3098476543630901248
8250594517342748672 4609434218613702656 4602678819172646912
8252846317156433919 8252846317156433920 8252846317156433919
8252846317156433920 8252846317156433920 0
8252846317156433921 8252846317156433920 8016407336719482880
8255098116970119169 3482783711833183573 3401343618571567104
8255098116970119169 4609434218613702656 4602678819172646912
8255255373540999004 8321596808308132749 8255255373540999004
8257253274173089402 5748161294707776031 5744520063606488354
8257349916783804415 8257349916783804416 8257349916783804415
8257349916783804416 8257349916783804416 0
8257349916783804417 8257349916783804416 8020910936346853376
8261102916473279829 3814548884382810111 3811546490357852842
8261102916473279829 4609434218613702656 0
8261853516411174911 8261853516411174912 8261853516411174911
8261853516411174912 8261853516411174912 0
8261853516411174913 8261853516411174912 8025414535974223872
8266357116038545407 8266357116038545408 8266357116038545407
8266357116038545408 8266357116038545408 0
8266357116038545409 8266357116038545408 8029918135601594368
8268608915852230655 4138808057553485824 0
8268608915852230655 4609434218613702656 4607182418800017408
8268608915852230656 4467570830351532033 4467570830351523842
8268608915852230656 4609434218613702656 4602678819172646912
8270860715665915903 8270860715665915904 8270860715665915903
8270860715665915904 8270860715665915904 0
8270860715665915905 8270860715665915904 8034421735228964864
8273112515479601153 4609434218613702656 4602678819172646912
8273112515479601153 4797834803025368405 4635329916471083008
8275364315293286399 8275364315293286400 8275364315293286399
8275364315293286400 8275364315293286400 0
8275364315293286401 8275364315293286400 8038925334856335360
8275375537693514481 4717258862869264986 4708608754350980864
8279117314982761813 4609434218613702656 0
8279117314982761813 5129599975574994943 5122093976196045482
8279867914920656895 8279867914920656896 8279867914920656895
8279867914920656896 8279867914920656896 0
8279867914920656897 8279867914920656896 8043428934483705856
8284371514548027391 8284371514548027392 8284371514548027391
8284371514548027392 8284371514548027392 0
8284371514548027393 8284371514548027392 8047932534111076352
8286623314361712639 4609434218613702656 4607182418800017408
8286623314361712639 5453859148745670656 0
8286623314361712640 4609434218613702656 4602678819172646912
8286623314361712640 5782621921543716865 5782621784104763394
8288875114175397887 8288875114175397888 8288875114175397887
8288875114175397888 8288875114175397888 0
8288875114175397889 8288875114175397888 8052436133738446848
8291126913989083137 4609434218613702656 4602678819172646912
8291126913989083137 6112885894217553237 6112510594248605696
8293378713802768383 8293378713802768384 8293378713802768383
8293378713802768384 8293378713802768384 0
8293378713802768385 8293378713802768384 8056939733365817344
8297131713492243797 4609434218613702656 0
8297131713492243797 6444651066767179775 6437146533403732650
8297882313430138879 8297882313430138880 8297882313430138879
8297882313430138880 8297882313430138880 0
8297882313430138881 8297882313430138880 8061443332993187840
8302385913057509375 8302385913057509376 8302385913057509375
8302385913057509376 8302385913057509376 0
8302385913057509377 8302385913057509376 8065946932620558336
8304637712871194623 4609434218613702656 4607182418800017408
8304637712871194623 6768910239937855488 0
8304637712871194624 4609434218613702656 4602678819172646912
8304637712871194624 7097673012735901697 6899514629131599872
8306889512684879871 8306889512684879872 8306889512684879871
8306889512684879872 8306889512684879872 0
8306889512684879873 8306889512684879872 8070450532247928832
8309141312498565121 4609434218613702656 4602678819172646912
8309141312498565121 7427936985409738069 7346496892148121600
8311393112312250367 8311393112312250368 8311393112312250367
8311393112312250368 8311393112312250368 0
8311393112312250369 8311393112312250368 8074954131875299328
8315146112001725781 4609434218613702656 0
8315146112001725781 7759702157959364607 7756699758207871658
8315896711939620863 8315896711939620864 8315896711939620863
8315896711939620864 8315896711939620864 0
8315896711939620865 8315896711939620864 8079457731502669824
8320400311566991359 8320400311566991360 8320400311566991359
8320400311566991360 8320400311566991360 0
8320400311566991361 8320400311566991360 8083961331130040320
8322652111380676607 4609434218613702656 4607182418800017408
8322652111380676607 8083961331130040320 0
8322652111380676608 4609434218613702656 4602678819172646912
8322652111380676608 8412724103928086529 8322652111380676608
8324903911194361855 8324903911194361856 8324903911194361855
8324903911194361856 8324903911194361856 0
8324903911194361857 8324903911194361856 8088464930757410816
8327155711008047105 4609434218613702656 4602678819172646912
8327155711008047105 8742988076601922901 8327155711008047105
8329407510821732351 8329407510821732352 8329407510821732351
8329407510821732352 8329407510821732352 0
8329407510821732353 8329407510821732352 8092968530384781312
8333160510511207765 4609434218613702656 0
8333160510511207765 9074753249151549439 8333160510511207765
8333911110449102847 8333911110449102848 8333911110449102847
8333911110449102848 8333911110449102848 0
8333911110449102849 8333911110449102848 8097472130012151808
8338414710076473343 8338414710076473344 8338414710076473343
8338414710076473344 8338414710076473344 0
8338414710076473345 8338414710076473344 8101975729639522304
8340666509890158591 180143985094819840 0
8340666509890158591 4609434218613702656 4607182418800017408
8340666509890158592 508906757892866049 378302368699121664
8340666509890158592 4609434218613702656 4602678819172646912
8342918309703843839 8342918309703843840 8342918309703843839
8342918309703843840 8342918309703843840 0
8342918309703843841 8342918309703843840 8106479329266892800
8345170109517529089 839170730566702421 816277432460902400
8345170109517529089 4609434218613702656 4602678819172646912
8347421909331214335 8347421909331214336 8347421909331214335
8347421909331214336 8347421909331214336 0
8347421909331214337 8347421909331214336 8110982928894263296
8351174909020689749 1170935903116328959 1163429903737378154
8351174909020689749 4609434218613702656 0
8351925508958584831 8351925508958584832 8351925508958584831
8351925508958584832 8351925508958584832 0
8351925508958584833 8351925508958584832 8115486528521633792
8356429108585955327 8356429108585955328 8356429108585955327
8356429108585955328 8356429108585955328 0
8356429108585955329 8356429108585955328 8119990128149004288
8358680908399640575 1495195076287004672 0
8358680908399640575 4609434218613702656 4607182418800017408
8358680908399640576 1823957849085050881 1801439850948198400
8358680908399640576 4609434218613702656 4602678819172646912
8360932708213325823 8360932708213325824 8360932708213325823
8360932708213325824 8360932708213325824 0
8360932708213325825 8360932708213325824 8124493727776374784
8363184508027011073 2154221821758887253 2050263730360418304
8363184508027011073 4609434218613702656 4602678819172646912
8365436307840696319 8365436307840696320 8365436307840696319
8365436307840696320 8365436307840696320 0
8365436307840696321 8365436307840696320 8128997327403745280
8367043266200660475 2064020869912117501 2053739668328398372
8368401743856784531 1932220876764260067 1929593363428778322
8369189307530171733 2485986994308513791 2478481017836055210
8369189307530171733 4609434218613702656 0
8369939907468066815 8369939907468066816 8369939907468066815
8369939907468066816 8369939907468066816 0
8369939907468066817 8369939907468066816 8133500927031115776
8374443507095437311 8374443507095437312 8374443507095437311
8374443507095437312 8374443507095437312 0
8374443507095437313 8374443507095437312 8138004526658486272
8376695306909122559 2810246167479189504 0
8376695306909122559 4609434218613702656 4607182418800017408
8376695306909122560 3139008940277235713 3139008940276187138
8376695306909122560 4609434218613702656 4602678819172646912
8378947106722807807 8378947106722807808 8378947106722807807
8378947106722807808 8378947106722807808 0
8378947106722807809 8378947106722807808 8142508126285856768
8381198906536493057 3469272912951072085 3284250028259934208
8381198906536493057 4609434218613702656 4602678819172646912
8383450706350178303 8383450706350178304 8383450706350178303
8383450706350178304 8383450706350178304 0
8383450706350178305 8383450706350178304 8147011725913227264
8385322997792553099 3741160105439678279 3730697165615583600
8385866025993822813 8476231760690013935 8385866025993822813
8387203706039653717 3801038085500698623 3798035685749119658
8387203706039653717 4609434218613702656 0
8387954305977548799 8387954305977548800 8387954305977548799
8387954305977548800 8387954305977548800 0
8387954305977548801 8387954305977548800 8151515325540597760
8392342125130937527 3522747144595100726 3515118872188427784
8392457905604919295 8392457905604919296 8392457905604919295
8392457905604919296 8392457905604919296 0
8392457905604919297 8392457905604919296 8156018925167968256
8394709705418604543 4125297258671374336 0
8394709705418604543 4609434218613702656 4607182418800017408
8394709705418604544 4454060031469420545 4454042439283376130
8394709705418604544 4609434218613702656 4602678819172646912
8396961505232289791 8396961505232289792 8396961505232289791
8396961505232289792 8396961505232289792 0
8396961505232289793 8396961505232289792 8160522524795338752
8399213305045975041 4609434218613702656 4602678819172646912
8399213305045975041 4784324004143256917 4761430706037456896
8401465104859660287 8401465104859660288 8401465104859660287
8401465104859660288 8401465104859660288 0
8401465104859660289 8401465104859660288 8165026124422709248
8405218104549135701 4609434218613702656 0
8405218104549135701 5116089176692883455 5113088242956806826
8405968704487030783 8405968704487030784 8405968704487030783
8405968704487030784 8405968704487030784 0
8405968704487030785 8405968704487030784 8169529724050079744
8410472304114401279 8410472304114401280 8410472304114401279
8410472304114401280 8410472304114401280 0
8410472304114401281 8410472304114401280 8174033323677450240
8412724103928086527 4609434218613702656 4607182418800017408
8412724103928086527 5440348349863559168 0
8412724103928086528 4609434218613702656 4602678819172646912
8412724103928086528 5769111122661605377 5602477936448897024
8414975903741771775 8414975903741771776 8414975903741771775
8414975903741771776 8414975903741771776 0
8414975903741771777 8414975903741771776 8178536923304820736
8417227703555457025 4609434218613702656 4602678819172646912
8417227703555457025 6099375095335441749 5995417003936972800
8419479503369142271 8419479503369142272 8419479503369142271
8419479503369142272 8419479503369142272 0
8419479503369142273 8419479503369142272 8183040522932191232
8421017178187047672 8656685148975747860 8421017178187047672
8423232503058617685 4609434218613702656 0
8423232503058617685 6431140267885068287 6423634268506466986
8423983102996512767 8423983102996512768 8423983102996512767
8423983102996512768 8423983102996512768 0
8423983102996512769 8423983102996512768 8187544122559561728
8424513695616439860 7493522694053474004 7487361146067309704
8428486702623883263 8428486702623883264 8428486702623883263
8428486702623883264 8428486702623883264 0
8428486702623883265 8428486702623883264 8192047722186932224
8430738502437568511 4609434218613702656 4607182418800017408
8430738502437568511 6755399441055744000 0
8430738502437568512 4609434218613702656 4602678819172646912
8430738502437568512 7084162213853790209 7025615418697973760
8432990302251253759 8432990302251253760 8432990302251253759
8432990302251253760 8432990302251253760 0
8432990302251253761 8432990302251253760 8196551321814302720
8435242102064939009 4609434218613702656 4602678819172646912
8435242102064939009 7414426186527626581 7229403301836488704
8437493901878624255 8437493901878624256 8437493901878624255
8437493901878624256 8437493901878624256 0
8437493901878624257 8437493901878624256 8201054921441673216
8441246901568099669 4609434218613702656 0
8441246901568099669 7746191359077253119 7739060659667249834
8441997501505994751 8441997501505994752 8441997501505994751
8441997501505994752 8441997501505994752 0
8441997501505994753 8441997501505994752 8205558521069043712
8444076464130209894 7801021318852454540 7797072446605422488
8446501101133365247 8446501101133365248 8446501101133365247
8446501101133365248 8446501101133365248 0
8446501101133365249 8446501101133365248 8210062120696414208
8448752900947050495 4609434218613702656 4607182418800017408
8448752900947050495 8070450532247928832 0
8448752900947050496 4609434218613702656 4602678819172646912
8448752900947050496 8399213305045975041 8399213305045970946
8451004700760735743 8451004700760735744 8451004700760735743
8451004700760735744 8451004700760735744 0
8451004700760735745 8451004700760735744 8214565720323784704
8453256500574420993 4609434218613702656 4602678819172646912
8453256500574420993 8729477277719811413 8453256500574420993
8455508300388106239 8455508300388106240 8455508300388106239
8455508300388106240 8455508300388106240 0
8455508300388106241 8455508300388106240 8219069319951155200
8459261300077581653 4609434218613702656 0
8459261300077581653 9061242450269437951 8459261300077581653
8460011900015476735 8460011900015476736 8460011900015476735
8460011900015476736 8460011900015476736 0
8460011900015476737 8460011900015476736 8223572919578525696
8464515499642847231 8464515499642847232 8464515499642847231
8464515499642847232 8464515499642847232 0
8464515499642847233 8464515499642847232 8228076519205896192
8466767299456532479 166633186212708352 0
8466767299456532479 4609434218613702656 4607182418800017408
8466767299456532480 495395959010754561 495395959010754554
8466767299456532480 4609434218613702656 4602678819172646912
8469019099270217727 8469019099270217728 8469019099270217727
8469019099270217728 8469019099270217728 0
8469019099270217729 8469019099270217728 8232580118833266688
8471270899083902977 825659931684590933 699183842149269504
8471270899083902977 4609434218613702656 4602678819172646912
8473522698897588223 8473522698897588224 8473522698897588223
8473522698897588224 8473522698897588224 0
8473522698897588225 8473522698897588224 8237083718460637184
8474282811440047567 5775245961435610027 5765151445372407324
8477275698587063637 1157425104234217471 1154422727389129386
8477275698587063637 4609434218613702656 0
8478026298524958719 8478026298524958720 8478026298524958719
8478026298524958720 8478026298524958720 0
8478026298524958721 8478026298524958720 8241587318088007680
8482529898152329215 8482529898152329216 8482529898152329215
8482529898152329216 8482529898152329216 0
8482529898152329217 8482529898152329216 8246090917715378176
8484781697966014463 1481684277404893184 0
8484781697966014463 4609434218613702656 4607182418800017408
8484781697966014464 1810447050202939393 1810447050068721666
8484781697966014464 4609434218613702656 4602678819172646912
8487033497779699711 8487033497779699712 8487033497779699711
8487033497779699712 8487033497779699712 0
8487033497779699713 8487033497779699712 8250594517342748672
8489285297593384961 2140711022876775765 1933170140048785408
8489285297593384961 4609434218613702656 4602678819172646912
8491537097407070207 8491537097407070208 8491537097407070207
8491537097407070208 8491537097407070208 0
8491537097407070209 8491537097407070208 8255098116970119168
8494913402655221735 1231409051603110815 1224668916877269904
8495290097096545621 2472476195426402303 2464970196047456938
8495290097096545621 4609434218613702656 0
8496040697034440703 8496040697034440704 8496040697034440703
8496040697034440704 8496040697034440704 0
8496040697034440705 8496040697034440704 8259601716597489664
8500544296661811199 8500544296661811200 8500544296661811199
8500544296661811200 8500544296661811200 0
8500544296661811201 8500544296661811200 8264105316224860160
8502796096475496447 2796735368597078016 0
8502796096475496447 4609434218613702656 4607182418800017408
8502796096475496448 3125498141395124225 3123246341581438978
8502796096475496448 4609434218613702656 4602678819172646912
8505047896289181695 8505047896289181696 8505047896289181695
8505047896289181696 8505047896289181696 0
8505047896289181697 8505047896289181696 8268608915852230656
8506980073778976260 9022839489067052290 8506980073778976260
8507299696102866945 3455762114068960597 3410350817826308096
8507299696102866945 4609434218613702656 4602678819172646912
8509551495916552191 8509551495916552192 8509551495916552191
8509551495916552192 8509551495916552192 0
8509551495916552193 8509551495916552192 8273112515479601152
8513304495606027605 3787527286618587135 3780027151301651114
8513304495606027605 4609434218613702656 0
8514055095543922687 8514055095543922688 8514055095543922687
8514055095543922688 8514055095543922688 0
8514055095543922689 8514055095543922688 8277616115106971648
8516603028372784108 6719222701939706962 6706733973774921776
8518558695171293183 8518558695171293184 8518558695171293183
8518558695171293184 8518558695171293184 0
8518558695171293185 8518558695171293184 8282119714734342144
8520810494984978431 4111786459789262848 0
8520810494984978431 4609434218613702656 4607182418800017408
8520810494984978432 4440549232587309057 4305441243766194176
8520810494984978432 4609434218613702656 4602678819172646912
8523062294798663679 8523062294798663680 8523062294798663679
8523062294798663680 8523062294798663680 0
8523062294798663681 8523062294798663680 8286623314361712640
8525314094612348929 4609434218613702656 4602678819172646912
8525314094612348929 4770813205261145429 4644337115725824000
8527565894426034175 8527565894426034176 8527565894426034175
8527565894426034176 8527565894426034176 0
8527565894426034177 8527565894426034176 8291126913989083136
8530204922015663404 1508429507973888604 1500474587009334640
8531318894115509589 4609434218613702656 0
8531318894115509589 5102578377810771967 5099575978059541162
8532069494053404671 8532069494053404672 8532069494053404671
8532069494053404672 8532069494053404672 0
8532069494053404673 8532069494053404672 8295630513616453632
8536573093680775167 8536573093680775168 8536573093680775167
8536573093680775168 8536573093680775168 0
8536573093680775169 8536573093680775168 8300134113243824128
8538824893494460415 4609434218613702656 4607182418800017408
8538824893494460415 5426837550981447680 0
8538824893494460416 4609434218613702656 4602678819172646912
8538824893494460416 5755600323779493889 5728578726015270912
8541076693308145663 8541076693308145664 8541076693308145663
8541076693308145664 8541076693308145664 0
8541076693308145665 8541076693308145664 8304637712871194624
8543328493121830913 4609434218613702656 4602678819172646912
8543328493121830913 6085864296453330261 5878323413625339904
8545580292935516159 8545580292935516160 8545580292935516159
8545580292935516160 8545580292935516160 0
8545580292935516161 8545580292935516160 8309141312498565120
8547307699195772969 4131903673752563700 4117387463661798368
8549333292624991573 4609434218613702656 0
8549333292624991573 6417629469002956799 6415002369220324010
8550083892562886655 8550083892562886656 8550083892562886655
8550083892562886656 8550083892562886656 0
8550083892562886657 8550083892562886656 8313644912125935616
8554587492190257151 8554587492190257152 8554587492190257151
8554587492190257152 8554587492190257152 0
8554587492190257153 8554587492190257152 8318148511753306112
8556839292003942399 4609434218613702656 4607182418800017408
8556839292003942399 6741888642173632512 0
8556839292003942400 4609434218613702656 4602678819172646912
8556839292003942400 7070651414971678721 7070651414971154434
8557375646123545047 7069913710187907649 7067092147515173462
8559091091817627647 8559091091817627648 8559091091817627647
8559091091817627648 8559091091817627648 0
8559091091817627649 8559091091817627648 8322652111380676608
8561342891631312897 4609434218613702656 4602678819172646912
8561342891631312897 7400915387645515093 7355504091402862592
8563594691444998143 8563594691444998144 8563594691444998143
8563594691444998144 8563594691444998144 0
8563594691444998145 8563594691444998144 8327155711008047104
8567347691134473557 4609434218613702656 0
8567347691134473557 7732680560195141631 7725174560905669290
8568098291072368639 8568098291072368640 8568098291072368639
8568098291072368640 8568098291072368640 0
8568098291072368641 8568098291072368640 8331659310635417600
8572601890699739135 8572601890699739136 8572601890699739135
8572601890699739136 8572601890699739136 0
8572601890699739137 8572601890699739136 8336162910262788096
8573991472144113341 3812977554585198773 3807574015686613080
8574853690513424383 4609434218613702656 4607182418800017408
8574853690513424383 8056939733365817344 0
8574853690513424384 4609434218613702656 4602678819172646912
8574853690513424384 8385702506163863553 8385693710070841346
8576622805121727523 8565759740653182339 8562418762643131785
8577105490327109631 8577105490327109632 8577105490327109631
8577105490327109632 8577105490327109632 0
8577105490327109633 8577105490327109632 8340666509890158592
8579357290140794881 4609434218613702656 4602678819172646912
8579357290140794881 8715966478837699925 8579357290140794881
8581609089954480127 8581609089954480128 8581609089954480127
8581609089954480128 8581609089954480128 0
8581609089954480129 8581609089954480128 8345170109517529088
8585362089643955541 4609434218613702656 0
8585362089643955541 9047731651387326463 8585362089643955541
8586112689581850623 8586112689581850624 8586112689581850623
8586112689581850624 8586112689581850624 0
8586112689581850625 8586112689581850624 8349673709144899584
8590616289209221119 8590616289209221120 8590616289209221119
8590616289209221120 8590616289209221120 0
8590616289209221121 8590616289209221120 8354177308772270080
8592868089022906367 153122387330596864 0
8592868089022906367 4609434218613702656 4607182418800017408
8592868089022906368 481885160128643073 481885142948773890
8592868089022906368 4609434218613702656 4602678819172646912
8595119888836591615 8595119888836591616 8595119888836591615
8595119888836591616 8595119888836591616 0
8595119888836591617 8595119888836591616 8358680908399640576
8597371688650276865 812149132802479445 807645533175108954
8597371688650276865 4609434218613702656 4602678819172646912
8599623488463962111 8599623488463962112 8599623488463962111
8599623488463962112 8599623488463962112 0
8599623488463962113 8599623488463962112 8363184508027011072
8603376488153437525 1143914305352105983 1140911905600531114
8603376488153437525 4609434218613702656 0
8604127088091332607 8604127088091332608 8604127088091332607
8604127088091332608 8604127088091332608 0
8604127088091332609 8604127088091332608 8367688107654381568
8608630687718703103 8608630687718703104 8608630687718703103
8608630687718703104 8608630687718703104 0
8608630687718703105 8608630687718703104 8372191707281752064
8610882487532388351 1468173478522781696 0
8610882487532388351 4609434218613702656 4607182418800017408
8610882487532388352 1796936251320827905 1585267068834414592
8610882487532388352 4609434218613702656 4602678819172646912
8613134287346073599 8613134287346073600 8613134287346073599
8613134287346073600 8613134287346073600 0
8613134287346073601 8613134287346073600 8376695306909122560
8615386087159758849 2127200223994664277 2059270929615159296
8615386087159758849 4609434218613702656 4602678819172646912
8617637886973444095 8617637886973444096 8617637886973444095
8617637886973444096 8617637886973444096 0
8617637886973444097 8617637886973444096 8381198906536493056
8621390886662919509 2458965396544290815 2455968860854725290
8621390886662919509 4609434218613702656 0
8622141486600814591 8622141486600814592 8622141486600814591
8622141486600814592 8622141486600814592 0
8622141486600814593 8622141486600814592 8385702506163863552
8623525150836501988 225512632740106470 216007545334423776
8626645086228185087 8626645086228185088 8626645086228185087
8626645086228185088 8626645086228185088 0
8626645086228185089 8626645086228185088 8390206105791234048
8628896886041870335 2783224569714966528 0
8628896886041870335 4609434218613702656 4607182418800017408
8628896886041870336 3111987342513012737 3008404551083491328
8628896886041870336 4609434218613702656 4602678819172646912
8629561690666291030 1939343004746419766 1906582693271249664
8631148685855555583 8631148685855555584 8631148685855555583
8631148685855555584 8631148685855555584 0
8631148685855555585 8631148685855555584 8394709705418604544
8633400485669240833 3442251315186849109 3293257227514675200
8633400485669240833 4609434218613702656 4602678819172646912
8635652285482926079 8635652285482926080 8635652285482926079
8635652285482926080 8635652285482926080 0
8635652285482926081 8635652285482926080 8399213305045975040
8638020022987371492 6014978319735619975 6013074701886363958
8638997441604430806 4409129595390394832 4403590626711919488
8639405285172401493 3774016487736475647 3766510488358922922
8639405285172401493 4609434218613702656 0
8640155885110296575 8640155885110296576 8640155885110296575
8640155885110296576 8640155885110296576 0
8640155885110296577 8640155885110296576 8403716904673345536
8644659484737667071 8644659484737667072 8644659484737667071
8644659484737667072 8644659484737667072 0
8644659484737667073 8644659484737667072 8408220504300716032
8646911284551352319 4098275660907151360 0
8646911284551352319 4609434218613702656 4607182418800017408
8646911284551352320 4427038433705197569 4427038433705197566
8646911284551352320 4609434218613702656 4602678819172646912
8649163084365037567 8649163084365037568 8649163084365037567
8649163084365037568 8649163084365037568 0
8649163084365037569 8649163084365037568 8412724103928086528
8651414884178722817 4609434218613702656 4602678819172646912
8651414884178722817 4757302406379033941 4752798806751663450
8653666683992408063 8653666683992408064 8653666683992408063
8653666683992408064 8653666683992408064 0
8653666683992408065 8653666683992408064 8417227703555457024
8657419683681883477 4609434218613702656 0
8657419683681883477 5089067578928660479 5083062779425499818
8658170283619778559 8658170283619778560 8658170283619778559
8658170283619778560 8658170283619778560 0
8658170283619778561 8658170283619778560 8421731303182827520
8662673883247149055 8662673883247149056 8662673883247149055
8662673883247149056 8662673883247149056 0
8662673883247149057 8662673883247149056 8426234902810198016
8664925683060834303 4609434218613702656 4607182418800017408
8664925683060834303 5413326752099336192 0
8664925683060834304 4609434218613702656 4602678819172646912
8664925683060834304 5742089524897382401 5742089524830273538
8667177482874519551 8667177482874519552 8667177482874519551
8667177482874519552 8667177482874519552 0
8667177482874519553 8667177482874519552 8430738502437568512
8669429282688204801 4609434218613702656 4602678819172646912
8669429282688204801 6072353497571218773 6004424203191713792
8671681082501890047 8671681082501890048 8671681082501890047
8671681082501890048 8671681082501890048 0
8671681082501890049 8671681082501890048 8435242102064939008
8675434082191365461 4609434218613702656 0
8675434082191365461 6404118670120845311 6401116270458743466
8676184682129260543 8676184682129260544 8676184682129260543
8676184682129260544 8676184682129260544 0
8676184682129260545 8676184682129260544 8439745701692309504
8680498227023558848 2968190459768579156 2962101463418004880
8680688281756631039 8680688281756631040 8680688281756631039
8680688281756631040 8680688281756631040 0
8680688281756631041 8680688281756631040 8444249301319680000
8682940081570316287 4609434218613702656 4607182418800017408
8682940081570316287 6728377843291521024 0
8682940081570316288 4609434218613702656 4602678819172646912
8682940081570316288 7057140616089567233 7056014716182724610
8685191881384001535 8685191881384001536 8685191881384001535
8685191881384001536 8685191881384001536 0
8685191881384001537 8685191881384001536 8448752900947050496
8687443681197686785 4609434218613702656 4602678819172646912
8687443681197686785 7387404588763403605 7238410501091229696
8689695481011372031 8689695481011372032 8689695481011372031
8689695481011372032 8689695481011372032 0
8689695481011372033 8689695481011372032 8453256500574420992
8693448480700847445 4609434218613702656 0
8693448480700847445 7719169761313030143 7711663761934079338
8694199080638742527 8694199080638742528 8694199080638742527
8694199080638742528 8694199080638742528 0
8694199080638742529 8694199080638742528 8457760100201791488
8698702680266113023 8698702680266113024 8698702680266113023
8698702680266113024 8698702680266113024 0
8698702680266113025 8698702680266113024 8462263699829161984
8700954480079798271 4609434218613702656 4607182418800017408
8700954480079798271 8043428934483705856 0
8700954480079798272 4609434218613702656 4602678819172646912
8700954480079798272 8372191707281752065 8232580118833266688
8703206279893483519 8703206279893483520 8703206279893483519
8703206279893483520 8703206279893483520 0
8703206279893483521 8703206279893483520 8466767299456532480
8704542204750794651 5657346218679189268 5653127905027743648
8705458079707168769 4609434218613702656 4602678819172646912
8705458079707168769 8702455679955588437 8697952080328217946
8707709879520854015 8707709879520854016 8707709879520854015
8707709879520854016 8707709879520854016 0
8707709879520854017 8707709879520854016 8471270899083902976
8711462879210329429 4609434218613702656 0
8711462879210329429 9034220852505214975 8711462879210329429
8712213479148224511 8712213479148224512 8712213479148224511
8712213479148224512 8712213479148224512 0
8712213479148224513 8712213479148224512 8475774498711273472
8716717078775595007 8716717078775595008 8716717078775595007
8716717078775595008 8716717078775595008 0
8716717078775595009 8716717078775595008 8480278098338643968
8718968878589280255 139611588448485376 0
8718968878589280255 4609434218613702656 4607182418800017408
8718968878589280256 468374361246531585 288230376151711744
8718968878589280256 4609434218613702656 4602678819172646912
8721220678402965503 8721220678402965504 8721220678402965503
8721220678402965504 8721220678402965504 0
8721220678402965505 8721220678402965504 8484781697966014464
8723472478216650753 798638333920367957 708191041404010496
8723472478216650753 4609434218613702656 4602678819172646912
8725724278030335999 8725724278030336000 8725724278030335999
8725724278030336000 8725724278030336000 0
8725724278030336001 8725724278030336000 8489285297593384960
8728499654348627317 7502496515870961743 7502125299970535775
8728863397034417621 1489678832874869122 1480028590139800888
8729477277719811413 1130403506469994495 1122920963339102890
8729477277719811413 4609434218613702656 0
8730227877657706495 8730227877657706496 8730227877657706495
8730227877657706496 8730227877657706496 0
8730227877657706497 8730227877657706496 8493788897220755456
8734731477285076991 8734731477285076992 8734731477285076991
8734731477285076992 8734731477285076992 0
8734731477285076993 8734731477285076992 8498292496848125952
8736983277098762239 1454662679640670208 0
8736983277098762239 4609434218613702656 4607182418800017408
8736983277098762240 1783425452438716417 1711367858400788480
8736983277098762240 4609434218613702656 4602678819172646912
8739235076912447487 8739235076912447488 8739235076912447487
8739235076912447488 8739235076912447488 0
8739235076912447489 8739235076912447488 8502796096475496448
8741434604433181081 6125401764267392398 6123178433451195564
8741486876726132737 2113689425112552789 1942177339303526400
8741486876726132737 4609434218613702656 4602678819172646912
8743738676539817983 8743738676539817984 8743738676539817983
8743738676539817984 8743738676539817984 0
8743738676539817985 8743738676539817984 8507299696102866944
8747491676229293397 2445454597662179327 2442452197911997098
8747491676229293397 4609434218613702656 0
8748242276167188479 8748242276167188480 8748242276167188479
8748242276167188480 8748242276167188480 0
8748242276167188481 8748242276167188480 8511803295730237440
8752745875794558975 8752745875794558976 8752745875794558975
8752745875794558976 8752745875794558976 0
8752745875794558977 8752745875794558976 8516306895357607936
8754997675608244223 2769713770832855040 0
8754997675608244223 4609434218613702656 4607182418800017408
8754997675608244224 3098476543630901249 3098476543630900738
8754997675608244224 4609434218613702656 4602678819172646912
8757249475421929471 8757249475421929472 8757249475421929471
8757249475421929472 8757249475421929472 0
8757249475421929473 8757249475421929472 8520810494984978432
8759501275235614721 3428740516304737621 3419358017081049088
8759501275235614721 4609434218613702656 4602678819172646912
8761753075049299967 8761753075049299968 8761753075049299967
8761753075049299968 8761753075049299968 0
8761753075049299969 8761753075049299968 8525314094612348928
8763130284075407433 3994600865573294463 3989323509386404292
8765506074738775381 3760505688854364159 3759004488978573994
8765506074738775381 4609434218613702656 0
8766018387160129468 4103604983236790693 4099148019387669556
8766256674676670463 8766256674676670464 8766256674676670463
8766256674676670464 8766256674676670464 0
8766256674676670465 8766256674676670464 8529817694239719424
8770760274304040959 8770760274304040960 8770760274304040959
8770760274304040960 8770760274304040960 0
8770760274304040961 8770760274304040960 8534321293867089920
8773012074117726207 4084764862025039872 0
8773012074117726207 4609434218613702656 4607182418800017408
8773012074117726208 4413527634823086081 4413527626233151490
8773012074117726208 4609434218613702656 4602678819172646912
8775263873931411455 8775263873931411456 8775263873931411455
8775263873931411456 8775263873931411456 0
8775263873931411457 8775263873931411456 8538824893494460416
8777515673745096705 4609434218613702656 4602678819172646912
8777515673745096705 4743791607496922453 4653344314980564992
8779767473558781951 8779767473558781952 8779767473558781951
8779767473558781952 8779767473558781952 0
8779767473558781953 8779767473558781952 8543328493121830912
8782133171612500749 7831159848024006527 7827375870779010022
8783520473248257365 4609434218613702656 0
8783520473248257365 5075556780046548991 5068050781025512106
8784271073186152447 8784271073186152448 8784271073186152447
8784271073186152448 8784271073186152448 0
8784271073186152449 8784271073186152448 8547832092749201408
8788774672813522943 8788774672813522944 8788774672813522943
8788774672813522944 8788774672813522944 0
8788774672813522945 8788774672813522944 8552335692376571904
8791026472627208191 4609434218613702656 4607182418800017408
8791026472627208191 5399815953217224704 0
8791026472627208192 4609434218613702656 4602678819172646912
8791026472627208192 5728578726015270913 5512405943901487104
8793278272440893439 8793278272440893440 8793278272440893439
8793278272440893440 8793278272440893440 0
8793278272440893441 8793278272440893440 8556839292003942400
8794106782208201244 6991635927020696882 6990653691989512508
8795530072254578689 4609434218613702656 4602678819172646912
8795530072254578689 6058842698689107285 5887330612880080896
8797781872068263935 8797781872068263936 8797781872068263935
8797781872068263936 8797781872068263936 0
8797781872068263937 8797781872068263936 8561342891631312896
8801534871757739349 4609434218613702656 0
8801534871757739349 6390607871238733823 6387605471487153514
8802285471695634431 8802285471695634432 8802285471695634431
8802285471695634432 8802285471695634432 0
8802285471695634433 8802285471695634432 8565846491258683392
8803365316686043518 5025225254007994862 5024838092610130450
8806789071323004927 8806789071323004928 8806789071323004927
8806789071323004928 8806789071323004928 0
8806789071323004929 8806789071323004928 8570350090886053888
8809040871136690175 4609434218613702656 4607182418800017408
8809040871136690175 6714867044409409536 0
8809040871136690176 4609434218613702656 4602678819172646912
8809040871136690176 7043629817207455745 6935543426150563840
8809702443972483719 7291402309922855692 7288019972036809224
8811292670950375423 8811292670950375424 8811292670950375423
8811292670950375424 8811292670950375424 0
8811292670950375425 8811292670950375424 8574853690513424384
8813544470764060673 4609434218613702656 4602678819172646912
8813544470764060673 7373893789881292117 7364511290657603584
8815796270577745919 8815796270577745920 8815796270577745919
8815796270577745920 8815796270577745920 0
8815796270577745921 8815796270577745920 8579357290140794880
8819549270267221333 4609434218613702656 0
8819549270267221333 7705658962430918655 7702656585585830570
8820299870205116415 8820299870205116416 8820299870205116415
8820299870205116416 8820299870205116416 0
8820299870205116417 8820299870205116416 8583860889768165376
8824803469832486911 8824803469832486912 8824803469832486911
8824803469832486912 8824803469832486912 0
8824803469832486913 8824803469832486912 8588364489395535872
8827055269646172159 4609434218613702656 4607182418800017408
8827055269646172159 8029918135601594368 0
8827055269646172160 4609434218613702656 4602678819172646912
8827055269646172160 8358680908399640577 8358680908399640576
8829307069459857407 8829307069459857408 8829307069459857407
8829307069459857408 8829307069459857408 0
8829307069459857409 8829307069459857408 8592868089022906368
8831558869273542657 4609434218613702656 4602678819172646912
8831558869273542657 8688944881073476949 8598497588557119488
8833810669087227903 8833810669087227904 8833810669087227903
8833810669087227904 8833810669087227904 0
8833810669087227905 8833810669087227904 8597371688650276864
8837563668776703317 4609434218613702656 0
8837563668776703317 9020710053623103487 8837563668776703317
8838314268714598399 8838314268714598400 8838314268714598399
8838314268714598400 8838314268714598400 0
8838314268714598401 8838314268714598400 8601875288277647360
8839128986670484306 673378454099974983 671885398549802108
8842817868341968895 8842817868341968896 8842817868341968895
8842817868341968896 8842817868341968896 0
8842817868341968897 8842817868341968896 8606378887905017856
8845069668155654143 126100789566373888 0
8845069668155654143 4609434218613702656 4607182418800017408
8845069668155654144 454863562364420097 414331165718085632
8845069668155654144 4609434218613702656 4602678819172646912
8847321467969339391 8847321467969339392 8847321467969339391
8847321467969339392 8847321467969339392 0
8847321467969339393 8847321467969339392 8610882487532388352
8849573267783024641 785127535038256469 591097451092377600
8849573267783024641 4609434218613702656 4602678819172646912
8851825067596709887 8851825067596709888 8851825067596709887
8851825067596709888 8851825067596709888 0
8851825067596709889 8851825067596709888 8615386087159758848
8853827412737199920 5138905680508535217 5129889908346142036
8855578067286185301 1116892707587883007 1109386708214524586
8855578067286185301 4609434218613702656 0
8856328667224080383 8856328667224080384 8856328667224080383
8856328667224080384 8856328667224080384 0
8856328667224080385 8856328667224080384 8619889686787129344
8860832266851450879 8860832266851450880 8860832266851450879
8860832266851450880 8860832266851450880 0
8860832266851450881 8860832266851450880 8624393286414499840
8863084066665136127 1441151880758558720 0
8863084066665136127 4609434218613702656 4607182418800017408
8863084066665136128 1769914653556604929 1769914653556539394
8863084066665136128 4609434218613702656 4602678819172646912
8865335866478821375 8865335866478821376 8865335866478821375
8865335866478821376 8865335866478821376 0
8865335866478821377 8865335866478821376 8628896886041870336
8867587666292506625 2100178626230441301 2068278128869900288
8867587666292506625 4609434218613702656 4602678819172646912
8869839466106191871 8869839466106191872 8869839466106191871
8869839466106191872 8869839466106191872 0
8869839466106191873 8869839466106191872 8633400485669240832
8873592465795667285 2431943798780067839 2428941399028487509
8873592465795667285 4609434218613702656 0
8874343065733562367 8874343065733562368 8874343065733562367
8874343065733562368 8874343065733562368 0
8874343065733562369 8874343065733562368 8637904085296611328
8878846665360932863 8878846665360932864 8878846665360932863
8878846665360932864 8878846665360932864 0
8878846665360932865 8878846665360932864 8642407684923981824
8881098465174618111 2756202971950743552 0
8881098465174618111 4609434218613702656 4607182418800017408
8881098465174618112 3084965744748789761 3084964645237161986
8881098465174618112 4609434218613702656 4602678819172646912
8883350264988303359 8883350264988303360 8883350264988303359
8883350264988303360 8883350264988303360 0
8883350264988303361 8883350264988303360 8646911284551352320
8883475413444928516 6179628237807683300 6179331195248224916
8885602064801988609 3415229717422626133 3302264426769416192
8885602064801988609 4609434218613702656 4602678819172646912
8887853864615673855 8887853864615673856 8887853864615673855
8887853864615673856 8887853864615673856 0
8887853864615673857 8887853864615673856 8651414884178722816
8891606864305149269 3746994889972252671 3743992490578586282
8891606864305149269 4609434218613702656 0
8892357464243044351 8892357464243044352 8892357464243044351
8892357464243044352 8892357464243044352 0
8892357464243044353 8892357464243044352 8655918483806093312
8896861063870414847 8896861063870414848 8896861063870414847
8896861063870414848 8896861063870414848 0
8896861063870414849 8896861063870414848 8660422083433463808
8899112863684100095 4071254063142928384 0
8899112863684100095 4609434218613702656 4607182418800017408
8899112863684100096 4400016835940974593 4215369251218784256
8899112863684100096 4609434218613702656 4602678819172646912
8901364663497785343 8901364663497785344 8901364663497785343
8901364663497785344 8901364663497785344 0
8901364663497785345 8901364663497785344 8664925683060834304
8903616463311470593 4609434218613702656 4602678819172646912
8903616463311470593 4730280808614810965 4536250724668932096
8905868263125155839 8905868263125155840 8905868263125155839
8905868263125155840 8905868263125155840 0
8905868263125155841 8905868263125155840 8669429282688204800
8909621262814631253 4609434218613702656 0
8909621262814631253 5062045981164437503 5054539981785486762
8910371862752526335 8910371862752526336 8910371862752526335
8910371862752526336 8910371862752526336 0
8910371862752526337 8910371862752526336 8673932882315575296
8913351732336007537 492425106389041814 491526672921963422
8914875462379896831 8914875462379896832 8914875462379896831
8914875462379896832 8914875462379896832 0
8914875462379896833 8914875462379896832 8678436481942945792
8917127262193582079 4609434218613702656 4607182418800017408
8917127262193582079 5386305154335113216 0
8917127262193582080 4609434218613702656 4602678819172646912
8917127262193582080 5715067927133159425 5638506733467860992
8919379062007267327 8919379062007267328 8919379062007267327
8919379062007267328 8919379062007267328 0
8919379062007267329 8919379062007267328 8682940081570316288
8921630861820952577 4609434218613702656 4602678819172646912
8921630861820952577 6045331899806995797 6013431402446454784
8923882661634637823 8923882661634637824 8923882661634637823
8923882661634637824 8923882661634637824 0
8923882661634637825 8923882661634637824 8687443681197686784
8927635661324113237 4609434218613702656 0
8927635661324113237 6377097072356622335 6369591164603640490
8928386261262008319 8928386261262008320 8928386261262008319
8928386261262008320 8928386261262008320 0
8928386261262008321 8928386261262008320 8691947280825057280
8932889860889378815 8932889860889378816 8932889860889378815
8932889860889378816 8932889860889378816 0
8932889860889378817 8932889860889378816 8696450880452427776
8935141660703064063 4609434218613702656 4607182418800017408
8935141660703064063 6701356245527298048 0
8935141660703064064 4609434218613702656 4602678819172646912
8935141660703064064 7030119018325344257 7030119018325344002
8935641224811002535 1925354099712813994 1923768368176119376
8937393460516749311 8937393460516749312 8937393460516749311
8937393460516749312 8937393460516749312 0
8937393460516749313 8937393460516749312 8700954480079798272
8939645260330434561 4609434218613702656 4602678819172646912
8939645260330434561 7360382990999180629 7247417700345970688
8941897060144119807 8941897060144119808 8941897060144119807
8941897060144119808 8941897060144119808 0
8941897060144119809 8941897060144119808 8705458079707168768
8945650059833595221 4609434218613702656 0
8945650059833595221 7692148163548807167 7689145763797232298
8946400659771490303 8946400659771490304 8946400659771490303
8946400659771490304 8946400659771490304 0
8946400659771490305 8946400659771490304 8709961679334539264
8948194920918779939 7969034342507239975 7966985010072595723
8950904259398860799 8950904259398860800 8950904259398860799
8950904259398860800 8950904259398860800 0
8950904259398860801 8950904259398860800 8714465278961909760
8953156059212546047 4609434218613702656 4607182418800017408
8953156059212546047 8016407336719482880 0
8953156059212546048 4609434218613702656 4602678819172646912
8953156059212546048 8345170109517529089 8345170105222561794
8955407859026231295 8955407859026231296 8955407859026231295
8955407859026231296 8955407859026231296 0
8955407859026231297 8955407859026231296 8718968878589280256
8956406731070551801 5717817268986938832 5714537848612428320
8957659658839916545 4609434218613702656 4602678819172646912
8957659658839916545 8675434082191365461 8481403998245486592
8959911458653601791 8959911458653601792 8959911458653601791
8959911458653601792 8959911458653601792 0
8959911458653601793 8959911458653601792 8723472478216650752
8961620514183590361 5630301870957504920 5625606546708094064
8963664458343077205 4609434218613702656 0
8963664458343077205 9007199254740991999 8963664458343077205
8964415058280972287 8964415058280972288 8964415058280972287
8964415058280972288 8964415058280972288 0
8964415058280972289 8964415058280972288 8727976077844021248
8965988751490364868 7625499511338650374 7624054238444293896
8966967135468883663 8069265265619235842 8059354112897345808
8968918657908342783 8968918657908342784 8968918657908342783
8968918657908342784 8968918657908342784 0
8968918657908342785 8968918657908342784 8732479677471391744
8971170457722028031 112589990684262400 0
8971170457722028031 4609434218613702656 4607182418800017408
8971170457722028032 441352763482308609 441352763473920002
8971170457722028032 4609434218613702656 4602678819172646912
8973422257535713279 8973422257535713280 8973422257535713279
8973422257535713280 8973422257535713280 0
8973422257535713281 8973422257535713280 8736983277098762240
8975674057349398529 771616736156144981 717198240658751488
8975674057349398529 4609434218613702656 4602678819172646912
8977925857163083775 8977925857163083776 8977925857163083775
8977925857163083776 8977925857163083776 0
8977925857163083777 8977925857163083776 8741486876726132736
8981678856852559189 1103381908705771519 1095875909326820694
8981678856852559189 4609434218613702656 0
8982429456790454271 8982429456790454272 8982429456790454271
8982429456790454272 8982429456790454272 0
8982429456790454273 8982429456790454272 8745990476353503232
8984571962249216062 7851256883620814578 7839085637440372352
8986933056417824767 8986933056417824768 8986933056417824767
8986933056417824768 8986933056417824768 0
8986933056417824769 8986933056417824768 8750494075980873728
8989184856231510015 1427641081876447232 0
8989184856231510015 4609434218613702656 4607182418800017408
8989184856231510016 1756403854674493441 1756263117186138114
8989184856231510016 4609434218613702656 4602678819172646912
8991436656045195263 8991436656045195264 8991436656045195263
8991436656045195264 8991436656045195264 0
8991436656045195265 8991436656045195264 8754997675608244224
8993688455858880513 2086667827348329813 1951184538558267392
8993688455858880513 4609434218613702656 4602678819172646912
8995940255672565759 8995940255672565760 8995940255672565759
8995940255672565760 8995940255672565760 0
8995940255672565761 8995940255672565760 8759501275235614720
8999137397181327338 7321272383113279412 7318532853441460416
8999693255362041173 2418432999897956351 2410927001950661290
8999693255362041173 4609434218613702656 0
9000443855299936255 9000443855299936256 9000443855299936255
9000443855299936256 9000443855299936256 0
9000443855299936257 9000443855299936256 8764004874862985216
9004947454927306751 9004947454927306752 9004947454927306751
9004947454927306752 9004947454927306752 0
9004947454927306753 9004947454927306752 8768508474490355712
9007199254740991999 2742692173068632064 0
9007199254740991999 4609434218613702656 4607182418800017408
9007199254740992000 3071454945866678273 2918332558536081408
9007199254740992000 4609434218613702656 4602678819172646912
9009451054554677247 9009451054554677248 9009451054554677247
9009451054554677248 9009451054554677248 0
9009451054554677249 9009451054554677248 8773012074117726208
9011702854368362497 3401718918540514645 3185170836457783296
9011702854368362497 4609434218613702656 4602678819172646912
9013954654182047743 9013954654182047744 9013954654182047743
9013954654182047744 9013954654182047744 0
9013954654182047745 9013954654182047744 8777515673745096704
9017707653871523157 3733484091090141183 3730481691338560938
9017707653871523157 4609434218613702656 0
9018458253809418239 9018458253809418240 9018458253809418239
9018458253809418240 9018458253809418240 0
9018458253809418241 9018458253809418240 8782019273372467200
9022961853436788735 9022961853436788736 9022961853436788735
9022961853436788736 9022961853436788736 0
9022961853436788737 9022961853436788736 8786522872999837696
9025213653250473983 4057743264260816896 0
9025213653250473983 4609434218613702656 4607182418800017408
9025213653250473984 4386506037058863105 4341470040785158144
9025213653250473984 4609434218613702656 4602678819172646912
9027465453064159231 9027465453064159232 9027465453064159231
9027465453064159232 9027465453064159232 0
9027465453064159233 9027465453064159232 8791026472627208192
9029717252877844481 4609434218613702656 4602678819172646912
9029717252877844481 4716770009732699477 4662351514235305984
9031969052691529727 9031969052691529728 9031969052691529727
9031969052691529728 9031969052691529728 0
9031969052691529729 9031969052691529728 8795530072254578688
9033485150773478801 6607169879802933206 6585461534574564352
9035722052381005141 4609434218613702656 0
9035722052381005141 5048535182282326015 5045532874156714666
9036472652318900223 9036472652318900224 9036472652318900223
9036472652318900224 9036472652318900224 0
9036472652318900225 9036472652318900224 8800033671881949184
9040976251946270719 9040976251946270720 9040976251946270719
9040976251946270720 9040976251946270720 0
9040976251946270721 9040976251946270720 8804537271509319680
9043228051759955967 4609434218613702656 4607182418800017408
9043228051759955967 5372794355453001728 0
9043228051759955968 4609434218613702656 4602678819172646912
9043228051759955968 5701557128251047937 5701557128251015170
9045479851573641215 9045479851573641216 9045479851573641215
9045479851573641216 9045479851573641216 0
9045479851573641217 9045479851573641216 8809040871136690176
9045517693568893582 5650848942988108259 5638462991342119288
9047731651387326465 4609434218613702656 4602678819172646912
9047731651387326465 6031821100924884309 5896337812134821888
9049983451201011711 9049983451201011712 9049983451201011711
9049983451201011712 9049983451201011712 0
9049983451201011713 9049983451201011712 8813544470764060672
9053736450890487125 4609434218613702656 0
9053736450890487125 6363586273474510847 6356080274095581866
9054487050828382207 9054487050828382208 9054487050828382207
9054487050828382208 9054487050828382208 0
9054487050828382209 9054487050828382208 8818048070391431168
9058990650455752703 9058990650455752704 9058990650455752703
9058990650455752704 9058990650455752704 0
9058990650455752705 9058990650455752704 8822551670018801664
9061242450269437951 4609434218613702656 4607182418800017408
9061242450269437951 6687845446645186560 0
9061242450269437952 4609434218613702656 4602678819172646912
9061242450269437952 7016608219443232769 7016607669687418882
9063494250083123199 9063494250083123200 9063494250083123199
9063494250083123200 9063494250083123200 0
9063494250083123201 9063494250083123200 8827055269646172160
9063851462105592017 6748967648155341479 6743637641816088832
9065746049896808449 4609434218613702656 4602678819172646912
9065746049896808449 7346872192117069141 7130324110034337792
9067997849710493695 9067997849710493696 9067997849710493695
9067997849710493696 9067997849710493696 0
9067997849710493697 9067997849710493696 8831558869273542656
9071149356696100522 8791206811463210667 8788798061190070974
9071750849399969109 4609434218613702656 0
9071750849399969109 7678637364666695679 7671154821535804074
9072501449337864191 9072501449337864192 9072501449337864191
9072501449337864192 9072501449337864192 0
9072501449337864193 9072501449337864192 8836062468900913152
9077005048965234687 9077005048965234688 9077005048965234687
9077005048965234688 9077005048965234688 0
9077005048965234689 9077005048965234688 8840566068528283648
9077727232425018285 2693315341340912667 2686393218311868548
9079256848778919935 4609434218613702656 4607182418800017408
9079256848778919935 8002896537837371392 0
9079256848778919936 4609434218613702656 4602678819172646912
9079256848778919936 8331659310635417601 8142508126285856768
9081508648592605183 9081508648592605184 9081508648592605183
9081508648592605184 9081508648592605184 0
9081508648592605185 9081508648592605184 8845069668155654144
9083760448406290433 4609434218613702656 4602678819172646912
9083760448406290433 8661923283309253973 8607504787811860480
9086012248219975679 9086012248219975680 9086012248219975679
9086012248219975680 9086012248219975680 0
9086012248219975681 9086012248219975680 8849573267783024640
9089765247909451093 4609434218613702656 0
9089765247909451093 8993688455858880511 8990686056108698282
9090515847847346175 9090515847847346176 9090515847847346175
9090515847847346176 9090515847847346176 0
9090515847847346177 9090515847847346176 8854076867410395136
9095019447474716671 9095019447474716672 9095019447474716671
9095019447474716672 9095019447474716672 0
9095019447474716673 9095019447474716672 8858580467037765632
9097271247288401919 99079191802150912 0
9097271247288401919 4609434218613702656 4607182418800017408
9097271247288401920 427841964600197121 198158383604301824
9097271247288401920 4609434218613702656 4602678819172646912
9099523047102087167 9099523047102087168 9099523047102087167
9099523047102087168 9099523047102087168 0
9099523047102087169 9099523047102087168 8863084066665136128
9101774846915772417 758105937274033493 600104650347118592
9101774846915772417 4609434218613702656 4602678819172646912
9102126406317518010 1412956212071402344 1412874885026005984
9104026646729457663 9104026646729457664 9104026646729457663
9104026646729457664 9104026646729457664 0
9104026646729457665 9104026646729457664 8867587666292506624
9107779646418933077 1089871109823660031 1086868711503735466
9107779646418933077 4609434218613702656 0
9108530246356828159 9108530246356828160 9108530246356828159
9108530246356828160 9108530246356828160 0
9108530246356828161 9108530246356828160 8872091265919877120
9113033845984198655 9113033845984198656 9113033845984198655
9113033845984198656 9113033845984198656 0
9113033845984198657 9113033845984198656 8876594865547247616
9115285645797883903 1414130282994335744 0
9115285645797883903 4609434218613702656 4607182418800017408
9115285645797883904 1742893055792381953 1621295865853378560
9115285645797883904 4609434218613702656 4602678819172646912
9117537445611569151 9117537445611569152 9117537445611569151
9117537445611569152 9117537445611569152 0
9117537445611569153 9117537445611569152 8881098465174618112
9119789245425254401 2073157028466218325 2072406428528323243
9119789245425254401 4609434218613702656 4602678819172646912
9122041045238939647 9122041045238939648 9122041045238939647
9122041045238939648 9122041045238939648 0
9122041045238939649 9122041045238939648 8885602064801988608
9122211875333958561 8038348700907544326 8017147043370871296
9125794044928415061 2404922201015844863 2397416201636894378
9125794044928415061 4609434218613702656 0
9126544644866310143 9126544644866310144 9126544644866310143
9126544644866310144 9126544644866310144 0
9126544644866310145 9126544644866310144 8890105664429359104
9131048244493680639 9131048244493680640 9131048244493680639
9131048244493680640 9131048244493680640 0
9131048244493680641 9131048244493680640 8894609264056729600
9133300044307365887 2729181374186520576 0
9133300044307365887 4609434218613702656 4607182418800017408
9133300044307365888 3057944146984566785 3044433348102455296
9133300044307365888 4609434218613702656 4602678819172646912
9135551844121051135 9135551844121051136 9135551844121051135
9135551844121051136 9135551844121051136 0
9135551844121051137 9135551844121051136 8899112863684100096
9137803643934736385 3388208119658403157 3311271626024157184
9137803643934736385 4609434218613702656 4602678819172646912
9140055443748421631 9140055443748421632 9140055443748421631
9140055443748421632 9140055443748421632 0
9140055443748421633 9140055443748421632 8903616463311470592
9143808443437897045 3719973292208029695 3712467659332954794
9143808443437897045 4609434218613702656 0
9144559043375792127 9144559043375792128 9144559043375792127
9144559043375792128 9144559043375792128 0
9144559043375792129 9144559043375792128 8908120062938841088
9149062643003162623 9149062643003162624 9149062643003162623
9149062643003162624 9149062643003162624 0
9149062643003162625 9149062643003162624 8912623662566211584
9151298220986923371 453848291838034712 453777208092046768
9151314442816847871 4044232465378705408 0
9151314442816847871 4609434218613702656 4607182418800017408
9151314442816847872 4372995238176751617 4372995238172557314
9151314442816847872 4609434218613702656 4602678819172646912
9153566242630533119 9153566242630533120 9153566242630533119
9153566242630533120 9153566242630533120 0
9153566242630533121 9153566242630533120 8917127262193582080
9155818042444218369 4609434218613702656 4602678819172646912
9155818042444218369 4703259210850587989 4545257923923673088
9158069842257903615 9158069842257903616 9158069842257903615
9158069842257903616 9158069842257903616 0
9158069842257903617 9158069842257903616 8921630861820952576
9161822841947379029 4609434218613702656 0
9161822841947379029 5035024383400214527 5032021983648656042
9162573441885274111 9162573441885274112 9162573441885274111
9162573441885274112 9162573441885274112 0
9162573441885274113 9162573441885274112 8926134461448323072
9167077041512644607 9167077041512644608 9167077041512644607
9167077041512644608 9167077041512644608 0
9167077041512644609 9167077041512644608 8930638061075693568
9168304136664070817 4119621752729965602 4118506047277694314
9169328841326329855 4609434218613702656 4607182418800017408
9169328841326329855 5359283556570890240 0
9169328841326329856 4609434218613702656 4602678819172646912
9169328841326329856 5688046329368936449 5687975960624758786
9171580641140015103 9171580641140015104 9171580641140015103
9171580641140015104 9171580641140015104 0
9171580641140015105 9171580641140015104 8935141660703064064
9173832440953700353 4609434218613702656 4602678819172646912
9173832440953700353 6018310302042772821 6017559702104877739
9176084240767385599 9176084240767385600 9176084240767385599
9176084240767385600 9176084240767385600 0
9176084240767385601 9176084240767385600 8939645260330434560
9179837240456861013 4609434218613702656 0
9179837240456861013 6350075474592399359 6347096531088878250
9180587840394756095 9180587840394756096 9180587840394756095
9180587840394756096 9180587840394756096 0
9180587840394756097 9180587840394756096 8944148859957805056
9185091440022126591 9185091440022126592 9185091440022126591
9185091440022126592 9185091440022126592 0
9185091440022126593 9185091440022126592 8948652459585175552
9185931858511276593 3418052379835012310 3417187277852444230
9187343239835811839 4609434218613702656 4607182418800017408
9187343239835811839 6674334647763075072 0
9187343239835811840 4609434218613702656 4602678819172646912
9187343239835811840 7003097420561121281 6845471433603153920
9189595039649497087 9189595039649497088 9189595039649497087
9189595039649497088 9189595039649497088 0
9189595039649497089 9189595039649497088 8953156059212546048
9191846839463182337 4609434218613702656 4602678819172646912
9191846839463182337 7333361393234957653 7256424899600711680
9194098639276867583 9194098639276867584 9194098639276867583
9194098639276867584 9194098639276867584 0
9194098639276867585 9194098639276867584 8957659658839916544
9197851638966342997 4609434218613702656 0
9197851638966342997 7665126565784584191 7657620566411225770
9198602238904238079 9198602238904238080 9198602238904238079
9198602238904238080 9198602238904238080 0
9198602238904238081 9198602238904238080 8962163258467287040
9199159160550513594 4505348933672577657 4499485572303668796
9203105838531608575 9203105838531608576 9203105838531608575
9203105838531608576 9203105838531608576 0
9203105838531608577 9203105838531608576 8966666858094657536
9205357638345293823 4609434218613702656 4607182418800017408
9205357638345293823 7989385738955259904 0
9205357638345293824 4609434218613702656 4602678819172646912
9205357638345293824 8318148511753306113 8268608915852230656
9207609438158979071 9207609438158979072 9207609438158979071
9207609438158979072 9207609438158979072 0
9207609438158979073 9207609438158979072 8971170457722028032
9209861237972664321 4609434218613702656 4602678819172646912
9209861237972664321 8648412484427142485 8490411197500227584
9212113037786349567 9212113037786349568 9212113037786349567
9212113037786349568 9212113037786349568 0
9212113037786349569 9212113037786349568 8975674057349398528
9215866037475824981 4609434218613702656 0
9215866037475824981 8980177656976769023 8977175257225188693
9216616637413720063 9216616637413720064 9216616637413720063
9216616637413720064 9216616637413720064 0
9216616637413720065 9216616637413720064 8980177656976769024
9218868437227405310 1 0
9218868437227405310 2 0
9218868437227405310 3 0
9218868437227405310 4503599627370495 0
9218868437227405310 4503599627370496 0
9218868437227405310 4503599627370497 524288
9218868437227405310 4607182418800017408 0
9218868437227405310 4609434218613702656 0
9218868437227405310 4611686018427387904 0
9218868437227405310 9218868437227405310 0
9218868437227405310 9218868437227405311 9218868437227405310
9218868437227405311 1 0
9218868437227405311 2 0
9218868437227405311 3 2
9218868437227405311 4503599627370495 131072
9218868437227405311 4503599627370496 0
9218868437227405311 4503599627370497 393216
9218868437227405311 4607182418800017408 0
9218868437227405311 4609434218613702656 4602678819172646912
9218868437227405311 4611686018427387904 0
9218868437227405311 9218868437227405310 8980177656976769024
9218868437227405311 9218868437227405311 0
