1 0 0 1065353216 0 -1 0 -1 0 0 0 -1 0 0 1 0
1 0 0 1065353216 1 -1 0 -1 0 0 0 -1 0 0 1 0
1 0 0 1065353216 2 -1 0 -1 0 0 0 -1 0 0 1 0
1 0 1 1065353216 0 -1 0 -1 0 1 0 0 1 1 1 1
1 0 1 1065353216 1 -1 0 -1 0 0 1 1 1 0 1 0
1 0 1 1065353216 2 -1 0 -1 0 1 1 1 1 0 1 0
1 0 2 1065353216 0 -1 0 -1 0 1 0 0 1 1 1 1
1 0 2 1065353216 1 -1 0 -1 0 0 2 2 1 0 1 0
1 0 2 1065353216 2 -1 0 -1 0 0 2 2 1 0 1 0
1 0 1065353216 1065353216 0 -1 0 -1 0 1 0 0 1 1 1 1
1 0 1065353216 1065353216 1 -1 0 -1 1 0 17 -1 0 1 1 0
1 0 1065353216 1065353216 2 -1 0 -1 1 0 17 -1 0 1 1 0
1 0 1275068414 1065353216 0 -1 0 -1 0 1 0 0 1 1 1 1
1 0 1275068414 1065353216 1 -1 0 -1 1 0 17 -1 0 1 1 0
1 0 1275068414 1065353216 2 -1 0 -1 1 0 17 -1 0 1 1 0
1 0 1275068415 1065353216 0 -1 0 -1 0 1 0 0 1 1 1 1
1 0 1275068415 1065353216 1 -1 0 -1 1 0 17 -1 0 1 1 0
1 0 1275068415 1065353216 2 -1 0 -1 1 0 17 -1 0 1 1 0
1 0 1275068416 1065353216 0 -1 0 -1 0 1 0 0 1 1 1 1
1 0 1275068416 1065353216 1 -1 0 -1 1 0 17 -1 0 1 1 0
1 0 1275068416 1065353216 2 -1 0 -1 1 0 17 -1 0 1 1 0
1 0 1275068417 1065353216 0 -1 0 -1 0 1 0 0 1 1 1 1
1 0 1275068417 1065353216 1 -1 0 -1 1 0 17 -1 0 1 1 0
1 0 1275068417 1065353216 2 -1 0 -1 1 0 17 -1 0 1 1 0
1 0 1585446912 1065353216 0 -1 0 -1 0 1 0 0 1 1 1 1
1 0 1585446912 1065353216 1 -1 0 -1 1 0 17 -1 0 1 1 0
1 0 1585446912 1065353216 2 -1 0 -1 1 0 17 -1 0 1 1 0
1 0 1593835519 1065353216 0 -1 0 -1 0 1 0 0 1 1 1 1
1 0 1593835519 1065353216 1 -1 0 -1 1 0 17 -1 0 1 1 0
1 0 1593835519 1065353216 2 -1 0 -1 1 0 17 -1 0 1 1 0
1 0 1593835520 1065353216 0 -1 0 -1 0 1 0 0 1 1 1 1
1 0 1593835520 1065353216 1 -1 0 -1 1 0 17 -1 0 1 1 0
1 0 1593835520 1065353216 2 -1 0 -1 1 0 17 -1 0 1 1 0
1 0 1593835521 1065353216 0 -1 0 -1 0 1 0 0 1 1 1 1
1 0 1593835521 1065353216 1 -1 0 -1 1 0 17 -1 0 1 1 0
1 0 1593835521 1065353216 2 -1 0 -1 1 0 17 -1 0 1 1 0
1 0 1904214016 1065353216 0 -1 0 -1 0 1 0 0 1 1 1 1
1 0 1904214016 1065353216 1 -1 0 -1 1 0 17 -1 0 1 1 0
1 0 1904214016 1065353216 2 -1 0 -1 1 0 17 -1 0 1 1 0
1 0 2139095039 1065353216 0 -1 0 -1 0 1 0 0 1 1 1 1
1 0 2139095039 1065353216 1 -1 0 -1 1 0 17 -1 0 1 1 0
1 0 2139095039 1065353216 2 -1 0 -1 1 0 17 -1 0 1 1 0
1 0 2147483648 1065353216 0 -1 0 -1 0 0 0 -1 0 0 1 0
1 0 2147483648 1065353216 1 -1 0 -1 0 0 0 -1 0 0 1 0
1 0 2147483648 1065353216 2 -1 0 -1 0 0 0 -1 0 0 1 0
1 0 2147483649 1065353216 0 -1 0 -1 0 0 0 0 1 1 -1 1
1 0 2147483649 1065353216 1 -1 0 -1 0 0 -1 0 1 0 -1 0
1 0 2147483649 1065353216 2 -1 0 -1 0 0 -1 0 1 0 -1 0
1 0 2147483650 1065353216 0 -1 0 -1 0 0 0 0 1 1 -1 1
1 0 2147483650 1065353216 1 -1 0 -1 0 0 -2 1 1 0 -1 0
1 0 2147483650 1065353216 2 -1 0 -1 0 1 -2 1 1 0 -1 0
1 0 3212836864 1065353216 0 -1 0 -1 0 0 0 0 1 1 -1 1
1 0 3212836864 1065353216 1 -1 0 -1 1 0 17 -1 0 1 1 0
1 0 3212836864 1065353216 2 -1 0 -1 1 0 17 -1 0 1 1 0
1 0 3422552062 1065353216 0 -1 0 -1 0 0 0 0 1 1 -1 1
1 0 3422552062 1065353216 1 -1 0 -1 1 0 17 -1 0 1 1 0
1 0 3422552062 1065353216 2 -1 0 -1 1 0 17 -1 0 1 1 0
1 0 3422552063 1065353216 0 -1 0 -1 0 0 0 0 1 1 -1 1
1 0 3422552063 1065353216 1 -1 0 -1 1 0 17 -1 0 1 1 0
1 0 3422552063 1065353216 2 -1 0 -1 1 0 17 -1 0 1 1 0
1 0 3422552064 1065353216 0 -1 0 -1 0 0 0 0 1 1 -1 1
1 0 3422552064 1065353216 1 -1 0 -1 1 0 17 -1 0 1 1 0
1 0 3422552064 1065353216 2 -1 0 -1 1 0 17 -1 0 1 1 0
1 0 3422552065 1065353216 0 -1 0 -1 0 0 0 0 1 1 -1 1
1 0 3422552065 1065353216 1 -1 0 -1 1 0 17 -1 0 1 1 0
1 0 3422552065 1065353216 2 -1 0 -1 1 0 17 -1 0 1 1 0
1 0 3732930560 1065353216 0 -1 0 -1 0 0 0 0 1 1 -1 1
1 0 3732930560 1065353216 1 -1 0 -1 1 0 17 -1 0 1 1 0
1 0 3732930560 1065353216 2 -1 0 -1 1 0 17 -1 0 1 1 0
1 0 3741319167 1065353216 0 -1 0 -1 0 0 0 0 1 1 -1 1
1 0 3741319167 1065353216 1 -1 0 -1 1 0 17 -1 0 1 1 0
1 0 3741319167 1065353216 2 -1 0 -1 1 0 17 -1 0 1 1 0
1 0 3741319168 1065353216 0 -1 0 -1 0 0 0 0 1 1 -1 1
1 0 3741319168 1065353216 1 -1 0 -1 1 0 17 -1 0 1 1 0
1 0 3741319168 1065353216 2 -1 0 -1 1 0 17 -1 0 1 1 0
1 0 3741319169 1065353216 0 -1 0 -1 0 0 0 0 1 1 -1 1
1 0 3741319169 1065353216 1 -1 0 -1 1 0 17 -1 0 1 1 0
1 0 3741319169 1065353216 2 -1 0 -1 1 0 17 -1 0 1 1 0
1 0 4051697664 1065353216 0 -1 0 -1 0 0 0 0 1 1 -1 1
1 0 4051697664 1065353216 1 -1 0 -1 1 0 17 -1 0 1 1 0
1 0 4051697664 1065353216 2 -1 0 -1 1 0 17 -1 0 1 1 0
1 0 4286578687 1065353216 0 -1 0 -1 0 0 0 0 1 1 -1 1
1 0 4286578687 1065353216 1 -1 0 -1 1 0 17 -1 0 1 1 0
1 0 4286578687 1065353216 2 -1 0 -1 1 0 17 -1 0 1 1 0
3 0 0 1065353216 0 -1 0 -1 0 0 0 -1 0 0 1 0
3 0 0 1065353216 1 -1 0 -1 0 0 0 -1 0 0 1 0
3 0 0 1065353216 2 -1 0 -1 0 0 0 -1 0 0 1 0
3 0 1 1065353216 0 -1 0 -1 0 1 0 0 1 0 1 0
3 0 1 1065353216 1 -1 0 -1 0 1 0 -1 0 0 1 0
3 0 1 1065353216 2 -1 0 -1 0 1 0 -1 0 0 1 0
3 0 2 1065353216 0 -1 0 -1 0 2 0 0 1 0 1 0
3 0 2 1065353216 1 -1 0 -1 0 2 0 -1 0 0 1 0
3 0 2 1065353216 2 -1 0 -1 0 2 0 -1 0 0 1 0
3 0 3 1065353216 0 -1 0 -1 0 3 0 0 1 1 1 1
3 0 3 1065353216 1 -1 0 -1 0 0 1 1 1 0 1 0
3 0 3 1065353216 2 -1 0 -1 0 3 1 1 1 0 1 0
3 0 4 1065353216 0 -1 0 -1 0 3 0 0 1 1 1 1
3 0 4 1065353216 1 -1 0 -1 0 1 1 1 1 0 1 0
3 0 4 1065353216 2 -1 0 -1 0 4 1 1 1 0 1 0
3 0 1065353216 1065353216 0 -1 0 -1 0 3 0 0 1 1 1 1
3 0 1065353216 1065353216 1 -1 0 -1 1 0 17 -1 0 1 1 0
3 0 1065353216 1065353216 2 -1 0 -1 1 0 17 -1 0 1 1 0
3 0 1275068414 1065353216 0 -1 0 -1 0 3 0 0 1 1 1 1
3 0 1275068414 1065353216 1 -1 0 -1 1 0 17 -1 0 1 1 0
3 0 1275068414 1065353216 2 -1 0 -1 1 0 17 -1 0 1 1 0
3 0 1275068415 1065353216 0 -1 0 -1 0 3 0 0 1 1 1 1
3 0 1275068415 1065353216 1 -1 0 -1 1 0 17 -1 0 1 1 0
3 0 1275068415 1065353216 2 -1 0 -1 1 0 17 -1 0 1 1 0
3 0 1275068416 1065353216 0 -1 0 -1 0 3 0 0 1 1 1 1
3 0 1275068416 1065353216 1 -1 0 -1 1 0 17 -1 0 1 1 0
3 0 1275068416 1065353216 2 -1 0 -1 1 0 17 -1 0 1 1 0
3 0 1275068417 1065353216 0 -1 0 -1 0 3 0 0 1 1 1 1
3 0 1275068417 1065353216 1 -1 0 -1 1 0 17 -1 0 1 1 0
3 0 1275068417 1065353216 2 -1 0 -1 1 0 17 -1 0 1 1 0
3 0 1585446912 1065353216 0 -1 0 -1 0 3 0 0 1 1 1 1
3 0 1585446912 1065353216 1 -1 0 -1 1 0 17 -1 0 1 1 0
3 0 1585446912 1065353216 2 -1 0 -1 1 0 17 -1 0 1 1 0
3 0 1593835519 1065353216 0 -1 0 -1 0 3 0 0 1 1 1 1
3 0 1593835519 1065353216 1 -1 0 -1 1 0 17 -1 0 1 1 0
3 0 1593835519 1065353216 2 -1 0 -1 1 0 17 -1 0 1 1 0
3 0 1593835520 1065353216 0 -1 0 -1 0 3 0 0 1 1 1 1
3 0 1593835520 1065353216 1 -1 0 -1 1 0 17 -1 0 1 1 0
3 0 1593835520 1065353216 2 -1 0 -1 1 0 17 -1 0 1 1 0
3 0 1593835521 1065353216 0 -1 0 -1 0 3 0 0 1 1 1 1
3 0 1593835521 1065353216 1 -1 0 -1 1 0 17 -1 0 1 1 0
3 0 1593835521 1065353216 2 -1 0 -1 1 0 17 -1 0 1 1 0
3 0 1904214016 1065353216 0 -1 0 -1 0 3 0 0 1 1 1 1
3 0 1904214016 1065353216 1 -1 0 -1 1 0 17 -1 0 1 1 0
3 0 1904214016 1065353216 2 -1 0 -1 1 0 17 -1 0 1 1 0
3 0 2139095039 1065353216 0 -1 0 -1 0 3 0 0 1 1 1 1
3 0 2139095039 1065353216 1 -1 0 -1 1 0 17 -1 0 1 1 0
3 0 2139095039 1065353216 2 -1 0 -1 1 0 17 -1 0 1 1 0
3 0 2147483648 1065353216 0 -1 0 -1 0 0 0 -1 0 0 1 0
3 0 2147483648 1065353216 1 -1 0 -1 0 0 0 -1 0 0 1 0
3 0 2147483648 1065353216 2 -1 0 -1 0 0 0 -1 0 0 1 0
3 0 2147483649 1065353216 0 -1 0 -1 0 0 0 0 1 1 -1 1
3 0 2147483649 1065353216 1 -1 0 -1 0 2 -1 0 1 0 -1 0
3 0 2147483649 1065353216 2 -1 0 -1 0 2 -1 0 1 0 -1 0
3 0 2147483650 1065353216 0 -1 0 -1 0 0 0 0 1 1 -1 1
3 0 2147483650 1065353216 1 -1 0 -1 0 1 -1 0 1 0 -1 0
3 0 2147483650 1065353216 2 -1 0 -1 0 1 -1 0 1 0 -1 0
3 0 2147483651 1065353216 0 -1 0 -1 0 0 0 0 1 1 -1 1
3 0 2147483651 1065353216 1 -1 0 -1 0 0 -1 0 1 0 -1 0
3 0 2147483651 1065353216 2 -1 0 -1 0 0 -1 0 1 0 -1 0
3 0 2147483652 1065353216 0 -1 0 -1 0 0 0 0 1 1 -1 1
3 0 2147483652 1065353216 1 -1 0 -1 0 2 -2 1 1 0 -1 0
3 0 2147483652 1065353216 2 -1 0 -1 0 5 -2 1 1 0 -1 0
3 0 3212836864 1065353216 0 -1 0 -1 0 0 0 0 1 1 -1 1
3 0 3212836864 1065353216 1 -1 0 -1 1 0 17 -1 0 1 1 0
3 0 3212836864 1065353216 2 -1 0 -1 1 0 17 -1 0 1 1 0
3 0 3422552062 1065353216 0 -1 0 -1 0 0 0 0 1 1 -1 1
3 0 3422552062 1065353216 1 -1 0 -1 1 0 17 -1 0 1 1 0
3 0 3422552062 1065353216 2 -1 0 -1 1 0 17 -1 0 1 1 0
3 0 3422552063 1065353216 0 -1 0 -1 0 0 0 0 1 1 -1 1
3 0 3422552063 1065353216 1 -1 0 -1 1 0 17 -1 0 1 1 0
3 0 3422552063 1065353216 2 -1 0 -1 1 0 17 -1 0 1 1 0
3 0 3422552064 1065353216 0 -1 0 -1 0 0 0 0 1 1 -1 1
3 0 3422552064 1065353216 1 -1 0 -1 1 0 17 -1 0 1 1 0
3 0 3422552064 1065353216 2 -1 0 -1 1 0 17 -1 0 1 1 0
3 0 3422552065 1065353216 0 -1 0 -1 0 0 0 0 1 1 -1 1
3 0 3422552065 1065353216 1 -1 0 -1 1 0 17 -1 0 1 1 0
3 0 3422552065 1065353216 2 -1 0 -1 1 0 17 -1 0 1 1 0
3 0 3732930560 1065353216 0 -1 0 -1 0 0 0 0 1 1 -1 1
3 0 3732930560 1065353216 1 -1 0 -1 1 0 17 -1 0 1 1 0
3 0 3732930560 1065353216 2 -1 0 -1 1 0 17 -1 0 1 1 0
3 0 3741319167 1065353216 0 -1 0 -1 0 0 0 0 1 1 -1 1
3 0 3741319167 1065353216 1 -1 0 -1 1 0 17 -1 0 1 1 0
3 0 3741319167 1065353216 2 -1 0 -1 1 0 17 -1 0 1 1 0
3 0 3741319168 1065353216 0 -1 0 -1 0 0 0 0 1 1 -1 1
3 0 3741319168 1065353216 1 -1 0 -1 1 0 17 -1 0 1 1 0
3 0 3741319168 1065353216 2 -1 0 -1 1 0 17 -1 0 1 1 0
3 0 3741319169 1065353216 0 -1 0 -1 0 0 0 0 1 1 -1 1
3 0 3741319169 1065353216 1 -1 0 -1 1 0 17 -1 0 1 1 0
3 0 3741319169 1065353216 2 -1 0 -1 1 0 17 -1 0 1 1 0
3 0 4051697664 1065353216 0 -1 0 -1 0 0 0 0 1 1 -1 1
3 0 4051697664 1065353216 1 -1 0 -1 1 0 17 -1 0 1 1 0
3 0 4051697664 1065353216 2 -1 0 -1 1 0 17 -1 0 1 1 0
3 0 4286578687 1065353216 0 -1 0 -1 0 0 0 0 1 1 -1 1
3 0 4286578687 1065353216 1 -1 0 -1 1 0 17 -1 0 1 1 0
3 0 4286578687 1065353216 2 -1 0 -1 1 0 17 -1 0 1 1 0
3564545 3564545 3580565081 0 1 -1 1 1 0 3564545 0 1 1 0 1 0
4194304 4194303 4194303 1048576000 1 -1 1 1 0 1048575 1 2 1 0 1 0
4194304 4194303 4194304 1048576000 1 -1 1 1 0 1048575 1 2 1 0 1 0
4194304 4194303 4194305 1048576000 1 -1 1 1 0 1048575 1 2 1 0 1 0
4194304 4194304 2151677951 1065353216 2 3 1 1 0 1 -1 2 1 0 -1 0
4194304 4194304 2151677952 1065353216 2 3 1 1 0 0 -1 2 1 0 -1 0
4194304 4194304 2151677953 1065353216 2 3 1 1 0 0 0 1 1 1 -1 1
7206978 7206978 1496663083 1065353216 2 0 0 -1 0 0 0 -1 0 1 1 1
8388607 0 0 1065353216 0 -1 0 -1 0 0 0 -1 0 0 1 0
8388607 0 0 1065353216 1 -1 0 -1 0 0 0 -1 0 0 1 0
8388607 0 0 1065353216 2 -1 0 -1 0 0 0 -1 0 0 1 0
8388607 0 1 1065353216 0 -1 0 -1 0 1 0 0 1 0 1 0
8388607 0 1 1065353216 1 -1 0 -1 0 1 0 -1 0 0 1 0
8388607 0 1 1065353216 2 -1 0 -1 0 1 0 -1 0 0 1 0
8388607 0 8388606 1065353216 0 -1 0 -1 0 8388606 0 0 1 0 1 0
8388607 0 8388606 1065353216 1 -1 0 -1 0 8388606 0 -1 0 0 1 0
8388607 0 8388606 1065353216 2 -1 0 -1 0 8388606 0 -1 0 0 1 0
8388607 0 8388607 1065353216 0 -1 0 -1 0 8388607 0 0 1 1 1 1
8388607 0 8388607 1065353216 1 -1 0 -1 0 0 1 1 1 0 1 0
8388607 0 8388607 1065353216 2 -1 0 -1 0 8388607 1 1 1 0 1 0
8388607 0 8388608 1065353216 0 -1 0 -1 0 8388607 0 0 1 1 1 1
8388607 0 8388608 1065353216 1 -1 0 -1 0 1 1 1 1 0 1 0
8388607 0 8388608 1065353216 2 -1 0 -1 0 8388608 1 1 1 0 1 0
8388607 0 1065353216 1065353216 0 -1 0 -1 0 8388607 0 0 1 1 1 1
8388607 0 1065353216 1065353216 1 -1 0 -1 1 0 17 -1 0 1 1 0
8388607 0 1065353216 1065353216 2 -1 0 -1 1 0 17 -1 0 1 1 0
8388607 0 1275068414 1065353216 0 -1 0 -1 0 8388607 0 0 1 1 1 1
8388607 0 1275068414 1065353216 1 -1 0 -1 1 0 17 -1 0 1 1 0
8388607 0 1275068414 1065353216 2 -1 0 -1 1 0 17 -1 0 1 1 0
8388607 0 1275068415 1065353216 0 -1 0 -1 0 8388607 0 0 1 1 1 1
8388607 0 1275068415 1065353216 1 -1 0 -1 1 0 17 -1 0 1 1 0
8388607 0 1275068415 1065353216 2 -1 0 -1 1 0 17 -1 0 1 1 0
8388607 0 1275068416 1065353216 0 -1 0 -1 0 8388607 0 0 1 1 1 1
8388607 0 1275068416 1065353216 1 -1 0 -1 1 0 17 -1 0 1 1 0
8388607 0 1275068416 1065353216 2 -1 0 -1 1 0 17 -1 0 1 1 0
8388607 0 1275068417 1065353216 0 -1 0 -1 0 8388607 0 0 1 1 1 1
8388607 0 1275068417 1065353216 1 -1 0 -1 1 0 17 -1 0 1 1 0
8388607 0 1275068417 1065353216 2 -1 0 -1 1 0 17 -1 0 1 1 0
8388607 0 1585446912 1065353216 0 -1 0 -1 0 8388607 0 0 1 1 1 1
8388607 0 1585446912 1065353216 1 -1 0 -1 1 0 17 -1 0 1 1 0
8388607 0 1585446912 1065353216 2 -1 0 -1 1 0 17 -1 0 1 1 0
8388607 0 1593835519 1065353216 0 -1 0 -1 0 8388607 0 0 1 1 1 1
8388607 0 1593835519 1065353216 1 -1 0 -1 1 0 17 -1 0 1 1 0
8388607 0 1593835519 1065353216 2 -1 0 -1 1 0 17 -1 0 1 1 0
8388607 0 1593835520 1065353216 0 -1 0 -1 0 8388607 0 0 1 1 1 1
8388607 0 1593835520 1065353216 1 -1 0 -1 1 0 17 -1 0 1 1 0
8388607 0 1593835520 1065353216 2 -1 0 -1 1 0 17 -1 0 1 1 0
8388607 0 1593835521 1065353216 0 -1 0 -1 0 8388607 0 0 1 1 1 1
8388607 0 1593835521 1065353216 1 -1 0 -1 1 0 17 -1 0 1 1 0
8388607 0 1593835521 1065353216 2 -1 0 -1 1 0 17 -1 0 1 1 0
8388607 0 1904214016 1065353216 0 -1 0 -1 0 8388607 0 0 1 1 1 1
8388607 0 1904214016 1065353216 1 -1 0 -1 1 0 17 -1 0 1 1 0
8388607 0 1904214016 1065353216 2 -1 0 -1 1 0 17 -1 0 1 1 0
8388607 0 2139095039 1065353216 0 -1 0 -1 0 8388607 0 0 1 1 1 1
8388607 0 2139095039 1065353216 1 -1 0 -1 1 0 17 -1 0 1 1 0
8388607 0 2139095039 1065353216 2 -1 0 -1 1 0 17 -1 0 1 1 0
8388607 0 2147483648 1065353216 0 -1 0 -1 0 0 0 -1 0 0 1 0
8388607 0 2147483648 1065353216 1 -1 0 -1 0 0 0 -1 0 0 1 0
8388607 0 2147483648 1065353216 2 -1 0 -1 0 0 0 -1 0 0 1 0
8388607 0 2147483649 1065353216 0 -1 0 -1 0 0 0 0 1 1 -1 1
8388607 0 2147483649 1065353216 1 -1 0 -1 0 8388606 -1 0 1 0 -1 0
8388607 0 2147483649 1065353216 2 -1 0 -1 0 8388606 -1 0 1 0 -1 0
8388607 0 2155872254 1065353216 0 -1 0 -1 0 0 0 0 1 1 -1 1
8388607 0 2155872254 1065353216 1 -1 0 -1 0 1 -1 0 1 0 -1 0
8388607 0 2155872254 1065353216 2 -1 0 -1 0 1 -1 0 1 0 -1 0
8388607 0 2155872255 1065353216 0 -1 0 -1 0 0 0 0 1 1 -1 1
8388607 0 2155872255 1065353216 1 -1 0 -1 0 0 -1 0 1 0 -1 0
8388607 0 2155872255 1065353216 2 -1 0 -1 0 0 -1 0 1 0 -1 0
8388607 0 2155872256 1065353216 0 -1 0 -1 0 0 0 0 1 1 -1 1
8388607 0 2155872256 1065353216 1 -1 0 -1 0 8388606 -2 1 1 0 -1 0
8388607 0 2155872256 1065353216 2 -1 0 -1 0 16777213 -2 1 1 0 -1 0
8388607 0 3212836864 1065353216 0 -1 0 -1 0 0 0 0 1 1 -1 1
8388607 0 3212836864 1065353216 1 -1 0 -1 1 0 17 -1 0 1 1 0
8388607 0 3212836864 1065353216 2 -1 0 -1 1 0 17 -1 0 1 1 0
8388607 0 3422552062 1065353216 0 -1 0 -1 0 0 0 0 1 1 -1 1
8388607 0 3422552062 1065353216 1 -1 0 -1 1 0 17 -1 0 1 1 0
8388607 0 3422552062 1065353216 2 -1 0 -1 1 0 17 -1 0 1 1 0
8388607 0 3422552063 1065353216 0 -1 0 -1 0 0 0 0 1 1 -1 1
8388607 0 3422552063 1065353216 1 -1 0 -1 1 0 17 -1 0 1 1 0
8388607 0 3422552063 1065353216 2 -1 0 -1 1 0 17 -1 0 1 1 0
8388607 0 3422552064 1065353216 0 -1 0 -1 0 0 0 0 1 1 -1 1
8388607 0 3422552064 1065353216 1 -1 0 -1 1 0 17 -1 0 1 1 0
8388607 0 3422552064 1065353216 2 -1 0 -1 1 0 17 -1 0 1 1 0
8388607 0 3422552065 1065353216 0 -1 0 -1 0 0 0 0 1 1 -1 1
8388607 0 3422552065 1065353216 1 -1 0 -1 1 0 17 -1 0 1 1 0
8388607 0 3422552065 1065353216 2 -1 0 -1 1 0 17 -1 0 1 1 0
8388607 0 3732930560 1065353216 0 -1 0 -1 0 0 0 0 1 1 -1 1
8388607 0 3732930560 1065353216 1 -1 0 -1 1 0 17 -1 0 1 1 0
8388607 0 3732930560 1065353216 2 -1 0 -1 1 0 17 -1 0 1 1 0
8388607 0 3741319167 1065353216 0 -1 0 -1 0 0 0 0 1 1 -1 1
8388607 0 3741319167 1065353216 1 -1 0 -1 1 0 17 -1 0 1 1 0
8388607 0 3741319167 1065353216 2 -1 0 -1 1 0 17 -1 0 1 1 0
8388607 0 3741319168 1065353216 0 -1 0 -1 0 0 0 0 1 1 -1 1
8388607 0 3741319168 1065353216 1 -1 0 -1 1 0 17 -1 0 1 1 0
8388607 0 3741319168 1065353216 2 -1 0 -1 1 0 17 -1 0 1 1 0
8388607 0 3741319169 1065353216 0 -1 0 -1 0 0 0 0 1 1 -1 1
8388607 0 3741319169 1065353216 1 -1 0 -1 1 0 17 -1 0 1 1 0
8388607 0 3741319169 1065353216 2 -1 0 -1 1 0 17 -1 0 1 1 0
8388607 0 4051697664 1065353216 0 -1 0 -1 0 0 0 0 1 1 -1 1
8388607 0 4051697664 1065353216 1 -1 0 -1 1 0 17 -1 0 1 1 0
8388607 0 4051697664 1065353216 2 -1 0 -1 1 0 17 -1 0 1 1 0
8388607 0 4286578687 1065353216 0 -1 0 -1 0 0 0 0 1 1 -1 1
8388607 0 4286578687 1065353216 1 -1 0 -1 1 0 17 -1 0 1 1 0
8388607 0 4286578687 1065353216 2 -1 0 -1 1 0 17 -1 0 1 1 0
8388608 0 0 1065353216 0 -1 0 -1 0 0 0 -1 0 0 1 0
8388608 0 0 1065353216 1 -1 0 -1 0 0 0 -1 0 0 1 0
8388608 0 0 1065353216 2 -1 0 -1 0 0 0 -1 0 0 1 0
8388608 0 1 1065353216 0 -1 0 -1 0 1 0 0 1 0 1 0
8388608 0 1 1065353216 1 -1 0 -1 0 1 0 -1 0 0 1 0
8388608 0 1 1065353216 2 -1 0 -1 0 1 0 -1 0 0 1 0
8388608 0 8388607 1065353216 0 -1 0 -1 0 8388607 0 0 1 0 1 0
8388608 0 8388607 1065353216 1 -1 0 -1 0 8388607 0 -1 0 0 1 0
8388608 0 8388607 1065353216 2 -1 0 -1 0 8388607 0 -1 0 0 1 0
8388608 0 8388608 1065353216 0 -1 0 -1 0 8388608 0 0 1 1 1 1
8388608 0 8388608 1065353216 1 -1 0 -1 0 0 1 1 1 0 1 0
8388608 0 8388608 1065353216 2 -1 0 -1 0 8388608 1 1 1 0 1 0
8388608 0 8388609 1065353216 0 -1 0 -1 0 8388608 0 0 1 1 1 1
8388608 0 8388609 1065353216 1 -1 0 -1 0 1 1 1 1 0 1 0
8388608 0 8388609 1065353216 2 -1 0 -1 0 8388609 1 1 1 0 1 0
8388608 0 1065353216 1065353216 0 -1 0 -1 0 8388608 0 0 1 1 1 1
8388608 0 1065353216 1065353216 1 -1 0 -1 1 0 17 -1 0 1 1 0
8388608 0 1065353216 1065353216 2 -1 0 -1 1 0 17 -1 0 1 1 0
8388608 0 1275068414 1065353216 0 -1 0 -1 0 8388608 0 0 1 1 1 1
8388608 0 1275068414 1065353216 1 -1 0 -1 1 0 17 -1 0 1 1 0
8388608 0 1275068414 1065353216 2 -1 0 -1 1 0 17 -1 0 1 1 0
8388608 0 1275068415 1065353216 0 -1 0 -1 0 8388608 0 0 1 1 1 1
8388608 0 1275068415 1065353216 1 -1 0 -1 1 0 17 -1 0 1 1 0
8388608 0 1275068415 1065353216 2 -1 0 -1 1 0 17 -1 0 1 1 0
8388608 0 1275068416 1065353216 0 -1 0 -1 0 8388608 0 0 1 1 1 1
8388608 0 1275068416 1065353216 1 -1 0 -1 1 0 17 -1 0 1 1 0
8388608 0 1275068416 1065353216 2 -1 0 -1 1 0 17 -1 0 1 1 0
8388608 0 1275068417 1065353216 0 -1 0 -1 0 8388608 0 0 1 1 1 1
8388608 0 1275068417 1065353216 1 -1 0 -1 1 0 17 -1 0 1 1 0
8388608 0 1275068417 1065353216 2 -1 0 -1 1 0 17 -1 0 1 1 0
8388608 0 1585446912 1065353216 0 -1 0 -1 0 8388608 0 0 1 1 1 1
8388608 0 1585446912 1065353216 1 -1 0 -1 1 0 17 -1 0 1 1 0
8388608 0 1585446912 1065353216 2 -1 0 -1 1 0 17 -1 0 1 1 0
8388608 0 1593835519 1065353216 0 -1 0 -1 0 8388608 0 0 1 1 1 1
8388608 0 1593835519 1065353216 1 -1 0 -1 1 0 17 -1 0 1 1 0
8388608 0 1593835519 1065353216 2 -1 0 -1 1 0 17 -1 0 1 1 0
8388608 0 1593835520 1065353216 0 -1 0 -1 0 8388608 0 0 1 1 1 1
8388608 0 1593835520 1065353216 1 -1 0 -1 1 0 17 -1 0 1 1 0
8388608 0 1593835520 1065353216 2 -1 0 -1 1 0 17 -1 0 1 1 0
8388608 0 1593835521 1065353216 0 -1 0 -1 0 8388608 0 0 1 1 1 1
8388608 0 1593835521 1065353216 1 -1 0 -1 1 0 17 -1 0 1 1 0
8388608 0 1593835521 1065353216 2 -1 0 -1 1 0 17 -1 0 1 1 0
8388608 0 1904214016 1065353216 0 -1 0 -1 0 8388608 0 0 1 1 1 1
8388608 0 1904214016 1065353216 1 -1 0 -1 1 0 17 -1 0 1 1 0
8388608 0 1904214016 1065353216 2 -1 0 -1 1 0 17 -1 0 1 1 0
8388608 0 2139095039 1065353216 0 -1 0 -1 0 8388608 0 0 1 1 1 1
8388608 0 2139095039 1065353216 1 -1 0 -1 1 0 17 -1 0 1 1 0
8388608 0 2139095039 1065353216 2 -1 0 -1 1 0 17 -1 0 1 1 0
8388608 0 2147483648 1065353216 0 -1 0 -1 0 0 0 -1 0 0 1 0
8388608 0 2147483648 1065353216 1 -1 0 -1 0 0 0 -1 0 0 1 0
8388608 0 2147483648 1065353216 2 -1 0 -1 0 0 0 -1 0 0 1 0
8388608 0 2147483649 1065353216 0 -1 0 -1 0 0 0 0 1 1 -1 1
8388608 0 2147483649 1065353216 1 -1 0 -1 0 8388607 -1 0 1 0 -1 0
8388608 0 2147483649 1065353216 2 -1 0 -1 0 8388607 -1 0 1 0 -1 0
8388608 0 2155872255 1065353216 0 -1 0 -1 0 0 0 0 1 1 -1 1
8388608 0 2155872255 1065353216 1 -1 0 -1 0 1 -1 0 1 0 -1 0
8388608 0 2155872255 1065353216 2 -1 0 -1 0 1 -1 0 1 0 -1 0
8388608 0 2155872256 1065353216 0 -1 0 -1 0 0 0 0 1 1 -1 1
8388608 0 2155872256 1065353216 1 -1 0 -1 0 0 -1 0 1 0 -1 0
8388608 0 2155872256 1065353216 2 -1 0 -1 0 0 -1 0 1 0 -1 0
8388608 0 2155872257 1065353216 0 -1 0 -1 0 0 0 0 1 1 -1 1
8388608 0 2155872257 1065353216 1 -1 0 -1 0 8388607 -2 1 1 0 -1 0
8388608 0 2155872257 1065353216 2 -1 0 -1 0 16777215 -2 1 1 0 -1 0
8388608 0 3212836864 1065353216 0 -1 0 -1 0 0 0 0 1 1 -1 1
8388608 0 3212836864 1065353216 1 -1 0 -1 1 0 17 -1 0 1 1 0
8388608 0 3212836864 1065353216 2 -1 0 -1 1 0 17 -1 0 1 1 0
8388608 0 3422552062 1065353216 0 -1 0 -1 0 0 0 0 1 1 -1 1
8388608 0 3422552062 1065353216 1 -1 0 -1 1 0 17 -1 0 1 1 0
8388608 0 3422552062 1065353216 2 -1 0 -1 1 0 17 -1 0 1 1 0
8388608 0 3422552063 1065353216 0 -1 0 -1 0 0 0 0 1 1 -1 1
8388608 0 3422552063 1065353216 1 -1 0 -1 1 0 17 -1 0 1 1 0
8388608 0 3422552063 1065353216 2 -1 0 -1 1 0 17 -1 0 1 1 0
8388608 0 3422552064 1065353216 0 -1 0 -1 0 0 0 0 1 1 -1 1
8388608 0 3422552064 1065353216 1 -1 0 -1 1 0 17 -1 0 1 1 0
8388608 0 3422552064 1065353216 2 -1 0 -1 1 0 17 -1 0 1 1 0
8388608 0 3422552065 1065353216 0 -1 0 -1 0 0 0 0 1 1 -1 1
8388608 0 3422552065 1065353216 1 -1 0 -1 1 0 17 -1 0 1 1 0
8388608 0 3422552065 1065353216 2 -1 0 -1 1 0 17 -1 0 1 1 0
8388608 0 3732930560 1065353216 0 -1 0 -1 0 0 0 0 1 1 -1 1
8388608 0 3732930560 1065353216 1 -1 0 -1 1 0 17 -1 0 1 1 0
8388608 0 3732930560 1065353216 2 -1 0 -1 1 0 17 -1 0 1 1 0
8388608 0 3741319167 1065353216 0 -1 0 -1 0 0 0 0 1 1 -1 1
8388608 0 3741319167 1065353216 1 -1 0 -1 1 0 17 -1 0 1 1 0
8388608 0 3741319167 1065353216 2 -1 0 -1 1 0 17 -1 0 1 1 0
8388608 0 3741319168 1065353216 0 -1 0 -1 0 0 0 0 1 1 -1 1
8388608 0 3741319168 1065353216 1 -1 0 -1 1 0 17 -1 0 1 1 0
8388608 0 3741319168 1065353216 2 -1 0 -1 1 0 17 -1 0 1 1 0
8388608 0 3741319169 1065353216 0 -1 0 -1 0 0 0 0 1 1 -1 1
8388608 0 3741319169 1065353216 1 -1 0 -1 1 0 17 -1 0 1 1 0
8388608 0 3741319169 1065353216 2 -1 0 -1 1 0 17 -1 0 1 1 0
8388608 0 4051697664 1065353216 0 -1 0 -1 0 0 0 0 1 1 -1 1
8388608 0 4051697664 1065353216 1 -1 0 -1 1 0 17 -1 0 1 1 0
8388608 0 4051697664 1065353216 2 -1 0 -1 1 0 17 -1 0 1 1 0
8388608 0 4286578687 1065353216 0 -1 0 -1 0 0 0 0 1 1 -1 1
8388608 0 4286578687 1065353216 1 -1 0 -1 1 0 17 -1 0 1 1 0
8388608 0 4286578687 1065353216 2 -1 0 -1 1 0 17 -1 0 1 1 0
8597512 8597511 2356167804 0 2 9223372036854775807 0 -1 0 8597511 0 -1 0 0 1 0
12582912 12582911 12582911 1048576000 1 -1 1 1 0 3145727 1 2 1 0 1 0
12582912 12582911 12582912 1048576000 1 -1 1 1 0 3145727 1 2 1 0 1 0
12582912 12582911 12582913 1048576000 1 -1 1 1 0 3145727 1 2 1 0 1 0
12582912 12582912 2160066559 1065353216 2 3 1 1 0 1 -1 2 1 0 -1 0
12582912 12582912 2160066560 1065353216 2 3 1 1 0 0 -1 2 1 0 -1 0
12582912 12582912 2160066561 1065353216 2 3 1 1 0 0 0 1 1 1 -1 1
20971520 20971519 20971519 1048576000 1 -1 1 1 0 6291454 1 2 1 0 1 0
20971520 20971519 20971520 1048576000 1 -1 1 1 0 6291454 1 2 1 0 1 0
20971520 20971519 20971521 1048576000 1 -1 1 1 0 6291454 1 2 1 0 1 0
20971520 20971520 2168455167 1065353216 2 3 1 1 0 2 -1 2 1 0 -1 0
20971520 20971520 2168455168 1065353216 2 3 1 1 0 0 -1 2 1 0 -1 0
20971520 20971520 2168455169 1065353216 2 3 1 1 0 0 0 1 1 1 -1 1
26902449 0 1063716372 1073741824 0 -1 1 1 0 26902449 0 1 1 1 1 1
29360128 29360127 29360127 1048576000 1 -1 1 1 0 12582908 1 2 1 0 1 0
29360128 29360127 29360128 1048576000 1 -1 1 1 0 12582908 1 2 1 0 1 0
29360128 29360127 29360129 1048576000 1 -1 1 1 0 12582908 1 2 1 0 1 0
29360128 29360128 2176843775 1065353216 2 3 1 1 0 4 -1 2 1 0 -1 0
29360128 29360128 2176843776 1065353216 2 3 1 1 0 0 -1 2 1 0 -1 0
29360128 29360128 2176843777 1065353216 2 3 1 1 0 0 0 1 1 1 -1 1
30206009 30206008 989851092 1051372203 0 9223372036854775807 0 -1 0 30206009 0 0 1 1 1 1
33035201 33035200 1842602865 1065353216 0 1 0 -1 0 33035201 0 0 1 1 1 1
37748736 37748735 37748735 1048576000 1 -1 1 1 0 20971516 1 2 1 0 1 0
37748736 37748735 37748736 1048576000 1 -1 1 1 0 20971516 1 2 1 0 1 0
37748736 37748735 37748737 1048576000 1 -1 1 1 0 20971516 1 2 1 0 1 0
37748736 37748736 2185232383 1065353216 2 3 1 1 0 8 -1 2 1 0 -1 0
37748736 37748736 2185232384 1065353216 2 3 1 1 0 0 -1 2 1 0 -1 0
37748736 37748736 2185232385 1065353216 2 3 1 1 0 0 0 1 1 1 -1 1
38983090 1995115296 1522499160 1069547520 2 9223372036854775807 0 -1 1 1995115296 17 -1 0 1 1 0
40791627 1012248213 4127178185 2139095039 1 9223372036854775807 1 1 1 1012248213 17 1 1 1 1 0
42196374 0 885137516 1051372203 0 1 0 -1 0 42196374 0 0 1 1 1 1
46137344 46137343 46137343 1048576000 1 -1 1 1 0 29360124 1 2 1 0 1 0
46137344 46137343 46137344 1048576000 1 -1 1 1 0 29360124 1 2 1 0 1 0
46137344 46137343 46137345 1048576000 1 -1 1 1 0 29360124 1 2 1 0 1 0
46137344 46137344 2193620991 1065353216 2 3 1 1 0 16 -1 2 1 0 -1 0
46137344 46137344 2193620992 1065353216 2 3 1 1 0 0 -1 2 1 0 -1 0
46137344 46137344 2193620993 1065353216 2 3 1 1 0 0 0 1 1 1 -1 1
46224443 46224443 1065078695 1069547520 2 2 0 -1 0 46224443 0 -1 0 1 1 1
46362090 46362089 1624458813 1065353216 2 -1 1 1 1 46362089 17 1 1 1 1 0
48779304 48779303 3740081858 1 2 0 0 -1 0 0 0 -1 0 1 -1 1
48953721 0 630145234 1051372203 2 0 0 -1 0 48953721 0 -1 0 1 1 1
54525952 54525951 54525951 1048576000 1 -1 1 1 0 37748732 1 2 1 0 1 0
54525952 54525951 54525952 1048576000 1 -1 1 1 0 37748732 1 2 1 0 1 0
54525952 54525951 54525953 1048576000 1 -1 1 1 0 37748732 1 2 1 0 1 0
54525952 54525952 2202009599 1065353216 2 3 1 1 0 32 -1 2 1 0 -1 0
54525952 54525952 2202009600 1065353216 2 3 1 1 0 0 -1 2 1 0 -1 0
54525952 54525952 2202009601 1065353216 2 3 1 1 0 0 0 1 1 1 -1 1
58361753 0 10005427 0 1 2 0 -1 0 0 0 -1 0 0 1 0
58527518 58527517 4235252369 1069547520 1 2 0 -1 0 0 0 -1 0 1 -1 1
58581700 58581700 47504426 1065353216 1 1 1 1 0 47504424 0 1 1 0 1 0
59433594 59433594 3149898855 1051372203 2 -1 0 -1 1 59433594 17 -1 0 1 1 0
60560336 0 3353949913 1069547520 2 9223372036854775807 1 1 0 60560336 0 1 1 1 -1 1
60889015 60889015 3161248629 1056964608 0 1 0 -1 0 0 0 0 1 1 -1 1
62664318 0 1249674703 1 0 2 1 1 0 4137332 0 1 1 0 1 0
62914560 62914559 62914559 1048576000 1 -1 1 1 0 46137340 1 2 1 0 1 0
62914560 62914559 62914560 1048576000 1 -1 1 1 0 46137340 1 2 1 0 1 0
62914560 62914559 62914561 1048576000 1 -1 1 1 0 46137340 1 2 1 0 1 0
62914560 62914560 2210398207 1065353216 2 3 1 1 0 64 -1 2 1 0 -1 0
62914560 62914560 2210398208 1065353216 2 3 1 1 0 0 -1 2 1 0 -1 0
62914560 62914560 2210398209 1065353216 2 3 1 1 0 0 0 1 1 1 -1 1
63141143 63141142 3041165136 1073741824 2 0 0 -1 0 0 0 -1 0 1 -1 1
70731509 70731508 494847080 1056964608 0 9223372036854775807 1 1 0 70731509 0 1 1 1 1 1
71303168 71303167 71303167 1048576000 1 -1 1 1 0 54525948 1 2 1 0 1 0
71303168 71303167 71303168 1048576000 1 -1 1 1 0 54525948 1 2 1 0 1 0
71303168 71303167 71303169 1048576000 1 -1 1 1 0 54525948 1 2 1 0 1 0
71303168 71303168 2218786815 1065353216 2 3 1 1 0 128 -1 2 1 0 -1 0
71303168 71303168 2218786816 1065353216 2 3 1 1 0 0 -1 2 1 0 -1 0
71303168 71303168 2218786817 1065353216 2 3 1 1 0 0 0 1 1 1 -1 1
79691776 79691775 79691775 1048576000 1 -1 1 1 0 62914556 1 2 1 0 1 0
79691776 79691775 79691776 1048576000 1 -1 1 1 0 62914556 1 2 1 0 1 0
79691776 79691775 79691777 1048576000 1 -1 1 1 0 62914556 1 2 1 0 1 0
79691776 79691776 2227175423 1065353216 2 3 1 1 0 256 -1 2 1 0 -1 0
79691776 79691776 2227175424 1065353216 2 3 1 1 0 0 -1 2 1 0 -1 0
79691776 79691776 2227175425 1065353216 2 3 1 1 0 0 0 1 1 1 -1 1
81619297 0 4121489970 1073741824 0 1 1 1 0 0 0 1 1 1 -1 1
88080384 88080383 88080383 1048576000 1 -1 1 1 0 71303164 1 2 1 0 1 0
88080384 88080383 88080384 1048576000 1 -1 1 1 0 71303164 1 2 1 0 1 0
88080384 88080383 88080385 1048576000 1 -1 1 1 0 71303164 1 2 1 0 1 0
88080384 88080384 2235564031 1065353216 2 3 1 1 0 512 -1 2 1 0 -1 0
88080384 88080384 2235564032 1065353216 2 3 1 1 0 0 -1 2 1 0 -1 0
88080384 88080384 2235564033 1065353216 2 3 1 1 0 0 0 1 1 1 -1 1
92798071 0 3212203486 1073741824 0 2 0 -1 0 0 0 0 1 1 -1 1
96468992 96468991 96468991 1048576000 1 -1 1 1 0 79691772 1 2 1 0 1 0
96468992 96468991 96468992 1048576000 1 -1 1 1 0 79691772 1 2 1 0 1 0
96468992 96468991 96468993 1048576000 1 -1 1 1 0 79691772 1 2 1 0 1 0
96468992 96468992 2243952639 1065353216 2 3 1 1 0 1024 -1 2 1 0 -1 0
96468992 96468992 2243952640 1065353216 2 3 1 1 0 0 -1 2 1 0 -1 0
96468992 96468992 2243952641 1065353216 2 3 1 1 0 0 0 1 1 1 -1 1
97949515 0 3123232199 1056964608 0 -1 0 -1 0 0 0 0 1 1 -1 1
98264691 2000113559 4171405944 1 2 2 1 1 1 2000113559 17 1 1 1 1 0
99483414 0 144211256 1 2 2 1 1 0 0 0 1 1 0 1 0
102599167 102599166 1815281787 0 1 1 1 1 0 102599166 0 1 1 0 1 0
104857600 104857599 104857599 1048576000 1 -1 1 1 0 88080380 1 2 1 0 1 0
104857600 104857599 104857600 1048576000 1 -1 1 1 0 88080380 1 2 1 0 1 0
104857600 104857599 104857601 1048576000 1 -1 1 1 0 88080380 1 2 1 0 1 0
104857600 104857600 2252341247 1065353216 2 3 1 1 0 2048 -1 2 1 0 -1 0
104857600 104857600 2252341248 1065353216 2 3 1 1 0 0 -1 2 1 0 -1 0
104857600 104857600 2252341249 1065353216 2 3 1 1 0 0 0 1 1 1 -1 1
105688995 105688995 917106562 0 0 -1 1 1 0 105688995 0 1 1 0 1 0
107671597 0 1258335993 1069547520 1 9223372036854775807 1 1 0 107671597 0 1 1 1 1 1
109165941 730295911 3580547788 1069547520 2 0 1 1 1 730295911 17 1 1 1 1 0
109408525 681709693 1769673932 1073741824 2 0 1 1 1 681709693 17 1 1 1 1 0
111280554 111280554 384604252 1 0 0 0 -1 0 111280554 0 -1 0 0 1 0
112133453 0 1550466564 1073741824 2 -1 0 -1 1 0 17 -1 0 1 1 0
113246208 113246207 113246207 1048576000 1 -1 1 1 0 96468988 1 2 1 0 1 0
113246208 113246207 113246208 1048576000 1 -1 1 1 0 96468988 1 2 1 0 1 0
113246208 113246207 113246209 1048576000 1 -1 1 1 0 96468988 1 2 1 0 1 0
113246208 113246208 2260729855 1065353216 2 3 1 1 0 4096 -1 2 1 0 -1 0
113246208 113246208 2260729856 1065353216 2 3 1 1 0 0 -1 2 1 0 -1 0
113246208 113246208 2260729857 1065353216 2 3 1 1 0 0 0 1 1 1 -1 1
116910723 116910722 3771102628 1065353216 0 -1 0 -1 0 0 0 0 1 1 -1 1
119115623 119115623 1549094992 1 0 2 1 1 0 119115623 0 1 1 1 1 1
121212670 1779409080 3192151270 1 0 0 1 1 0 1779409080 0 1 1 0 1 0
121634816 121634815 121634815 1048576000 1 -1 1 1 0 104857596 1 2 1 0 1 0
121634816 121634815 121634816 1048576000 1 -1 1 1 0 104857596 1 2 1 0 1 0
121634816 121634815 121634817 1048576000 1 -1 1 1 0 104857596 1 2 1 0 1 0
121634816 121634816 2269118463 1065353216 2 3 1 1 0 8192 -1 2 1 0 -1 0
121634816 121634816 2269118464 1065353216 2 3 1 1 0 0 -1 2 1 0 -1 0
121634816 121634816 2269118465 1065353216 2 3 1 1 0 0 0 1 1 1 -1 1
123870947 1220462654 3355228546 1 1 0 1 1 1 1220462654 17 1 1 1 1 0
130023424 130023423 130023423 1048576000 1 -1 1 1 0 113246204 1 2 1 0 1 0
130023424 130023423 130023424 1048576000 1 -1 1 1 0 113246204 1 2 1 0 1 0
130023424 130023423 130023425 1048576000 1 -1 1 1 0 113246204 1 2 1 0 1 0
130023424 130023424 2277507071 1065353216 2 3 1 1 0 16384 -1 2 1 0 -1 0
130023424 130023424 2277507072 1065353216 2 3 1 1 0 0 -1 2 1 0 -1 0
130023424 130023424 2277507073 1065353216 2 3 1 1 0 0 0 1 1 1 -1 1
131990535 131990535 3311482757 1069547520 2 9223372036854775807 1 1 0 0 0 1 1 1 -1 1
135361583 2038396620 298189261 1069547520 1 -1 0 -1 1 2038396620 17 -1 0 1 1 0
138412032 138412031 138412031 1048576000 1 -1 1 1 0 121634812 1 2 1 0 1 0
138412032 138412031 138412032 1048576000 1 -1 1 1 0 121634812 1 2 1 0 1 0
138412032 138412031 138412033 1048576000 1 -1 1 1 0 121634812 1 2 1 0 1 0
138412032 138412032 2285895679 1065353216 2 3 1 1 0 32768 -1 2 1 0 -1 0
138412032 138412032 2285895680 1065353216 2 3 1 1 0 0 -1 2 1 0 -1 0
138412032 138412032 2285895681 1065353216 2 3 1 1 0 0 0 1 1 1 -1 1
144520396 144520396 3238605295 1 1 1 1 1 0 0 0 1 1 0 -1 0
146800640 146800639 146800639 1048576000 1 -1 1 1 0 130023420 1 2 1 0 1 0
146800640 146800639 146800640 1048576000 1 -1 1 1 0 130023420 1 2 1 0 1 0
146800640 146800639 146800641 1048576000 1 -1 1 1 0 130023420 1 2 1 0 1 0
146800640 146800640 2294284287 1065353216 2 3 1 1 0 65536 -1 2 1 0 -1 0
146800640 146800640 2294284288 1065353216 2 3 1 1 0 0 -1 2 1 0 -1 0
146800640 146800640 2294284289 1065353216 2 3 1 1 0 0 0 1 1 1 -1 1
149352696 101139403 3149391553 0 0 1 1 1 0 101139403 0 1 1 0 1 0
150379273 150379272 180883607 1 1 2 0 -1 0 150379272 0 -1 0 0 1 0
153519814 422984045 1026575042 1073741824 0 9223372036854775807 0 -1 0 153519814 0 0 1 1 1 1
155189248 155189247 155189247 1048576000 1 -1 1 1 0 138412028 1 2 1 0 1 0
155189248 155189247 155189248 1048576000 1 -1 1 1 0 138412028 1 2 1 0 1 0
155189248 155189247 155189249 1048576000 1 -1 1 1 0 138412028 1 2 1 0 1 0
155189248 155189248 2302672895 1065353216 2 3 1 1 0 131072 -1 2 1 0 -1 0
155189248 155189248 2302672896 1065353216 2 3 1 1 0 0 -1 2 1 0 -1 0
155189248 155189248 2302672897 1065353216 2 3 1 1 0 0 0 1 1 1 -1 1
156802377 156802376 4188062839 2139095039 2 2 0 -1 1 156802376 17 -1 0 1 1 0
157562450 0 135455433 1069547520 1 0 0 -1 0 140268590 0 -1 0 0 1 0
160932507 0 3763060549 1051372203 2 -1 0 -1 1 0 17 -1 0 1 1 0
163577856 163577855 163577855 1048576000 1 -1 1 1 0 146800636 1 2 1 0 1 0
163577856 163577855 163577856 1048576000 1 -1 1 1 0 146800636 1 2 1 0 1 0
163577856 163577855 163577857 1048576000 1 -1 1 1 0 146800636 1 2 1 0 1 0
163577856 163577856 2311061503 1065353216 2 3 1 1 0 262144 -1 2 1 0 -1 0
163577856 163577856 2311061504 1065353216 2 3 1 1 0 0 -1 2 1 0 -1 0
163577856 163577856 2311061505 1065353216 2 3 1 1 0 0 0 1 1 1 -1 1
165553104 1112488246 4013329324 1065353216 0 0 1 1 0 0 0 1 1 1 -1 1
170910701 170910701 3181713844 1 1 -1 1 1 0 170910701 0 1 1 0 1 0
171080899 0 3523018692 1069547520 1 9223372036854775807 0 -1 0 0 0 -1 0 1 -1 1
171966464 171966463 171966463 1048576000 1 -1 1 1 0 155189244 1 2 1 0 1 0
171966464 171966463 171966464 1048576000 1 -1 1 1 0 155189244 1 2 1 0 1 0
171966464 171966463 171966465 1048576000 1 -1 1 1 0 155189244 1 2 1 0 1 0
171966464 171966464 2319450111 1065353216 2 3 1 1 0 524288 -1 2 1 0 -1 0
171966464 171966464 2319450112 1065353216 2 3 1 1 0 0 -1 2 1 0 -1 0
171966464 171966464 2319450113 1065353216 2 3 1 1 0 0 0 1 1 1 -1 1
174377954 789417799 2154430027 1051372203 2 2 1 1 1 789417799 17 1 1 1 1 0
175415749 0 455316693 0 0 -1 1 1 0 0 0 1 1 0 1 0
175688157 175688157 4236924773 1051372203 1 9223372036854775807 0 -1 0 0 0 -1 0 1 -1 1
178455063 0 3918131584 2139095039 0 0 1 1 1 0 17 1 1 1 1 0
178640808 178640807 1972273112 1073741824 2 -1 0 -1 1 178640807 17 -1 0 1 1 0
180355072 180355071 180355071 1048576000 1 -1 1 1 0 163577852 1 2 1 0 1 0
180355072 180355071 180355072 1048576000 1 -1 1 1 0 163577852 1 2 1 0 1 0
180355072 180355071 180355073 1048576000 1 -1 1 1 0 163577852 1 2 1 0 1 0
180355072 180355072 2327838719 1065353216 2 3 1 1 0 1048576 -1 2 1 0 -1 0
180355072 180355072 2327838720 1065353216 2 3 1 1 0 0 -1 2 1 0 -1 0
180355072 180355072 2327838721 1065353216 2 3 1 1 0 0 0 1 1 1 -1 1
181422798 1977715819 3306337365 1056964608 1 2 0 -1 1 1977715819 17 -1 0 1 1 0
182822304 182822303 3846256047 1051372203 0 2 1 1 0 0 0 1 1 1 -1 1
183397358 0 360101262 1 2 9223372036854775807 0 -1 0 0 0 -1 0 0 1 0
186428717 0 860001465 1056964608 1 9223372036854775807 1 1 0 186428717 0 1 1 1 1 1
188728961 188728961 2950845289 1069547520 0 1 0 -1 0 0 0 0 1 1 -1 1
188743680 188743679 188743679 1048576000 1 -1 1 1 0 171966460 1 2 1 0 1 0
188743680 188743679 188743680 1048576000 1 -1 1 1 0 171966460 1 2 1 0 1 0
188743680 188743679 188743681 1048576000 1 -1 1 1 0 171966460 1 2 1 0 1 0
188743680 188743680 2336227327 1065353216 2 3 1 1 0 2097152 -1 2 1 0 -1 0
188743680 188743680 2336227328 1065353216 2 3 1 1 0 0 -1 2 1 0 -1 0
188743680 188743680 2336227329 1065353216 2 3 1 1 0 0 0 1 1 1 -1 1
191973025 191973024 1689057872 1 1 9223372036854775807 1 1 0 189117794 769797086 769797087 1 0 1 0
197132288 197132287 197132287 1048576000 1 -1 1 1 0 180355068 1 2 1 0 1 0
197132288 197132287 197132288 1048576000 1 -1 1 1 0 180355068 1 2 1 0 1 0
197132288 197132287 197132289 1048576000 1 -1 1 1 0 180355068 1 2 1 0 1 0
197132288 197132288 2344615935 1065353216 2 3 1 1 0 4194304 -1 2 1 0 -1 0
197132288 197132288 2344615936 1065353216 2 3 1 1 0 0 -1 2 1 0 -1 0
197132288 197132288 2344615937 1065353216 2 3 1 1 0 0 0 1 1 1 -1 1
199200853 829406416 3698472427 0 0 2 1 1 0 829406416 0 1 1 0 1 0
201683994 1091520840 2644578363 1056964608 1 0 1 1 1 1091520840 17 1 1 1 1 0
203338676 0 3109443779 1069547520 0 0 0 -1 0 0 0 0 1 1 -1 1
205520896 205520895 205520895 1048576000 1 -1 1 1 0 188743676 1 2 1 0 1 0
205520896 205520895 205520896 1048576000 1 -1 1 1 0 188743676 1 2 1 0 1 0
205520896 205520895 205520897 1048576000 1 -1 1 1 0 188743676 1 2 1 0 1 0
205520896 205520896 2353004543 1065353216 2 3 1 1 0 8388608 -1 2 1 0 -1 0
205520896 205520896 2353004544 1065353216 2 3 1 1 0 0 -1 2 1 0 -1 0
205520896 205520896 2353004545 1065353216 2 3 1 1 0 0 0 1 1 1 -1 1
207131433 720568870 1518250082 1 2 9223372036854775807 1 1 0 196713616 0 1 1 0 1 0
210367514 210367513 3506582793 1 1 2 1 1 0 210365430 0 1 1 0 -1 0
213909504 213909503 213909503 1048576000 1 -1 1 1 0 197132284 1 2 1 0 1 0
213909504 213909503 213909504 1048576000 1 -1 1 1 0 197132284 1 2 1 0 1 0
213909504 213909503 213909505 1048576000 1 -1 1 1 0 197132284 1 2 1 0 1 0
213909504 213909504 2361393151 1065353216 2 3 1 1 0 16777216 -1 2 1 0 -1 0
213909504 213909504 2361393152 1065353216 2 3 1 1 0 0 -1 2 1 0 -1 0
213909504 213909504 2361393153 1065353216 2 3 1 1 0 0 0 1 1 1 -1 1
214962404 1855255913 2359696742 0 2 0 0 -1 0 1855255913 0 -1 0 0 1 0
218383630 0 101273114 2139095039 0 2 0 -1 0 218383630 0 0 1 1 1 1
218390190 218390189 2458340552 1065353216 2 9223372036854775807 0 -1 0 212887852 -2093 2092 1 0 -1 0
220540214 220540214 1483876640 1051372203 2 1 0 -1 0 0 0 -1 0 1 1 1
222298112 222298111 222298111 1048576000 1 -1 1 1 0 205520892 1 2 1 0 1 0
222298112 222298111 222298112 1048576000 1 -1 1 1 0 205520892 1 2 1 0 1 0
222298112 222298111 222298113 1048576000 1 -1 1 1 0 205520892 1 2 1 0 1 0
222298112 222298112 2369781759 1065353216 2 3 1 1 0 25165824 -1 2 1 0 -1 0
222298112 222298112 2369781760 1065353216 2 3 1 1 0 0 -1 2 1 0 -1 0
222298112 222298112 2369781761 1065353216 2 3 1 1 0 0 0 1 1 1 -1 1
222592022 366486604 3802883428 1051372203 0 2 1 1 0 0 0 1 1 1 -1 1
223538513 607955355 1429384356 0 0 2 1 1 0 607955355 0 1 1 0 1 0
226541045 226541045 1456911119 1056964608 1 2 0 -1 0 226541045 0 -1 0 1 1 1
230686720 230686719 230686719 1048576000 1 -1 1 1 0 213909500 1 2 1 0 1 0
230686720 230686719 230686720 1048576000 1 -1 1 1 0 213909500 1 2 1 0 1 0
230686720 230686719 230686721 1048576000 1 -1 1 1 0 213909500 1 2 1 0 1 0
230686720 230686720 2378170367 1065353216 2 3 1 1 0 33554432 -1 2 1 0 -1 0
230686720 230686720 2378170368 1065353216 2 3 1 1 0 0 -1 2 1 0 -1 0
230686720 230686720 2378170369 1065353216 2 3 1 1 0 0 0 1 1 1 -1 1
230793990 230793990 2419833919 1051372203 0 1 1 1 0 0 0 1 1 1 -1 1
231373024 2093599403 277078619 1051372203 2 1 0 -1 1 2093599403 17 -1 0 1 1 0
233911143 233911143 904380353 1069547520 1 2 1 1 0 233911143 0 1 1 1 1 1
234437392 234437392 1105176790 1065353216 2 1 0 -1 0 0 0 -1 0 1 1 1
238525826 0 68691829 1051372203 1 -1 0 -1 0 55238471 0 -1 0 0 1 0
238647027 238647026 694569193 1069547520 0 2 1 1 0 238647027 0 1 1 1 1 1
239075328 239075327 239075327 1048576000 1 -1 1 1 0 222298108 1 2 1 0 1 0
239075328 239075327 239075328 1048576000 1 -1 1 1 0 222298108 1 2 1 0 1 0
239075328 239075327 239075329 1048576000 1 -1 1 1 0 222298108 1 2 1 0 1 0
239075328 239075328 2386558975 1065353216 2 3 1 1 0 41943040 -1 2 1 0 -1 0
239075328 239075328 2386558976 1065353216 2 3 1 1 0 0 -1 2 1 0 -1 0
239075328 239075328 2386558977 1065353216 2 3 1 1 0 0 0 1 1 1 -1 1
241386247 241386246 2941822682 1073741824 2 9223372036854775807 0 -1 0 0 0 -1 0 1 -1 1
244705025 244705024 1100769828 1 2 2 1 1 0 244705024 0 1 1 0 1 0
244735404 1258587802 3953458456 1056964608 2 9223372036854775807 0 -1 1 1258587802 17 -1 0 1 1 0
247463936 247463935 247463935 1048576000 1 -1 1 1 0 230686716 1 2 1 0 1 0
247463936 247463935 247463936 1048576000 1 -1 1 1 0 230686716 1 2 1 0 1 0
247463936 247463935 247463937 1048576000 1 -1 1 1 0 230686716 1 2 1 0 1 0
247463936 247463936 2394947583 1065353216 2 3 1 1 0 50331648 -1 2 1 0 -1 0
247463936 247463936 2394947584 1065353216 2 3 1 1 0 0 -1 2 1 0 -1 0
247463936 247463936 2394947585 1065353216 2 3 1 1 0 0 0 1 1 1 -1 1
255852544 255852543 255852543 1048576000 1 -1 1 1 0 239075324 1 2 1 0 1 0
255852544 255852543 255852544 1048576000 1 -1 1 1 0 239075324 1 2 1 0 1 0
255852544 255852543 255852545 1048576000 1 -1 1 1 0 239075324 1 2 1 0 1 0
255852544 255852544 2403336191 1065353216 2 3 1 1 0 58720256 -1 2 1 0 -1 0
255852544 255852544 2403336192 1065353216 2 3 1 1 0 0 -1 2 1 0 -1 0
255852544 255852544 2403336193 1065353216 2 3 1 1 0 0 0 1 1 1 -1 1
258125565 613102398 137384016 1 0 0 1 1 0 613102398 0 1 1 0 1 0
259346482 0 2115340904 1056964608 0 9223372036854775807 0 -1 0 259346482 0 0 1 1 1 1
261150496 0 407980430 1051372203 1 9223372036854775807 0 -1 0 260363968 63130 63130 1 0 1 0
261302631 0 54672678 1056964608 0 1 0 -1 0 46284070 0 0 1 0 1 0
262831143 262831143 2022225741 1051372203 1 9223372036854775807 0 -1 0 262831143 0 -1 0 1 1 1
264241152 264241151 264241151 1048576000 1 -1 1 1 0 247463932 1 2 1 0 1 0
264241152 264241151 264241152 1048576000 1 -1 1 1 0 247463932 1 2 1 0 1 0
264241152 264241151 264241153 1048576000 1 -1 1 1 0 247463932 1 2 1 0 1 0
264241152 264241152 2411724799 1065353216 2 3 1 1 0 67108864 -1 2 1 0 -1 0
264241152 264241152 2411724800 1065353216 2 3 1 1 0 0 -1 2 1 0 -1 0
264241152 264241152 2411724801 1065353216 2 3 1 1 0 0 0 1 1 1 -1 1
266235118 1547206344 1628731371 1056964608 0 1 1 1 0 266235118 0 1 1 1 1 1
269043504 269043504 1033554782 2139095039 0 -1 0 -1 0 269043504 0 0 1 1 1 1
272629760 272629759 272629759 1048576000 1 -1 1 1 0 255852540 1 2 1 0 1 0
272629760 272629759 272629760 1048576000 1 -1 1 1 0 255852540 1 2 1 0 1 0
272629760 272629759 272629761 1048576000 1 -1 1 1 0 255852540 1 2 1 0 1 0
272629760 272629760 2420113407 1065353216 2 3 1 1 0 75497472 -1 2 1 0 -1 0
272629760 272629760 2420113408 1065353216 2 3 1 1 0 0 -1 2 1 0 -1 0
272629760 272629760 2420113409 1065353216 2 3 1 1 0 0 0 1 1 1 -1 1
281018368 281018367 281018367 1048576000 1 -1 1 1 0 264241148 1 2 1 0 1 0
281018368 281018367 281018368 1048576000 1 -1 1 1 0 264241148 1 2 1 0 1 0
281018368 281018367 281018369 1048576000 1 -1 1 1 0 264241148 1 2 1 0 1 0
281018368 281018368 2428502015 1065353216 2 3 1 1 0 83886080 -1 2 1 0 -1 0
281018368 281018368 2428502016 1065353216 2 3 1 1 0 0 -1 2 1 0 -1 0
281018368 281018368 2428502017 1065353216 2 3 1 1 0 0 0 1 1 1 -1 1
283145015 283145014 3588003599 1069547520 0 0 1 1 0 0 0 1 1 1 -1 1
287125727 1755314333 848058446 1069547520 0 0 0 -1 0 287125727 0 0 1 1 1 1
287811938 287811938 712488960 1065353216 0 2 0 -1 0 287811938 0 0 1 1 1 1
289007526 187274253 2439549293 0 2 2 0 -1 0 187274253 0 -1 0 0 1 0
289219378 0 2386618272 0 2 2 1 1 0 0 0 1 1 0 1 0
289406976 289406975 289406975 1048576000 1 -1 1 1 0 272629756 1 2 1 0 1 0
289406976 289406975 289406976 1048576000 1 -1 1 1 0 272629756 1 2 1 0 1 0
289406976 289406975 289406977 1048576000 1 -1 1 1 0 272629756 1 2 1 0 1 0
289406976 289406976 2436890623 1065353216 2 3 1 1 0 92274688 -1 2 1 0 -1 0
289406976 289406976 2436890624 1065353216 2 3 1 1 0 0 -1 2 1 0 -1 0
289406976 289406976 2436890625 1065353216 2 3 1 1 0 0 0 1 1 1 -1 1
291697670 1646409082 1460202110 1051372203 1 9223372036854775807 0 -1 1 1646409082 17 -1 0 1 1 0
293194547 293194547 3166005069 1065353216 2 1 1 1 0 293194547 0 1 1 1 -1 1
296536188 296536187 4151346072 2139095039 0 -1 0 -1 1 296536187 17 -1 0 1 1 0
297795584 297795583 297795583 1048576000 1 -1 1 1 0 281018364 1 2 1 0 1 0
297795584 297795583 297795584 1048576000 1 -1 1 1 0 281018364 1 2 1 0 1 0
297795584 297795583 297795585 1048576000 1 -1 1 1 0 281018364 1 2 1 0 1 0
297795584 297795584 2445279231 1065353216 2 3 1 1 0 100663296 -1 2 1 0 -1 0
297795584 297795584 2445279232 1065353216 2 3 1 1 0 0 -1 2 1 0 -1 0
297795584 297795584 2445279233 1065353216 2 3 1 1 0 0 0 1 1 1 -1 1
301094702 0 1460272427 1 1 9223372036854775807 1 1 0 210369835 0 1 1 0 1 0
306184192 306184191 306184191 1048576000 1 -1 1 1 0 289406972 1 2 1 0 1 0
306184192 306184191 306184192 1048576000 1 -1 1 1 0 289406972 1 2 1 0 1 0
306184192 306184191 306184193 1048576000 1 -1 1 1 0 289406972 1 2 1 0 1 0
306184192 306184192 2453667839 1065353216 2 3 1 1 0 109051904 -1 2 1 0 -1 0
306184192 306184192 2453667840 1065353216 2 3 1 1 0 0 -1 2 1 0 -1 0
306184192 306184192 2453667841 1065353216 2 3 1 1 0 0 0 1 1 1 -1 1
312184601 312184600 3704297078 1051372203 0 9223372036854775807 0 -1 0 0 0 0 1 1 -1 1
314572800 314572799 314572799 1048576000 1 -1 1 1 0 297795580 1 2 1 0 1 0
314572800 314572799 314572800 1048576000 1 -1 1 1 0 297795580 1 2 1 0 1 0
314572800 314572799 314572801 1048576000 1 -1 1 1 0 297795580 1 2 1 0 1 0
314572800 314572800 2462056447 1065353216 2 3 1 1 0 117440512 -1 2 1 0 -1 0
314572800 314572800 2462056448 1065353216 2 3 1 1 0 0 -1 2 1 0 -1 0
314572800 314572800 2462056449 1065353216 2 3 1 1 0 0 0 1 1 1 -1 1
319177888 0 400062609 1051372203 0 -1 0 -1 0 319177888 0 0 1 1 1 1
319461105 319461105 3182331481 1065353216 1 9223372036854775807 1 1 0 0 0 1 1 1 -1 1
322961408 322961407 322961407 1048576000 1 -1 1 1 0 306184188 1 2 1 0 1 0
322961408 322961407 322961408 1048576000 1 -1 1 1 0 306184188 1 2 1 0 1 0
322961408 322961407 322961409 1048576000 1 -1 1 1 0 306184188 1 2 1 0 1 0
322961408 322961408 2470445055 1065353216 2 3 1 1 0 125829120 -1 2 1 0 -1 0
322961408 322961408 2470445056 1065353216 2 3 1 1 0 0 -1 2 1 0 -1 0
322961408 322961408 2470445057 1065353216 2 3 1 1 0 0 0 1 1 1 -1 1
324114935 324114935 722409084 0 1 0 1 1 0 324114935 0 1 1 0 1 0
328796414 68933933 2291869966 2139095039 1 2 1 1 0 0 0 1 1 1 -1 1
329433621 0 3827907741 1056964608 2 2 0 -1 0 329433621 0 -1 0 1 -1 1
331350016 331350015 331350015 1048576000 1 -1 1 1 0 314572796 1 2 1 0 1 0
331350016 331350015 331350016 1048576000 1 -1 1 1 0 314572796 1 2 1 0 1 0
331350016 331350015 331350017 1048576000 1 -1 1 1 0 314572796 1 2 1 0 1 0
331350016 331350016 2478833663 1065353216 2 3 1 1 0 134217728 -1 2 1 0 -1 0
331350016 331350016 2478833664 1065353216 2 3 1 1 0 0 -1 2 1 0 -1 0
331350016 331350016 2478833665 1065353216 2 3 1 1 0 0 0 1 1 1 -1 1
332120736 332120736 2066292981 1051372203 1 9223372036854775807 1 1 0 332120736 0 1 1 1 1 1
334454849 0 1247846138 1051372203 1 1 1 1 0 334454849 0 1 1 1 1 1
334755466 0 1704167074 0 1 1 0 -1 0 0 0 -1 0 0 1 0
335162735 335162734 2026769609 1065353216 1 -1 1 1 1 335162734 17 1 1 1 1 0
339063969 1697396373 1564156866 2139095039 2 2 1 1 1 1697396373 17 1 1 1 1 0
339738624 339738623 339738623 1048576000 1 -1 1 1 0 322961404 1 2 1 0 1 0
339738624 339738623 339738624 1048576000 1 -1 1 1 0 322961404 1 2 1 0 1 0
339738624 339738623 339738625 1048576000 1 -1 1 1 0 322961404 1 2 1 0 1 0
339738624 339738624 2487222271 1065353216 2 3 1 1 0 142606336 -1 2 1 0 -1 0
339738624 339738624 2487222272 1065353216 2 3 1 1 0 0 -1 2 1 0 -1 0
339738624 339738624 2487222273 1065353216 2 3 1 1 0 0 0 1 1 1 -1 1
341402303 341402303 2571483666 1051372203 1 9223372036854775807 0 -1 0 333996692 -311 310 1 0 -1 0
342120398 342120398 1967516942 1051372203 2 1 1 1 0 0 0 1 1 1 1 1
348127232 348127231 348127231 1048576000 1 -1 1 1 0 331350012 1 2 1 0 1 0
348127232 348127231 348127232 1048576000 1 -1 1 1 0 331350012 1 2 1 0 1 0
348127232 348127231 348127233 1048576000 1 -1 1 1 0 331350012 1 2 1 0 1 0
348127232 348127232 2495610879 1065353216 2 3 1 1 0 150994944 -1 2 1 0 -1 0
348127232 348127232 2495610880 1065353216 2 3 1 1 0 0 -1 2 1 0 -1 0
348127232 348127232 2495610881 1065353216 2 3 1 1 0 0 0 1 1 1 -1 1
348915771 348915770 512471532 1051372203 1 2 1 1 0 348915771 0 1 1 1 1 1
349747245 804020484 4160285974 1065353216 1 2 0 -1 0 0 0 -1 0 1 -1 1
350954189 1030827719 1410830684 1 2 0 0 -1 1 1030827719 17 -1 0 1 1 0
352530470 352530469 2962077560 1069547520 1 9223372036854775807 0 -1 0 351059760 -58380471577928324 58380471577928323 1 0 -1 0
353830578 353830577 651025896 1069547520 1 1 1 1 0 353830578 0 1 1 1 1 1
356515840 356515839 356515839 1048576000 1 -1 1 1 0 339738620 1 2 1 0 1 0
356515840 356515839 356515840 1048576000 1 -1 1 1 0 339738620 1 2 1 0 1 0
356515840 356515839 356515841 1048576000 1 -1 1 1 0 339738620 1 2 1 0 1 0
356515840 356515840 2503999487 1065353216 2 3 1 1 0 159383552 -1 2 1 0 -1 0
356515840 356515840 2503999488 1065353216 2 3 1 1 0 0 -1 2 1 0 -1 0
356515840 356515840 2503999489 1065353216 2 3 1 1 0 0 0 1 1 1 -1 1
364848535 1356884572 4180554493 0 2 1 0 -1 0 1356884572 0 -1 0 0 1 0
364904448 364904447 364904447 1048576000 1 -1 1 1 0 348127228 1 2 1 0 1 0
364904448 364904447 364904448 1048576000 1 -1 1 1 0 348127228 1 2 1 0 1 0
364904448 364904447 364904449 1048576000 1 -1 1 1 0 348127228 1 2 1 0 1 0
364904448 364904448 2512388095 1065353216 2 3 1 1 0 167772160 -1 2 1 0 -1 0
364904448 364904448 2512388096 1065353216 2 3 1 1 0 0 -1 2 1 0 -1 0
364904448 364904448 2512388097 1065353216 2 3 1 1 0 0 0 1 1 1 -1 1
366937525 366937524 1364065475 1073741824 0 2 1 1 0 366937525 0 1 1 1 1 1
368421205 368421205 3847669210 1051372203 0 0 1 1 0 0 0 1 1 1 -1 1
371361221 594356704 2420392699 1069547520 2 9223372036854775807 0 -1 0 377600475 0 -1 0 0 -1 0
373293056 373293055 373293055 1048576000 1 -1 1 1 0 356515836 1 2 1 0 1 0
373293056 373293055 373293056 1048576000 1 -1 1 1 0 356515836 1 2 1 0 1 0
373293056 373293055 373293057 1048576000 1 -1 1 1 0 356515836 1 2 1 0 1 0
373293056 373293056 2520776703 1065353216 2 3 1 1 0 176160768 -1 2 1 0 -1 0
373293056 373293056 2520776704 1065353216 2 3 1 1 0 0 -1 2 1 0 -1 0
373293056 373293056 2520776705 1065353216 2 3 1 1 0 0 0 1 1 1 -1 1
375745649 0 4099979670 1051372203 2 1 1 1 0 0 0 1 1 1 -1 1
377430441 377430441 1811106186 2139095039 2 9223372036854775807 1 1 1 377430441 17 1 1 1 1 0
379478552 0 1958669516 1073741824 2 1 0 -1 0 379478552 0 -1 0 1 1 1
381590522 1990046689 642171561 0 1 -1 1 1 0 1990046689 0 1 1 0 1 0
381681664 381681663 381681663 1048576000 1 -1 1 1 0 364904444 1 2 1 0 1 0
381681664 381681663 381681664 1048576000 1 -1 1 1 0 364904444 1 2 1 0 1 0
381681664 381681663 381681665 1048576000 1 -1 1 1 0 364904444 1 2 1 0 1 0
381681664 381681664 2529165311 1065353216 2 3 1 1 0 184549376 -1 2 1 0 -1 0
381681664 381681664 2529165312 1065353216 2 3 1 1 0 0 -1 2 1 0 -1 0
381681664 381681664 2529165313 1065353216 2 3 1 1 0 0 0 1 1 1 -1 1
386475480 386475480 3517524814 2139095039 0 2 0 -1 1 386475480 17 -1 0 1 1 0
387481102 387481101 1632631174 1 0 1 1 1 0 387481102 0 1 1 1 1 1
387792885 1654246567 2566033712 1065353216 2 9223372036854775807 1 1 1 1654246567 17 1 1 1 1 0
389061555 389061554 2282037775 1 0 1 0 -1 0 389061554 0 -1 0 0 1 0
389113927 93971257 1614453830 0 2 0 0 -1 0 93971257 0 -1 0 0 1 0
390070272 390070271 390070271 1048576000 1 -1 1 1 0 373293052 1 2 1 0 1 0
390070272 390070271 390070272 1048576000 1 -1 1 1 0 373293052 1 2 1 0 1 0
390070272 390070271 390070273 1048576000 1 -1 1 1 0 373293052 1 2 1 0 1 0
390070272 390070272 2537553919 1065353216 2 3 1 1 0 192937984 -1 2 1 0 -1 0
390070272 390070272 2537553920 1065353216 2 3 1 1 0 0 -1 2 1 0 -1 0
390070272 390070272 2537553921 1065353216 2 3 1 1 0 0 0 1 1 1 -1 1
391982617 0 3439518329 1056964608 2 9223372036854775807 1 1 0 391982617 0 1 1 1 -1 1
394065454 569634438 2118615466 0 0 -1 1 1 0 569634438 0 1 1 0 1 0
398302049 0 3946337756 1073741824 1 1 0 -1 0 0 0 -1 0 1 -1 1
398458880 398458879 398458879 1048576000 1 -1 1 1 0 381681660 1 2 1 0 1 0
398458880 398458879 398458880 1048576000 1 -1 1 1 0 381681660 1 2 1 0 1 0
398458880 398458879 398458881 1048576000 1 -1 1 1 0 381681660 1 2 1 0 1 0
398458880 398458880 2545942527 1065353216 2 3 1 1 0 201326592 -1 2 1 0 -1 0
398458880 398458880 2545942528 1065353216 2 3 1 1 0 0 -1 2 1 0 -1 0
398458880 398458880 2545942529 1065353216 2 3 1 1 0 0 0 1 1 1 -1 1
403071215 403071214 1955736973 1056964608 1 1 0 -1 0 403071215 0 -1 0 1 1 1
406847488 406847487 406847487 1048576000 1 -1 1 1 0 390070268 1 2 1 0 1 0
406847488 406847487 406847488 1048576000 1 -1 1 1 0 390070268 1 2 1 0 1 0
406847488 406847487 406847489 1048576000 1 -1 1 1 0 390070268 1 2 1 0 1 0
406847488 406847488 2554331135 1065353216 2 3 1 1 0 209715200 -1 2 1 0 -1 0
406847488 406847488 2554331136 1065353216 2 3 1 1 0 0 -1 2 1 0 -1 0
406847488 406847488 2554331137 1065353216 2 3 1 1 0 0 0 1 1 1 -1 1
406930903 2068054895 1248291656 0 0 -1 0 -1 0 2068054895 0 -1 0 0 1 0
411148245 1205345603 1676486732 1056964608 1 9223372036854775807 1 1 1 1205345603 17 1 1 1 1 0
411182562 1611659385 3992606918 1051372203 1 2 1 1 1 1611659385 17 1 1 1 1 0
415236096 415236095 415236095 1048576000 1 -1 1 1 0 398458876 1 2 1 0 1 0
415236096 415236095 415236096 1048576000 1 -1 1 1 0 398458876 1 2 1 0 1 0
415236096 415236095 415236097 1048576000 1 -1 1 1 0 398458876 1 2 1 0 1 0
415236096 415236096 2562719743 1065353216 2 3 1 1 0 218103808 -1 2 1 0 -1 0
415236096 415236096 2562719744 1065353216 2 3 1 1 0 0 -1 2 1 0 -1 0
415236096 415236096 2562719745 1065353216 2 3 1 1 0 0 0 1 1 1 -1 1
416363185 212863204 454424831 1073741824 2 1 1 1 0 416363185 0 1 1 1 1 1
419687798 1718885496 4068164021 1073741824 0 0 1 1 0 0 0 1 1 1 -1 1
419960947 419960947 4075205581 1065353216 2 9223372036854775807 0 -1 0 419960947 0 -1 0 1 -1 1
420340010 966442986 529696393 1 0 9223372036854775807 0 -1 0 966442986 0 -1 0 0 1 0
423624704 423624703 423624703 1048576000 1 -1 1 1 0 406847484 1 2 1 0 1 0
423624704 423624703 423624704 1048576000 1 -1 1 1 0 406847484 1 2 1 0 1 0
423624704 423624703 423624705 1048576000 1 -1 1 1 0 406847484 1 2 1 0 1 0
423624704 423624704 2571108351 1065353216 2 3 1 1 0 226492416 -1 2 1 0 -1 0
423624704 423624704 2571108352 1065353216 2 3 1 1 0 0 -1 2 1 0 -1 0
423624704 423624704 2571108353 1065353216 2 3 1 1 0 0 0 1 1 1 -1 1
426044050 426044049 1674815648 0 2 9223372036854775807 0 -1 0 426044049 0 -1 0 0 1 0
430272952 0 164831700 1056964608 2 9223372036854775807 1 1 0 156443092 0 1 1 0 1 0
431811554 817648003 2175041370 1069547520 1 0 0 -1 0 401769216 0 -1 0 0 -1 0
432013312 432013311 432013311 1048576000 1 -1 1 1 0 415236092 1 2 1 0 1 0
432013312 432013311 432013312 1048576000 1 -1 1 1 0 415236092 1 2 1 0 1 0
432013312 432013311 432013313 1048576000 1 -1 1 1 0 415236092 1 2 1 0 1 0
432013312 432013312 2579496959 1065353216 2 3 1 1 0 234881024 -1 2 1 0 -1 0
432013312 432013312 2579496960 1065353216 2 3 1 1 0 0 -1 2 1 0 -1 0
432013312 432013312 2579496961 1065353216 2 3 1 1 0 0 0 1 1 1 -1 1
432398481 432398480 733284693 1056964608 0 9223372036854775807 1 1 0 432398481 0 1 1 1 1 1
432728897 0 122082975 1073741824 0 1 0 -1 0 130471583 0 0 1 0 1 0
435584020 0 3895976916 1073741824 2 9223372036854775807 0 -1 0 0 0 -1 0 1 -1 1
440401920 440401919 440401919 1048576000 1 -1 1 1 0 423624700 1 2 1 0 1 0
440401920 440401919 440401920 1048576000 1 -1 1 1 0 423624700 1 2 1 0 1 0
440401920 440401919 440401921 1048576000 1 -1 1 1 0 423624700 1 2 1 0 1 0
440401920 440401920 2587885567 1065353216 2 3 1 1 0 243269632 -1 2 1 0 -1 0
440401920 440401920 2587885568 1065353216 2 3 1 1 0 0 -1 2 1 0 -1 0
440401920 440401920 2587885569 1065353216 2 3 1 1 0 0 0 1 1 1 -1 1
443636355 443636355 2604252082 0 0 2 0 -1 0 443636355 0 -1 0 0 1 0
446586991 446586990 3150654051 1051372203 1 0 0 -1 0 0 0 -1 0 1 -1 1
447597395 1702896323 2000836218 2139095039 1 0 0 -1 1 1702896323 17 -1 0 1 1 0
448288347 1874613021 1428862860 1069547520 0 -1 0 -1 0 448288347 0 0 1 1 1 1
448362411 448362411 978416980 1051372203 0 9223372036854775807 0 -1 0 448362411 0 0 1 1 1 1
448790528 448790527 448790527 1048576000 1 -1 1 1 0 432013308 1 2 1 0 1 0
448790528 448790527 448790528 1048576000 1 -1 1 1 0 432013308 1 2 1 0 1 0
448790528 448790527 448790529 1048576000 1 -1 1 1 0 432013308 1 2 1 0 1 0
448790528 448790528 2596274175 1065353216 2 3 1 1 0 251658240 -1 2 1 0 -1 0
448790528 448790528 2596274176 1065353216 2 3 1 1 0 0 -1 2 1 0 -1 0
448790528 448790528 2596274177 1065353216 2 3 1 1 0 0 0 1 1 1 -1 1
452198433 0 2267854524 1056964608 0 9223372036854775807 1 1 0 0 0 1 1 1 -1 1
452446638 452446637 2763809248 1 2 -1 1 1 0 452446637 0 1 1 0 1 0
453932497 453932496 204891958 1056964608 0 -1 1 1 0 453932496 0 1 1 0 1 0
457179136 457179135 457179135 1048576000 1 -1 1 1 0 440401916 1 2 1 0 1 0
457179136 457179135 457179136 1048576000 1 -1 1 1 0 440401916 1 2 1 0 1 0
457179136 457179135 457179137 1048576000 1 -1 1 1 0 440401916 1 2 1 0 1 0
457179136 457179136 2604662783 1065353216 2 3 1 1 0 260046848 -1 2 1 0 -1 0
457179136 457179136 2604662784 1065353216 2 3 1 1 0 0 -1 2 1 0 -1 0
457179136 457179136 2604662785 1065353216 2 3 1 1 0 0 0 1 1 1 -1 1
458465057 458465057 1583525844 1 0 0 0 -1 0 458465057 0 0 1 1 1 1
460222719 0 4191111192 1051372203 2 1 0 -1 0 0 0 -1 0 1 -1 1
465567744 465567743 465567743 1048576000 1 -1 1 1 0 448790524 1 2 1 0 1 0
465567744 465567743 465567744 1048576000 1 -1 1 1 0 448790524 1 2 1 0 1 0
465567744 465567743 465567745 1048576000 1 -1 1 1 0 448790524 1 2 1 0 1 0
465567744 465567744 2613051391 1065353216 2 3 1 1 0 268435456 -1 2 1 0 -1 0
465567744 465567744 2613051392 1065353216 2 3 1 1 0 0 -1 2 1 0 -1 0
465567744 465567744 2613051393 1065353216 2 3 1 1 0 0 0 1 1 1 -1 1
470895959 470895959 3764909503 2139095039 0 0 1 1 1 470895959 17 1 1 1 1 0
472214914 472214913 1470859765 1073741824 1 9223372036854775807 0 -1 0 472214914 0 -1 0 1 1 1
473956352 473956351 473956351 1048576000 1 -1 1 1 0 457179132 1 2 1 0 1 0
473956352 473956351 473956352 1048576000 1 -1 1 1 0 457179132 1 2 1 0 1 0
473956352 473956351 473956353 1048576000 1 -1 1 1 0 457179132 1 2 1 0 1 0
473956352 473956352 2621439999 1065353216 2 3 1 1 0 276824064 -1 2 1 0 -1 0
473956352 473956352 2621440000 1065353216 2 3 1 1 0 0 -1 2 1 0 -1 0
473956352 473956352 2621440001 1065353216 2 3 1 1 0 0 0 1 1 1 -1 1
474143168 0 4114005056 2139095039 2 -1 1 1 1 0 17 1 1 1 1 0
475797212 622372796 2171425038 1051372203 0 0 0 -1 0 475797212 0 0 1 1 -1 1
478342859 478342858 4213986696 0 2 1 1 1 0 478342858 0 1 1 0 1 0
482344960 482344959 482344959 1048576000 1 -1 1 1 0 465567740 1 2 1 0 1 0
482344960 482344959 482344960 1048576000 1 -1 1 1 0 465567740 1 2 1 0 1 0
482344960 482344959 482344961 1048576000 1 -1 1 1 0 465567740 1 2 1 0 1 0
482344960 482344960 2629828607 1065353216 2 3 1 1 0 285212672 -1 2 1 0 -1 0
482344960 482344960 2629828608 1065353216 2 3 1 1 0 0 -1 2 1 0 -1 0
482344960 482344960 2629828609 1065353216 2 3 1 1 0 0 0 1 1 1 -1 1
490733568 490733567 490733567 1048576000 1 -1 1 1 0 473956348 1 2 1 0 1 0
490733568 490733567 490733568 1048576000 1 -1 1 1 0 473956348 1 2 1 0 1 0
490733568 490733567 490733569 1048576000 1 -1 1 1 0 473956348 1 2 1 0 1 0
490733568 490733568 2638217215 1065353216 2 3 1 1 0 293601280 -1 2 1 0 -1 0
490733568 490733568 2638217216 1065353216 2 3 1 1 0 0 -1 2 1 0 -1 0
490733568 490733568 2638217217 1065353216 2 3 1 1 0 0 0 1 1 1 -1 1
499122176 499122175 499122175 1048576000 1 -1 1 1 0 482344956 1 2 1 0 1 0
499122176 499122175 499122176 1048576000 1 -1 1 1 0 482344956 1 2 1 0 1 0
499122176 499122175 499122177 1048576000 1 -1 1 1 0 482344956 1 2 1 0 1 0
499122176 499122176 2646605823 1065353216 2 3 1 1 0 301989888 -1 2 1 0 -1 0
499122176 499122176 2646605824 1065353216 2 3 1 1 0 0 -1 2 1 0 -1 0
499122176 499122176 2646605825 1065353216 2 3 1 1 0 0 0 1 1 1 -1 1
502145667 502145666 4188360705 1 0 0 1 1 0 0 0 1 1 1 -1 1
502935053 0 1711189443 1069547520 0 2 0 -1 0 502935053 0 0 1 1 1 1
507510784 507510783 507510783 1048576000 1 -1 1 1 0 490733564 1 2 1 0 1 0
507510784 507510783 507510784 1048576000 1 -1 1 1 0 490733564 1 2 1 0 1 0
507510784 507510783 507510785 1048576000 1 -1 1 1 0 490733564 1 2 1 0 1 0
507510784 507510784 2654994431 1065353216 2 3 1 1 0 310378496 -1 2 1 0 -1 0
507510784 507510784 2654994432 1065353216 2 3 1 1 0 0 -1 2 1 0 -1 0
507510784 507510784 2654994433 1065353216 2 3 1 1 0 0 0 1 1 1 -1 1
508675381 1195575773 2240259009 1 0 1 1 1 0 1195575773 0 1 1 0 1 0
514573708 1371627953 691487130 0 1 -1 0 -1 0 1371627953 0 -1 0 0 1 0
515899392 515899391 515899391 1048576000 1 -1 1 1 0 499122172 1 2 1 0 1 0
515899392 515899391 515899392 1048576000 1 -1 1 1 0 499122172 1 2 1 0 1 0
515899392 515899391 515899393 1048576000 1 -1 1 1 0 499122172 1 2 1 0 1 0
515899392 515899392 2663383039 1065353216 2 3 1 1 0 318767104 -1 2 1 0 -1 0
515899392 515899392 2663383040 1065353216 2 3 1 1 0 0 -1 2 1 0 -1 0
515899392 515899392 2663383041 1065353216 2 3 1 1 0 0 0 1 1 1 -1 1
516954672 0 2316027044 1065353216 1 1 0 -1 0 516954671 -1 0 1 0 -1 0
518643265 518643264 3035541871 1073741824 0 2 1 1 0 0 0 1 1 1 -1 1
519530558 519530558 424104911 1051372203 0 9223372036854775807 1 1 0 519530558 0 1 1 1 1 1
520217330 0 3516530419 2139095039 1 2 1 1 1 0 17 1 1 1 1 0
524288000 524287999 524287999 1048576000 1 -1 1 1 0 507510780 1 2 1 0 1 0
524288000 524287999 524288000 1048576000 1 -1 1 1 0 507510780 1 2 1 0 1 0
524288000 524287999 524288001 1048576000 1 -1 1 1 0 507510780 1 2 1 0 1 0
524288000 524288000 2671771647 1065353216 2 3 1 1 0 327155712 -1 2 1 0 -1 0
524288000 524288000 2671771648 1065353216 2 3 1 1 0 0 -1 2 1 0 -1 0
524288000 524288000 2671771649 1065353216 2 3 1 1 0 0 0 1 1 1 -1 1
527778486 0 4056298462 1065353216 0 -1 0 -1 0 0 0 0 1 1 -1 1
528530110 528530109 4248874322 1056964608 0 0 1 1 0 0 0 1 1 1 -1 1
529760420 1536501048 50477190 2139095039 2 9223372036854775807 1 1 1 1536501048 17 1 1 1 1 0
531208412 531208411 1519381742 0 2 9223372036854775807 1 1 0 531208411 0 1 1 0 1 0
532676608 532676607 532676607 1048576000 1 -1 1 1 0 515899388 1 2 1 0 1 0
532676608 532676607 532676608 1048576000 1 -1 1 1 0 515899388 1 2 1 0 1 0
532676608 532676607 532676609 1048576000 1 -1 1 1 0 515899388 1 2 1 0 1 0
532676608 532676608 2680160255 1065353216 2 3 1 1 0 335544320 -1 2 1 0 -1 0
532676608 532676608 2680160256 1065353216 2 3 1 1 0 0 -1 2 1 0 -1 0
532676608 532676608 2680160257 1065353216 2 3 1 1 0 0 0 1 1 1 -1 1
533565124 533565123 3440522032 0 2 1 1 1 0 533565123 0 1 1 0 1 0
533635487 0 3566531889 1051372203 2 2 0 -1 0 533635487 0 -1 0 1 -1 1
538244312 1843798493 27456965 1069547520 2 9223372036854775807 0 -1 1 1843798493 17 -1 0 1 1 0
540393872 540393872 2184867438 0 0 2 0 -1 0 540393872 0 -1 0 0 1 0
541065216 541065215 541065215 1048576000 1 -1 1 1 0 524287996 1 2 1 0 1 0
541065216 541065215 541065216 1048576000 1 -1 1 1 0 524287996 1 2 1 0 1 0
541065216 541065215 541065217 1048576000 1 -1 1 1 0 524287996 1 2 1 0 1 0
541065216 541065216 2688548863 1065353216 2 3 1 1 0 343932928 -1 2 1 0 -1 0
541065216 541065216 2688548864 1065353216 2 3 1 1 0 0 -1 2 1 0 -1 0
541065216 541065216 2688548865 1065353216 2 3 1 1 0 0 0 1 1 1 -1 1
545716756 0 3250450674 2139095039 1 2 1 1 1 0 17 1 1 1 1 0
547438303 0 1089827658 1073741824 2 1 0 -1 0 547438303 0 -1 0 1 1 1
549453824 549453823 549453823 1048576000 1 -1 1 1 0 532676604 1 2 1 0 1 0
549453824 549453823 549453824 1048576000 1 -1 1 1 0 532676604 1 2 1 0 1 0
549453824 549453823 549453825 1048576000 1 -1 1 1 0 532676604 1 2 1 0 1 0
549453824 549453824 2696937471 1065353216 2 3 1 1 0 352321536 -1 2 1 0 -1 0
549453824 549453824 2696937472 1065353216 2 3 1 1 0 0 -1 2 1 0 -1 0
549453824 549453824 2696937473 1065353216 2 3 1 1 0 0 0 1 1 1 -1 1
549598043 0 2753859808 1056964608 0 0 1 1 0 0 0 1 1 1 -1 1
551942110 0 3621075512 1069547520 2 9223372036854775807 0 -1 0 0 0 -1 0 1 -1 1
556707144 556707143 47178225 0 1 0 0 -1 0 556707143 0 -1 0 0 1 0
557740424 0 553959097 1056964608 0 0 1 1 0 545570489 0 1 1 0 1 0
557842432 557842431 557842431 1048576000 1 -1 1 1 0 541065212 1 2 1 0 1 0
557842432 557842431 557842432 1048576000 1 -1 1 1 0 541065212 1 2 1 0 1 0
557842432 557842431 557842433 1048576000 1 -1 1 1 0 541065212 1 2 1 0 1 0
557842432 557842432 2705326079 1065353216 2 3 1 1 0 360710144 -1 2 1 0 -1 0
557842432 557842432 2705326080 1065353216 2 3 1 1 0 0 -1 2 1 0 -1 0
557842432 557842432 2705326081 1065353216 2 3 1 1 0 0 0 1 1 1 -1 1
558269694 1544487496 2153029490 1073741824 1 -1 1 1 1 1544487496 17 1 1 1 1 0
560418267 0 69529827 1051372203 0 2 0 -1 0 56355802 0 0 1 0 1 0
560593775 560593774 3989177002 1065353216 0 -1 1 1 0 0 0 1 1 1 -1 1
564229806 273780689 868498318 1073741824 1 -1 1 1 0 563590364 167034609086 167034609087 1 0 1 0
566231040 566231039 566231039 1048576000 1 -1 1 1 0 549453820 1 2 1 0 1 0
566231040 566231039 566231040 1048576000 1 -1 1 1 0 549453820 1 2 1 0 1 0
566231040 566231039 566231041 1048576000 1 -1 1 1 0 549453820 1 2 1 0 1 0
566231040 566231040 2713714687 1065353216 2 3 1 1 0 369098752 -1 2 1 0 -1 0
566231040 566231040 2713714688 1065353216 2 3 1 1 0 0 -1 2 1 0 -1 0
566231040 566231040 2713714689 1065353216 2 3 1 1 0 0 0 1 1 1 -1 1
567764692 567764692 4142500532 1051372203 2 0 0 -1 0 567764692 0 -1 0 1 -1 1
572381876 0 3694906321 1073741824 0 -1 1 1 0 0 0 1 1 1 -1 1
574619648 574619647 574619647 1048576000 1 -1 1 1 0 557842428 1 2 1 0 1 0
574619648 574619647 574619648 1048576000 1 -1 1 1 0 557842428 1 2 1 0 1 0
574619648 574619647 574619649 1048576000 1 -1 1 1 0 557842428 1 2 1 0 1 0
574619648 574619648 2722103295 1065353216 2 3 1 1 0 377487360 -1 2 1 0 -1 0
574619648 574619648 2722103296 1065353216 2 3 1 1 0 0 -1 2 1 0 -1 0
574619648 574619648 2722103297 1065353216 2 3 1 1 0 0 0 1 1 1 -1 1
578034504 923563894 2565858876 1051372203 1 9223372036854775807 0 -1 0 554821280 0 -1 0 0 -1 0
580429222 83909214 1650699630 0 2 9223372036854775807 1 1 0 83909214 0 1 1 0 1 0
580501441 580501440 3198138330 0 2 0 0 -1 0 580501440 0 -1 0 0 1 0
580901798 580901798 281330386 1073741824 2 0 0 -1 0 580901798 0 -1 0 0 1 0
583008256 583008255 583008255 1048576000 1 -1 1 1 0 566231036 1 2 1 0 1 0
583008256 583008255 583008256 1048576000 1 -1 1 1 0 566231036 1 2 1 0 1 0
583008256 583008255 583008257 1048576000 1 -1 1 1 0 566231036 1 2 1 0 1 0
583008256 583008256 2730491903 1065353216 2 3 1 1 0 385875968 -1 2 1 0 -1 0
583008256 583008256 2730491904 1065353216 2 3 1 1 0 0 -1 2 1 0 -1 0
583008256 583008256 2730491905 1065353216 2 3 1 1 0 0 0 1 1 1 -1 1
586826160 0 979356884 1073741824 1 9223372036854775807 0 -1 0 585745152 251718167578736 251718167578736 1 0 1 0
587792749 0 2448161189 0 2 9223372036854775807 0 -1 0 0 0 -1 0 0 1 0
589090633 589090633 408589170 0 2 0 1 1 0 589090633 0 1 1 0 1 0
591396864 591396863 591396863 1048576000 1 -1 1 1 0 574619644 1 2 1 0 1 0
591396864 591396863 591396864 1048576000 1 -1 1 1 0 574619644 1 2 1 0 1 0
591396864 591396863 591396865 1048576000 1 -1 1 1 0 574619644 1 2 1 0 1 0
591396864 591396864 2738880511 1065353216 2 3 1 1 0 394264576 -1 2 1 0 -1 0
591396864 591396864 2738880512 1065353216 2 3 1 1 0 0 -1 2 1 0 -1 0
591396864 591396864 2738880513 1065353216 2 3 1 1 0 0 0 1 1 1 -1 1
591593604 591593603 3619906653 1051372203 2 -1 1 1 1 591593603 17 1 1 1 1 0
591900355 0 2875929239 2139095039 2 9223372036854775807 1 1 0 591900355 0 1 1 1 -1 1
599785472 599785471 599785471 1048576000 1 -1 1 1 0 583008252 1 2 1 0 1 0
599785472 599785471 599785472 1048576000 1 -1 1 1 0 583008252 1 2 1 0 1 0
599785472 599785471 599785473 1048576000 1 -1 1 1 0 583008252 1 2 1 0 1 0
599785472 599785472 2747269119 1065353216 2 3 1 1 0 402653184 -1 2 1 0 -1 0
599785472 599785472 2747269120 1065353216 2 3 1 1 0 0 -1 2 1 0 -1 0
599785472 599785472 2747269121 1065353216 2 3 1 1 0 0 0 1 1 1 -1 1
603413709 603413709 3888451392 1056964608 0 9223372036854775807 1 1 0 0 0 1 1 1 -1 1
604005514 604005513 3488902979 2139095039 0 0 1 1 1 604005513 17 1 1 1 1 0
605723525 605723525 2718207074 2139095039 0 1 1 1 0 0 0 1 1 1 -1 1
608174080 608174079 608174079 1048576000 1 -1 1 1 0 591396860 1 2 1 0 1 0
608174080 608174079 608174080 1048576000 1 -1 1 1 0 591396860 1 2 1 0 1 0
608174080 608174079 608174081 1048576000 1 -1 1 1 0 591396860 1 2 1 0 1 0
608174080 608174080 2755657727 1065353216 2 3 1 1 0 411041792 -1 2 1 0 -1 0
608174080 608174080 2755657728 1065353216 2 3 1 1 0 0 -1 2 1 0 -1 0
608174080 608174080 2755657729 1065353216 2 3 1 1 0 0 0 1 1 1 -1 1
615610470 1811119815 2808710322 1069547520 1 0 1 1 1 1811119815 17 1 1 1 1 0
616562688 616562687 616562687 1048576000 1 -1 1 1 0 599785468 1 2 1 0 1 0
616562688 616562687 616562688 1048576000 1 -1 1 1 0 599785468 1 2 1 0 1 0
616562688 616562687 616562689 1048576000 1 -1 1 1 0 599785468 1 2 1 0 1 0
616562688 616562688 2764046335 1065353216 2 3 1 1 0 419430400 -1 2 1 0 -1 0
616562688 616562688 2764046336 1065353216 2 3 1 1 0 0 -1 2 1 0 -1 0
616562688 616562688 2764046337 1065353216 2 3 1 1 0 0 0 1 1 1 -1 1
620773773 0 2317429103 1065353216 0 1 1 1 0 0 0 1 1 1 -1 1
622263474 622263474 2877069270 1051372203 2 0 0 -1 0 622263474 0 -1 0 1 -1 1
622306892 622306892 4150161524 1073741824 2 2 1 1 0 622306892 0 1 1 1 -1 1
623776408 623776407 2923141922 1069547520 0 0 1 1 0 0 0 1 1 1 -1 1
624951296 624951295 624951295 1048576000 1 -1 1 1 0 608174076 1 2 1 0 1 0
624951296 624951295 624951296 1048576000 1 -1 1 1 0 608174076 1 2 1 0 1 0
624951296 624951295 624951297 1048576000 1 -1 1 1 0 608174076 1 2 1 0 1 0
624951296 624951296 2772434943 1065353216 2 3 1 1 0 427819008 -1 2 1 0 -1 0
624951296 624951296 2772434944 1065353216 2 3 1 1 0 0 -1 2 1 0 -1 0
624951296 624951296 2772434945 1065353216 2 3 1 1 0 0 0 1 1 1 -1 1
633339904 633339903 633339903 1048576000 1 -1 1 1 0 616562684 1 2 1 0 1 0
633339904 633339903 633339904 1048576000 1 -1 1 1 0 616562684 1 2 1 0 1 0
633339904 633339903 633339905 1048576000 1 -1 1 1 0 616562684 1 2 1 0 1 0
633339904 633339904 2780823551 1065353216 2 3 1 1 0 436207616 -1 2 1 0 -1 0
633339904 633339904 2780823552 1065353216 2 3 1 1 0 0 -1 2 1 0 -1 0
633339904 633339904 2780823553 1065353216 2 3 1 1 0 0 0 1 1 1 -1 1
633471841 633471840 3336906965 0 1 9223372036854775807 0 -1 0 633471840 0 -1 0 0 1 0
634670624 634670623 2707311424 1065353216 2 9223372036854775807 0 -1 0 634642169 0 -1 0 0 -1 0
634678035 261411414 1889949295 1056964608 0 -1 0 -1 0 634678035 0 0 1 1 1 1
641728512 641728511 641728511 1048576000 1 -1 1 1 0 624951292 1 2 1 0 1 0
641728512 641728511 641728512 1048576000 1 -1 1 1 0 624951292 1 2 1 0 1 0
641728512 641728511 641728513 1048576000 1 -1 1 1 0 624951292 1 2 1 0 1 0
641728512 641728512 2789212159 1065353216 2 3 1 1 0 444596224 -1 2 1 0 -1 0
641728512 641728512 2789212160 1065353216 2 3 1 1 0 0 -1 2 1 0 -1 0
641728512 641728512 2789212161 1065353216 2 3 1 1 0 0 0 1 1 1 -1 1
647732106 647732105 3357233630 1065353216 0 1 0 -1 0 0 0 0 1 1 -1 1
648421284 648421283 4044601625 1 0 1 1 1 0 622015568 0 1 1 0 1 0
648795227 610683056 1279005854 1069547520 1 1 1 1 0 648795227 0 1 1 1 1 1
649435457 649435457 4007620180 1065353216 0 -1 0 -1 0 0 0 0 1 1 -1 1
650117120 650117119 650117119 1048576000 1 -1 1 1 0 633339900 1 2 1 0 1 0
650117120 650117119 650117120 1048576000 1 -1 1 1 0 633339900 1 2 1 0 1 0
650117120 650117119 650117121 1048576000 1 -1 1 1 0 633339900 1 2 1 0 1 0
650117120 650117120 2797600767 1065353216 2 3 1 1 0 452984832 -1 2 1 0 -1 0
650117120 650117120 2797600768 1065353216 2 3 1 1 0 0 -1 2 1 0 -1 0
650117120 650117120 2797600769 1065353216 2 3 1 1 0 0 0 1 1 1 -1 1
650152039 535397969 3293094435 1051372203 0 0 1 1 0 0 0 1 1 1 -1 1
651534506 0 4095737525 0 0 9223372036854775807 0 -1 0 0 0 -1 0 0 1 0
651580091 0 2581387594 1069547520 0 0 0 -1 0 0 0 0 1 1 -1 1
654612990 654612989 4252365510 1051372203 2 0 1 1 0 0 0 1 1 1 -1 1
654730298 1909636425 2332007982 1065353216 1 0 0 -1 1 1909636425 17 -1 0 1 1 0
654834999 654834999 490983333 1069547520 0 2 0 -1 0 654834999 0 0 1 1 1 1
658505728 658505727 658505727 1048576000 1 -1 1 1 0 641728508 1 2 1 0 1 0
658505728 658505727 658505728 1048576000 1 -1 1 1 0 641728508 1 2 1 0 1 0
658505728 658505727 658505729 1048576000 1 -1 1 1 0 641728508 1 2 1 0 1 0
658505728 658505728 2805989375 1065353216 2 3 1 1 0 461373440 -1 2 1 0 -1 0
658505728 658505728 2805989376 1065353216 2 3 1 1 0 0 -1 2 1 0 -1 0
658505728 658505728 2805989377 1065353216 2 3 1 1 0 0 0 1 1 1 -1 1
660356248 660356248 3626140986 1 2 2 0 -1 0 660356248 0 -1 0 0 -1 0
660472407 660472406 1214779070 2139095039 2 -1 1 1 1 660472406 17 1 1 1 1 0
662096494 662096494 1825309076 1056964608 2 2 1 1 0 0 0 1 1 1 1 1
662344180 662344180 2965091955 0 2 0 0 -1 0 662344180 0 -1 0 0 1 0
662982095 0 1598628054 1069547520 2 -1 1 1 1 0 17 1 1 1 1 0
664957441 2119361854 1378266915 1 2 1 0 -1 1 2119361854 17 -1 0 1 1 0
666894336 666894335 666894335 1048576000 1 -1 1 1 0 650117116 1 2 1 0 1 0
666894336 666894335 666894336 1048576000 1 -1 1 1 0 650117116 1 2 1 0 1 0
666894336 666894335 666894337 1048576000 1 -1 1 1 0 650117116 1 2 1 0 1 0
666894336 666894336 2814377983 1065353216 2 3 1 1 0 469762048 -1 2 1 0 -1 0
666894336 666894336 2814377984 1065353216 2 3 1 1 0 0 -1 2 1 0 -1 0
666894336 666894336 2814377985 1065353216 2 3 1 1 0 0 0 1 1 1 -1 1
667859525 667859524 867430490 1069547520 0 1 1 1 0 667859525 0 1 1 1 1 1
668745810 0 2007847922 1 2 2 1 1 0 668745810 0 1 1 1 1 1
671246715 0 2920270204 1073741824 0 2 1 1 0 0 0 1 1 1 -1 1
672569111 672569110 1343631426 0 2 9223372036854775807 1 1 0 672569110 0 1 1 0 1 0
675106977 0 3736432999 1069547520 0 1 0 -1 0 0 0 0 1 1 -1 1
675282944 675282943 675282943 1048576000 1 -1 1 1 0 658505724 1 2 1 0 1 0
675282944 675282943 675282944 1048576000 1 -1 1 1 0 658505724 1 2 1 0 1 0
675282944 675282943 675282945 1048576000 1 -1 1 1 0 658505724 1 2 1 0 1 0
675282944 675282944 2822766591 1065353216 2 3 1 1 0 478150656 -1 2 1 0 -1 0
675282944 675282944 2822766592 1065353216 2 3 1 1 0 0 -1 2 1 0 -1 0
675282944 675282944 2822766593 1065353216 2 3 1 1 0 0 0 1 1 1 -1 1
675632130 76733120 9972388 1 1 9223372036854775807 1 1 0 76733120 0 1 1 0 1 0
678566049 0 3705422895 1 1 2 0 -1 0 678566048 -1 0 1 0 -1 0
680357170 1562977974 3452637218 1051372203 1 0 0 -1 1 1562977974 17 -1 0 1 1 0
682461314 682461313 603424516 1051372203 2 1 0 -1 0 682461314 0 -1 0 1 1 1
682965869 682965868 1932679110 1065353216 0 9223372036854775807 1 1 0 682965869 0 1 1 1 1 1
683671552 683671551 683671551 1048576000 1 -1 1 1 0 666894332 1 2 1 0 1 0
683671552 683671551 683671552 1048576000 1 -1 1 1 0 666894332 1 2 1 0 1 0
683671552 683671551 683671553 1048576000 1 -1 1 1 0 666894332 1 2 1 0 1 0
683671552 683671552 2831155199 1065353216 2 3 1 1 0 486539264 -1 2 1 0 -1 0
683671552 683671552 2831155200 1065353216 2 3 1 1 0 0 -1 2 1 0 -1 0
683671552 683671552 2831155201 1065353216 2 3 1 1 0 0 0 1 1 1 -1 1
684074886 1488165096 2184651141 1056964608 1 2 1 1 1 1488165096 17 1 1 1 1 0
689894762 0 4031548385 1051372203 1 2 0 -1 0 0 0 -1 0 1 -1 1
692060160 692060159 692060159 1048576000 1 -1 1 1 0 675282940 1 2 1 0 1 0
692060160 692060159 692060160 1048576000 1 -1 1 1 0 675282940 1 2 1 0 1 0
692060160 692060159 692060161 1048576000 1 -1 1 1 0 675282940 1 2 1 0 1 0
692060160 692060160 2839543807 1065353216 2 3 1 1 0 494927872 -1 2 1 0 -1 0
692060160 692060160 2839543808 1065353216 2 3 1 1 0 0 -1 2 1 0 -1 0
692060160 692060160 2839543809 1065353216 2 3 1 1 0 0 0 1 1 1 -1 1
700141924 0 2761116692 1069547520 2 -1 1 1 0 708523462 -1 2 1 0 -1 0
700448768 700448767 700448767 1048576000 1 -1 1 1 0 683671548 1 2 1 0 1 0
700448768 700448767 700448768 1048576000 1 -1 1 1 0 683671548 1 2 1 0 1 0
700448768 700448767 700448769 1048576000 1 -1 1 1 0 683671548 1 2 1 0 1 0
700448768 700448768 2847932415 1065353216 2 3 1 1 0 503316480 -1 2 1 0 -1 0
700448768 700448768 2847932416 1065353216 2 3 1 1 0 0 -1 2 1 0 -1 0
700448768 700448768 2847932417 1065353216 2 3 1 1 0 0 0 1 1 1 -1 1
700928478 700928477 487857617 1073741824 1 -1 0 -1 0 0 1 1 1 0 1 0
703699796 500670427 3194573402 1056964608 2 1 1 1 0 0 0 1 1 1 -1 1
704778442 0 298100343 1 2 1 0 -1 0 0 0 -1 0 0 1 0
708837376 708837375 708837375 1048576000 1 -1 1 1 0 692060156 1 2 1 0 1 0
708837376 708837375 708837376 1048576000 1 -1 1 1 0 692060156 1 2 1 0 1 0
708837376 708837375 708837377 1048576000 1 -1 1 1 0 692060156 1 2 1 0 1 0
708837376 708837376 2856321023 1065353216 2 3 1 1 0 511705088 -1 2 1 0 -1 0
708837376 708837376 2856321024 1065353216 2 3 1 1 0 0 -1 2 1 0 -1 0
708837376 708837376 2856321025 1065353216 2 3 1 1 0 0 0 1 1 1 -1 1
710745488 710745488 3931369138 0 0 -1 1 1 0 710745488 0 1 1 0 1 0
717225984 717225983 717225983 1048576000 1 -1 1 1 0 700448764 1 2 1 0 1 0
717225984 717225983 717225984 1048576000 1 -1 1 1 0 700448764 1 2 1 0 1 0
717225984 717225983 717225985 1048576000 1 -1 1 1 0 700448764 1 2 1 0 1 0
717225984 717225984 2864709631 1065353216 2 3 1 1 0 520093696 -1 2 1 0 -1 0
717225984 717225984 2864709632 1065353216 2 3 1 1 0 0 -1 2 1 0 -1 0
717225984 717225984 2864709633 1065353216 2 3 1 1 0 0 0 1 1 1 -1 1
719589354 0 1709145003 0 1 -1 1 1 0 0 0 1 1 0 1 0
720529698 720529698 1962100171 1069547520 1 1 1 1 0 720529698 0 1 1 1 1 1
725614592 725614591 725614591 1048576000 1 -1 1 1 0 708837372 1 2 1 0 1 0
725614592 725614591 725614592 1048576000 1 -1 1 1 0 708837372 1 2 1 0 1 0
725614592 725614591 725614593 1048576000 1 -1 1 1 0 708837372 1 2 1 0 1 0
725614592 725614592 2873098239 1065353216 2 3 1 1 0 528482304 -1 2 1 0 -1 0
725614592 725614592 2873098240 1065353216 2 3 1 1 0 0 -1 2 1 0 -1 0
725614592 725614592 2873098241 1065353216 2 3 1 1 0 0 0 1 1 1 -1 1
727904395 1649479886 39209843 1069547520 1 -1 0 -1 1 1649479886 17 -1 0 1 1 0
732128928 453784566 2579856803 0 2 0 1 1 0 453784566 0 1 1 0 1 0
733361158 733361158 682296709 1065353216 1 0 1 1 0 682296704 0 1 1 0 1 0
734003200 734003199 734003199 1048576000 1 -1 1 1 0 717225980 1 2 1 0 1 0
734003200 734003199 734003200 1048576000 1 -1 1 1 0 717225980 1 2 1 0 1 0
734003200 734003199 734003201 1048576000 1 -1 1 1 0 717225980 1 2 1 0 1 0
734003200 734003200 2881486847 1065353216 2 3 1 1 0 536870912 -1 2 1 0 -1 0
734003200 734003200 2881486848 1065353216 2 3 1 1 0 0 -1 2 1 0 -1 0
734003200 734003200 2881486849 1065353216 2 3 1 1 0 0 0 1 1 1 -1 1
734251489 734251489 3375075530 1056964608 0 1 1 1 0 0 0 1 1 1 -1 1
735166128 1495711341 4226951679 0 1 1 1 1 0 1495711341 0 1 1 0 1 0
735592282 735592281 1064395022 0 2 2 0 -1 0 735592281 0 -1 0 0 1 0
738040456 0 1917208392 2139095039 2 9223372036854775807 1 1 1 0 17 1 1 1 1 0
738814143 1959502513 2758877841 1073741824 0 2 1 1 0 738814143 0 1 1 1 -1 1
740305392 740305392 4199432424 2139095039 2 -1 0 -1 1 740305392 17 -1 0 1 1 0
742118729 742118729 3154961611 1051372203 1 1 0 -1 0 0 0 -1 0 1 -1 1
742391808 742391807 742391807 1048576000 1 -1 1 1 0 725614588 1 2 1 0 1 0
742391808 742391807 742391808 1048576000 1 -1 1 1 0 725614588 1 2 1 0 1 0
742391808 742391807 742391809 1048576000 1 -1 1 1 0 725614588 1 2 1 0 1 0
742391808 742391808 2889875455 1065353216 2 3 1 1 0 545259520 -1 2 1 0 -1 0
742391808 742391808 2889875456 1065353216 2 3 1 1 0 0 -1 2 1 0 -1 0
742391808 742391808 2889875457 1065353216 2 3 1 1 0 0 0 1 1 1 -1 1
744529397 0 2342474223 1069547520 1 1 0 -1 0 744529396 -1 0 1 0 -1 0
745201609 745201609 111931575 1051372203 0 0 1 1 0 745201609 0 1 1 1 1 1
750780416 750780415 750780415 1048576000 1 -1 1 1 0 734003196 1 2 1 0 1 0
750780416 750780415 750780416 1048576000 1 -1 1 1 0 734003196 1 2 1 0 1 0
750780416 750780415 750780417 1048576000 1 -1 1 1 0 734003196 1 2 1 0 1 0
750780416 750780416 2898264063 1065353216 2 3 1 1 0 553648128 -1 2 1 0 -1 0
750780416 750780416 2898264064 1065353216 2 3 1 1 0 0 -1 2 1 0 -1 0
750780416 750780416 2898264065 1065353216 2 3 1 1 0 0 0 1 1 1 -1 1
751652088 751652088 574710437 1073741824 2 9223372036854775807 1 1 0 751652100 0 1 1 0 1 0
752786567 2112266716 1068693576 1069547520 1 9223372036854775807 0 -1 1 2112266716 17 -1 0 1 1 0
753630169 0 178857186 1056964608 2 1 0 -1 0 170468578 0 -1 0 0 1 0
756242659 0 1876501420 1056964608 0 0 1 1 0 756242659 0 1 1 1 1 1
757996316 2088129877 3316667386 2139095039 2 -1 1 1 1 2088129877 17 1 1 1 1 0
759169024 759169023 759169023 1048576000 1 -1 1 1 0 742391804 1 2 1 0 1 0
759169024 759169023 759169024 1048576000 1 -1 1 1 0 742391804 1 2 1 0 1 0
759169024 759169023 759169025 1048576000 1 -1 1 1 0 742391804 1 2 1 0 1 0
759169024 759169024 2906652671 1065353216 2 3 1 1 0 562036736 -1 2 1 0 -1 0
759169024 759169024 2906652672 1065353216 2 3 1 1 0 0 -1 2 1 0 -1 0
759169024 759169024 2906652673 1065353216 2 3 1 1 0 0 0 1 1 1 -1 1
759222550 2128721337 4168875145 0 2 9223372036854775807 0 -1 0 2128721337 0 -1 0 0 1 0
759242474 759242473 3256929651 1073741824 2 2 1 1 0 0 0 1 1 1 -1 1
759749427 515364534 309447385 1051372203 1 2 0 -1 0 515364534 0 -1 0 0 1 0
761695945 0 1400170504 1051372203 0 -1 1 1 0 761695945 0 1 1 1 1 1
762334093 762334093 588681857 1065353216 0 2 0 -1 0 762334093 0 0 1 1 1 1
763125197 0 973506389 0 0 0 1 1 0 0 0 1 1 0 1 0
767557632 767557631 767557631 1048576000 1 -1 1 1 0 750780412 1 2 1 0 1 0
767557632 767557631 767557632 1048576000 1 -1 1 1 0 750780412 1 2 1 0 1 0
767557632 767557631 767557633 1048576000 1 -1 1 1 0 750780412 1 2 1 0 1 0
767557632 767557632 2915041279 1065353216 2 3 1 1 0 570425344 -1 2 1 0 -1 0
767557632 767557632 2915041280 1065353216 2 3 1 1 0 0 -1 2 1 0 -1 0
767557632 767557632 2915041281 1065353216 2 3 1 1 0 0 0 1 1 1 -1 1
768611777 768611776 2735147905 1073741824 0 1 1 1 0 768611768 0 1 1 0 1 0
769599505 0 3098727157 1065353216 2 9223372036854775807 0 -1 0 768648053 -3361061 3361060 1 0 -1 0
770466778 770466778 3938037640 1073741824 2 0 1 1 0 770466778 0 1 1 1 -1 1
772181160 772181160 3385166634 1051372203 2 9223372036854775807 1 1 0 736275456 -17632325817550077 17632325817550078 1 0 -1 0
772623627 1029887363 3762616877 1 0 1 1 1 0 772623627 0 1 1 1 -1 1
772959812 412722858 4106436444 1056964608 2 -1 1 1 1 412722858 17 1 1 1 1 0
775946240 775946239 775946239 1048576000 1 -1 1 1 0 759169020 1 2 1 0 1 0
775946240 775946239 775946240 1048576000 1 -1 1 1 0 759169020 1 2 1 0 1 0
775946240 775946239 775946241 1048576000 1 -1 1 1 0 759169020 1 2 1 0 1 0
775946240 775946240 2923429887 1065353216 2 3 1 1 0 578813952 -1 2 1 0 -1 0
775946240 775946240 2923429888 1065353216 2 3 1 1 0 0 -1 2 1 0 -1 0
775946240 775946240 2923429889 1065353216 2 3 1 1 0 0 0 1 1 1 -1 1
776278564 0 2898490652 1051372203 1 2 1 1 0 0 0 1 1 1 -1 1
776810922 776810921 1300128056 1069547520 2 -1 0 -1 0 781523024 8575686310929178865 8575686310929178865 1 0 1 0
780141797 780141796 913160110 1 2 -1 1 1 0 780141796 0 1 1 0 1 0
782682866 594850383 568247287 1056964608 1 9223372036854775807 1 1 0 595676999 0 1 1 0 1 0
784334848 784334847 784334847 1048576000 1 -1 1 1 0 767557628 1 2 1 0 1 0
784334848 784334847 784334848 1048576000 1 -1 1 1 0 767557628 1 2 1 0 1 0
784334848 784334847 784334849 1048576000 1 -1 1 1 0 767557628 1 2 1 0 1 0
784334848 784334848 2931818495 1065353216 2 3 1 1 0 587202560 -1 2 1 0 -1 0
784334848 784334848 2931818496 1065353216 2 3 1 1 0 0 -1 2 1 0 -1 0
784334848 784334848 2931818497 1065353216 2 3 1 1 0 0 0 1 1 1 -1 1
784467963 0 3563957119 1073741824 1 9223372036854775807 0 -1 0 0 0 -1 0 1 -1 1
788985266 788985266 1836909056 1069547520 0 0 1 1 0 788985266 0 1 1 1 1 1
792723456 792723455 792723455 1048576000 1 -1 1 1 0 775946236 1 2 1 0 1 0
792723456 792723455 792723456 1048576000 1 -1 1 1 0 775946236 1 2 1 0 1 0
792723456 792723455 792723457 1048576000 1 -1 1 1 0 775946236 1 2 1 0 1 0
792723456 792723456 2940207103 1065353216 2 3 1 1 0 595591168 -1 2 1 0 -1 0
792723456 792723456 2940207104 1065353216 2 3 1 1 0 0 -1 2 1 0 -1 0
792723456 792723456 2940207105 1065353216 2 3 1 1 0 0 0 1 1 1 -1 1
795778414 0 3292966308 1056964608 0 -1 1 1 0 0 0 1 1 1 -1 1
797329588 797329587 1509137599 1 0 0 1 1 0 797329587 0 1 1 0 1 0
801112064 801112063 801112063 1048576000 1 -1 1 1 0 784334844 1 2 1 0 1 0
801112064 801112063 801112064 1048576000 1 -1 1 1 0 784334844 1 2 1 0 1 0
801112064 801112063 801112065 1048576000 1 -1 1 1 0 784334844 1 2 1 0 1 0
801112064 801112064 2948595711 1065353216 2 3 1 1 0 603979776 -1 2 1 0 -1 0
801112064 801112064 2948595712 1065353216 2 3 1 1 0 0 -1 2 1 0 -1 0
801112064 801112064 2948595713 1065353216 2 3 1 1 0 0 0 1 1 1 -1 1
807261488 0 2815263550 1069547520 0 9223372036854775807 0 -1 0 0 0 0 1 1 -1 1
807381808 870071419 3864415540 1056964608 2 2 1 1 0 0 0 1 1 1 -1 1
808264726 808264725 526451246 1056964608 1 -1 1 1 0 808264725 0 1 1 0 1 0
808289267 0 1316840647 0 2 -1 0 -1 0 0 0 -1 0 0 1 0
808415142 808415141 1467983046 1056964608 0 -1 0 -1 0 808415142 0 0 1 1 1 1
808441828 0 531617403 1 2 1 0 -1 0 0 0 -1 0 0 1 0
808712401 0 3441791955 1065353216 1 1 0 -1 0 0 0 -1 0 1 -1 1
809500672 809500671 809500671 1048576000 1 -1 1 1 0 792723452 1 2 1 0 1 0
809500672 809500671 809500672 1048576000 1 -1 1 1 0 792723452 1 2 1 0 1 0
809500672 809500671 809500673 1048576000 1 -1 1 1 0 792723452 1 2 1 0 1 0
809500672 809500672 2956984319 1065353216 2 3 1 1 0 612368384 -1 2 1 0 -1 0
809500672 809500672 2956984320 1065353216 2 3 1 1 0 0 -1 2 1 0 -1 0
809500672 809500672 2956984321 1065353216 2 3 1 1 0 0 0 1 1 1 -1 1
809657296 809657296 1145163543 0 0 1 1 1 0 809657296 0 1 1 0 1 0
813193698 813193698 984456449 1065353216 1 9223372036854775807 1 1 0 799147024 1466043 1466044 1 0 1 0
816297948 816297947 419117203 1069547520 2 2 1 1 0 816297947 0 1 1 0 1 0
816936206 816936205 1795082776 0 1 -1 1 1 0 816936205 0 1 1 0 1 0
817889280 817889279 817889279 1048576000 1 -1 1 1 0 801112060 1 2 1 0 1 0
817889280 817889279 817889280 1048576000 1 -1 1 1 0 801112060 1 2 1 0 1 0
817889280 817889279 817889281 1048576000 1 -1 1 1 0 801112060 1 2 1 0 1 0
817889280 817889280 2965372927 1065353216 2 3 1 1 0 620756992 -1 2 1 0 -1 0
817889280 817889280 2965372928 1065353216 2 3 1 1 0 0 -1 2 1 0 -1 0
817889280 817889280 2965372929 1065353216 2 3 1 1 0 0 0 1 1 1 -1 1
826277888 826277887 826277887 1048576000 1 -1 1 1 0 809500668 1 2 1 0 1 0
826277888 826277887 826277888 1048576000 1 -1 1 1 0 809500668 1 2 1 0 1 0
826277888 826277887 826277889 1048576000 1 -1 1 1 0 809500668 1 2 1 0 1 0
826277888 826277888 2973761535 1065353216 2 3 1 1 0 629145600 -1 2 1 0 -1 0
826277888 826277888 2973761536 1065353216 2 3 1 1 0 0 -1 2 1 0 -1 0
826277888 826277888 2973761537 1065353216 2 3 1 1 0 0 0 1 1 1 -1 1
834666496 834666495 834666495 1048576000 1 -1 1 1 0 817889276 1 2 1 0 1 0
834666496 834666495 834666496 1048576000 1 -1 1 1 0 817889276 1 2 1 0 1 0
834666496 834666495 834666497 1048576000 1 -1 1 1 0 817889276 1 2 1 0 1 0
834666496 834666496 2982150143 1065353216 2 3 1 1 0 637534208 -1 2 1 0 -1 0
834666496 834666496 2982150144 1065353216 2 3 1 1 0 0 -1 2 1 0 -1 0
834666496 834666496 2982150145 1065353216 2 3 1 1 0 0 0 1 1 1 -1 1
835416582 0 2659885082 1051372203 1 0 1 1 0 0 0 1 1 1 -1 1
836896204 1201723794 582502124 1 0 0 1 1 0 1201723794 0 1 1 0 1 0
838206200 838206199 1024054228 1 0 -1 1 1 0 838206199 0 1 1 0 1 0
839332282 0 2151605874 1 0 2 1 1 0 0 0 1 1 0 1 0
842904480 842904479 3381583062 2139095039 1 2 0 -1 1 842904479 17 -1 0 1 1 0
843055104 843055103 843055103 1048576000 1 -1 1 1 0 826277884 1 2 1 0 1 0
843055104 843055103 843055104 1048576000 1 -1 1 1 0 826277884 1 2 1 0 1 0
843055104 843055103 843055105 1048576000 1 -1 1 1 0 826277884 1 2 1 0 1 0
843055104 843055104 2990538751 1065353216 2 3 1 1 0 645922816 -1 2 1 0 -1 0
843055104 843055104 2990538752 1065353216 2 3 1 1 0 0 -1 2 1 0 -1 0
843055104 843055104 2990538753 1065353216 2 3 1 1 0 0 0 1 1 1 -1 1
848746292 848746291 1257868772 1069547520 0 0 0 -1 0 848746292 0 0 1 1 1 1
850686147 850686147 4215337403 1073741824 1 1 1 1 0 0 0 1 1 1 -1 1
851443712 851443711 851443711 1048576000 1 -1 1 1 0 834666492 1 2 1 0 1 0
851443712 851443711 851443712 1048576000 1 -1 1 1 0 834666492 1 2 1 0 1 0
851443712 851443711 851443713 1048576000 1 -1 1 1 0 834666492 1 2 1 0 1 0
851443712 851443712 2998927359 1065353216 2 3 1 1 0 654311424 -1 2 1 0 -1 0
851443712 851443712 2998927360 1065353216 2 3 1 1 0 0 -1 2 1 0 -1 0
851443712 851443712 2998927361 1065353216 2 3 1 1 0 0 0 1 1 1 -1 1
852080723 0 2900359573 0 2 1 0 -1 0 0 0 -1 0 0 1 0
859832320 859832319 859832319 1048576000 1 -1 1 1 0 843055100 1 2 1 0 1 0
859832320 859832319 859832320 1048576000 1 -1 1 1 0 843055100 1 2 1 0 1 0
859832320 859832319 859832321 1048576000 1 -1 1 1 0 843055100 1 2 1 0 1 0
859832320 859832320 3007315967 1065353216 2 3 1 1 0 662700032 -1 2 1 0 -1 0
859832320 859832320 3007315968 1065353216 2 3 1 1 0 0 -1 2 1 0 -1 0
859832320 859832320 3007315969 1065353216 2 3 1 1 0 0 0 1 1 1 -1 1
860808853 860808852 947921532 1065353216 1 -1 0 -1 0 848006862 1269 1269 1 0 1 0
862048813 862048812 1698013359 2139095039 2 0 1 1 1 862048812 17 1 1 1 1 0
867715664 867715663 2425886184 1065353216 1 1 1 1 0 867715663 0 1 1 0 -1 0
868220928 868220927 868220927 1048576000 1 -1 1 1 0 851443708 1 2 1 0 1 0
868220928 868220927 868220928 1048576000 1 -1 1 1 0 851443708 1 2 1 0 1 0
868220928 868220927 868220929 1048576000 1 -1 1 1 0 851443708 1 2 1 0 1 0
868220928 868220928 3015704575 1065353216 2 3 1 1 0 671088640 -1 2 1 0 -1 0
868220928 868220928 3015704576 1065353216 2 3 1 1 0 0 -1 2 1 0 -1 0
868220928 868220928 3015704577 1065353216 2 3 1 1 0 0 0 1 1 1 -1 1
868422398 868422398 831724659 0 2 0 0 -1 0 868422398 0 -1 0 0 1 0
869016570 0 520676328 1056964608 1 -1 1 1 0 512287720 0 1 1 0 1 0
876609536 876609535 876609535 1048576000 1 -1 1 1 0 859832316 1 2 1 0 1 0
876609536 876609535 876609536 1048576000 1 -1 1 1 0 859832316 1 2 1 0 1 0
876609536 876609535 876609537 1048576000 1 -1 1 1 0 859832316 1 2 1 0 1 0
876609536 876609536 3024093183 1065353216 2 3 1 1 0 679477248 -1 2 1 0 -1 0
876609536 876609536 3024093184 1065353216 2 3 1 1 0 0 -1 2 1 0 -1 0
876609536 876609536 3024093185 1065353216 2 3 1 1 0 0 0 1 1 1 -1 1
879450897 879450896 716419237 1051372203 2 -1 1 1 0 879450903 1 2 1 0 1 0
879625669 879625668 1786737153 1065353216 2 9223372036854775807 0 -1 0 879625669 0 -1 0 1 1 1
880615975 880615974 3656178430 1056964608 0 2 0 -1 0 0 0 0 1 1 -1 1
883090204 616951440 2034151992 1051372203 2 1 1 1 0 883090204 0 1 1 1 1 1
884998144 884998143 884998143 1048576000 1 -1 1 1 0 868220924 1 2 1 0 1 0
884998144 884998143 884998144 1048576000 1 -1 1 1 0 868220924 1 2 1 0 1 0
884998144 884998143 884998145 1048576000 1 -1 1 1 0 868220924 1 2 1 0 1 0
884998144 884998144 3032481791 1065353216 2 3 1 1 0 687865856 -1 2 1 0 -1 0
884998144 884998144 3032481792 1065353216 2 3 1 1 0 0 -1 2 1 0 -1 0
884998144 884998144 3032481793 1065353216 2 3 1 1 0 0 0 1 1 1 -1 1
886963997 0 4219558444 1051372203 0 2 1 1 0 0 0 1 1 1 -1 1
887471435 887471434 3186253655 1056964608 0 9223372036854775807 0 -1 0 0 0 0 1 1 -1 1
890366050 815025118 973014028 1051372203 0 9223372036854775807 0 -1 0 890366050 0 0 1 1 1 1
893386752 893386751 893386751 1048576000 1 -1 1 1 0 876609532 1 2 1 0 1 0
893386752 893386751 893386752 1048576000 1 -1 1 1 0 876609532 1 2 1 0 1 0
893386752 893386751 893386753 1048576000 1 -1 1 1 0 876609532 1 2 1 0 1 0
893386752 893386752 3040870399 1065353216 2 3 1 1 0 696254464 -1 2 1 0 -1 0
893386752 893386752 3040870400 1065353216 2 3 1 1 0 0 -1 2 1 0 -1 0
893386752 893386752 3040870401 1065353216 2 3 1 1 0 0 0 1 1 1 -1 1
895025298 1509455271 2487632574 1065353216 1 0 0 -1 1 1509455271 17 -1 0 1 1 0
897931190 0 3257164835 1069547520 0 -1 0 -1 0 0 0 0 1 1 -1 1
898529164 898529163 462373858 1056964608 1 -1 1 1 0 898529163 0 1 1 0 1 0
899659889 0 1965738906 1 1 1 0 -1 0 715836314 0 -1 0 0 1 0
901775360 901775359 901775359 1048576000 1 -1 1 1 0 884998140 1 2 1 0 1 0
901775360 901775359 901775360 1048576000 1 -1 1 1 0 884998140 1 2 1 0 1 0
901775360 901775359 901775361 1048576000 1 -1 1 1 0 884998140 1 2 1 0 1 0
901775360 901775360 3049259007 1065353216 2 3 1 1 0 704643072 -1 2 1 0 -1 0
901775360 901775360 3049259008 1065353216 2 3 1 1 0 0 -1 2 1 0 -1 0
901775360 901775360 3049259009 1065353216 2 3 1 1 0 0 0 1 1 1 -1 1
909014135 909014135 3043312304 1051372203 2 2 1 1 0 909014135 0 1 1 1 -1 1
909714398 909714398 120192362 1051372203 1 1 0 -1 0 0 0 -1 0 0 1 0
910163968 910163967 910163967 1048576000 1 -1 1 1 0 893386748 1 2 1 0 1 0
910163968 910163967 910163968 1048576000 1 -1 1 1 0 893386748 1 2 1 0 1 0
910163968 910163967 910163969 1048576000 1 -1 1 1 0 893386748 1 2 1 0 1 0
910163968 910163968 3057647615 1065353216 2 3 1 1 0 713031680 -1 2 1 0 -1 0
910163968 910163968 3057647616 1065353216 2 3 1 1 0 0 -1 2 1 0 -1 0
910163968 910163968 3057647617 1065353216 2 3 1 1 0 0 0 1 1 1 -1 1
912946642 912946641 3381958870 1051372203 0 -1 0 -1 0 0 0 0 1 1 -1 1
918552576 918552575 918552575 1048576000 1 -1 1 1 0 901775356 1 2 1 0 1 0
918552576 918552575 918552576 1048576000 1 -1 1 1 0 901775356 1 2 1 0 1 0
918552576 918552575 918552577 1048576000 1 -1 1 1 0 901775356 1 2 1 0 1 0
918552576 918552576 3066036223 1065353216 2 3 1 1 0 721420288 -1 2 1 0 -1 0
918552576 918552576 3066036224 1065353216 2 3 1 1 0 0 -1 2 1 0 -1 0
918552576 918552576 3066036225 1065353216 2 3 1 1 0 0 0 1 1 1 -1 1
918630082 918630082 1541589612 1 0 1 0 -1 0 918630082 0 0 1 1 1 1
920093721 920093720 399503133 1 1 1 0 -1 0 920093720 0 -1 0 0 1 0
921713346 921713345 1583715918 1069547520 0 -1 0 -1 0 921713346 0 0 1 1 1 1
924721601 0 4121627418 1 2 1 1 1 0 0 0 1 1 1 -1 1
925381318 1007591565 947983562 1056964608 1 1 0 -1 0 925381318 0 -1 0 1 1 1
926941184 926941183 926941183 1048576000 1 -1 1 1 0 910163964 1 2 1 0 1 0
926941184 926941183 926941184 1048576000 1 -1 1 1 0 910163964 1 2 1 0 1 0
926941184 926941183 926941185 1048576000 1 -1 1 1 0 910163964 1 2 1 0 1 0
926941184 926941184 3074424831 1065353216 2 3 1 1 0 729808896 -1 2 1 0 -1 0
926941184 926941184 3074424832 1065353216 2 3 1 1 0 0 -1 2 1 0 -1 0
926941184 926941184 3074424833 1065353216 2 3 1 1 0 0 0 1 1 1 -1 1
931745865 0 2785206726 1073741824 1 9223372036854775807 1 1 0 931745864 -1 2 1 0 -1 0
932099249 0 2980841364 1051372203 0 1 1 1 0 0 0 1 1 1 -1 1
933219659 1948209327 4251973356 1051372203 1 1 0 -1 1 1948209327 17 -1 0 1 1 0
935329792 935329791 935329791 1048576000 1 -1 1 1 0 918552572 1 2 1 0 1 0
935329792 935329791 935329792 1048576000 1 -1 1 1 0 918552572 1 2 1 0 1 0
935329792 935329791 935329793 1048576000 1 -1 1 1 0 918552572 1 2 1 0 1 0
935329792 935329792 3082813439 1065353216 2 3 1 1 0 738197504 -1 2 1 0 -1 0
935329792 935329792 3082813440 1065353216 2 3 1 1 0 0 -1 2 1 0 -1 0
935329792 935329792 3082813441 1065353216 2 3 1 1 0 0 0 1 1 1 -1 1
937467885 937467884 3386931388 0 2 2 1 1 0 937467884 0 1 1 0 1 0
938598984 938598983 2668657944 1073741824 0 9223372036854775807 0 -1 0 938598983 0 0 1 0 1 0
943718400 943718399 943718399 1048576000 1 -1 1 1 0 926941180 1 2 1 0 1 0
943718400 943718399 943718400 1048576000 1 -1 1 1 0 926941180 1 2 1 0 1 0
943718400 943718399 943718401 1048576000 1 -1 1 1 0 926941180 1 2 1 0 1 0
943718400 943718400 3091202047 1065353216 2 3 1 1 0 746586112 -1 2 1 0 -1 0
943718400 943718400 3091202048 1065353216 2 3 1 1 0 0 -1 2 1 0 -1 0
943718400 943718400 3091202049 1065353216 2 3 1 1 0 0 0 1 1 1 -1 1
945330697 945330697 835007253 0 2 1 0 -1 0 945330697 0 -1 0 0 1 0
945523635 0 174333344 1056964608 1 1 0 -1 0 165944736 0 -1 0 0 1 0
946138790 946138789 408285801 1051372203 2 -1 1 1 0 946138789 0 1 1 0 1 0
951859458 951859457 3889126436 1073741824 2 1 1 1 0 0 0 1 1 1 -1 1
952107008 952107007 952107007 1048576000 1 -1 1 1 0 935329788 1 2 1 0 1 0
952107008 952107007 952107008 1048576000 1 -1 1 1 0 935329788 1 2 1 0 1 0
952107008 952107007 952107009 1048576000 1 -1 1 1 0 935329788 1 2 1 0 1 0
952107008 952107008 3099590655 1065353216 2 3 1 1 0 754974720 -1 2 1 0 -1 0
952107008 952107008 3099590656 1065353216 2 3 1 1 0 0 -1 2 1 0 -1 0
952107008 952107008 3099590657 1065353216 2 3 1 1 0 0 0 1 1 1 -1 1
953606498 1219095120 640602949 1 1 2 0 -1 0 1219095120 0 -1 0 0 1 0
955247794 955247794 4201686842 1069547520 0 1 1 1 0 0 0 1 1 1 -1 1
955808467 0 3247308283 1065353216 1 9223372036854775807 0 -1 0 948688587 -149801 149800 1 0 -1 0
956285825 0 2872082750 1 2 -1 1 1 0 0 0 1 1 0 1 0
957247126 0 506236875 1073741824 1 0 1 1 0 514625483 0 1 1 0 1 0
958028900 1149063402 1441015487 1 1 2 1 1 0 914116608 0 1 1 0 1 0
960402168 960402168 883247827 1051372203 2 1 0 -1 0 960409220 0 -1 0 0 1 0
960495616 960495615 960495615 1048576000 1 -1 1 1 0 943718396 1 2 1 0 1 0
960495616 960495615 960495616 1048576000 1 -1 1 1 0 943718396 1 2 1 0 1 0
960495616 960495615 960495617 1048576000 1 -1 1 1 0 943718396 1 2 1 0 1 0
960495616 960495616 3107979263 1065353216 2 3 1 1 0 763363328 -1 2 1 0 -1 0
960495616 960495616 3107979264 1065353216 2 3 1 1 0 0 -1 2 1 0 -1 0
960495616 960495616 3107979265 1065353216 2 3 1 1 0 0 0 1 1 1 -1 1
968884224 968884223 968884223 1048576000 1 -1 1 1 0 952107004 1 2 1 0 1 0
968884224 968884223 968884224 1048576000 1 -1 1 1 0 952107004 1 2 1 0 1 0
968884224 968884223 968884225 1048576000 1 -1 1 1 0 952107004 1 2 1 0 1 0
968884224 968884224 3116367871 1065353216 2 3 1 1 0 771751936 -1 2 1 0 -1 0
968884224 968884224 3116367872 1065353216 2 3 1 1 0 0 -1 2 1 0 -1 0
968884224 968884224 3116367873 1065353216 2 3 1 1 0 0 0 1 1 1 -1 1
970916768 1240516633 1673101135 0 2 -1 1 1 0 1240516633 0 1 1 0 1 0
971729056 971729056 3700898452 1056964608 1 9223372036854775807 0 -1 0 0 0 -1 0 1 -1 1
973683802 1365655277 1460337472 1073741824 1 2 0 -1 0 973683802 0 -1 0 1 1 1
977272832 977272831 977272831 1048576000 1 -1 1 1 0 960495612 1 2 1 0 1 0
977272832 977272831 977272832 1048576000 1 -1 1 1 0 960495612 1 2 1 0 1 0
977272832 977272831 977272833 1048576000 1 -1 1 1 0 960495612 1 2 1 0 1 0
977272832 977272832 3124756479 1065353216 2 3 1 1 0 780140544 -1 2 1 0 -1 0
977272832 977272832 3124756480 1065353216 2 3 1 1 0 0 -1 2 1 0 -1 0
977272832 977272832 3124756481 1065353216 2 3 1 1 0 0 0 1 1 1 -1 1
979466447 0 2217851282 1069547520 1 2 0 -1 0 979466446 -1 0 1 0 -1 0
982591711 0 3939385862 1069547520 0 -1 1 1 0 0 0 1 1 1 -1 1
985661440 985661439 985661439 1048576000 1 -1 1 1 0 968884220 1 2 1 0 1 0
985661440 985661439 985661440 1048576000 1 -1 1 1 0 968884220 1 2 1 0 1 0
985661440 985661439 985661441 1048576000 1 -1 1 1 0 968884220 1 2 1 0 1 0
985661440 985661440 3133145087 1065353216 2 3 1 1 0 788529152 -1 2 1 0 -1 0
985661440 985661440 3133145088 1065353216 2 3 1 1 0 0 -1 2 1 0 -1 0
985661440 985661440 3133145089 1065353216 2 3 1 1 0 0 0 1 1 1 -1 1
986383715 986383715 2609839101 0 1 1 1 1 0 986383715 0 1 1 0 1 0
988129977 988129977 3892613848 1069547520 0 2 0 -1 0 0 0 0 1 1 -1 1
994050048 994050047 994050047 1048576000 1 -1 1 1 0 977272828 1 2 1 0 1 0
994050048 994050047 994050048 1048576000 1 -1 1 1 0 977272828 1 2 1 0 1 0
994050048 994050047 994050049 1048576000 1 -1 1 1 0 977272828 1 2 1 0 1 0
994050048 994050048 3141533695 1065353216 2 3 1 1 0 796917760 -1 2 1 0 -1 0
994050048 994050048 3141533696 1065353216 2 3 1 1 0 0 -1 2 1 0 -1 0
994050048 994050048 3141533697 1065353216 2 3 1 1 0 0 0 1 1 1 -1 1
994682326 0 3917578265 1 2 2 1 1 0 0 0 1 1 1 -1 1
995539557 995539556 367903310 0 2 9223372036854775807 1 1 0 995539556 0 1 1 0 1 0
996046065 0 1320058482 2139095039 1 -1 1 1 1 0 17 1 1 1 1 0
996439496 996439496 2013977217 2139095039 0 9223372036854775807 0 -1 1 996439496 17 -1 0 1 1 0
1000126869 1120506478 390173647 2139095039 1 9223372036854775807 0 -1 0 988755920 44500638753623180 44500638753623180 1 0 1 0
1002438656 1002438655 1002438655 1048576000 1 -1 1 1 0 985661436 1 2 1 0 1 0
1002438656 1002438655 1002438656 1048576000 1 -1 1 1 0 985661436 1 2 1 0 1 0
1002438656 1002438655 1002438657 1048576000 1 -1 1 1 0 985661436 1 2 1 0 1 0
1002438656 1002438656 3149922303 1065353216 2 3 1 1 0 805306368 -1 2 1 0 -1 0
1002438656 1002438656 3149922304 1065353216 2 3 1 1 0 0 -1 2 1 0 -1 0
1002438656 1002438656 3149922305 1065353216 2 3 1 1 0 0 0 1 1 1 -1 1
1003249057 1990270861 3040653027 2139095039 0 2 0 -1 0 1003249057 0 0 1 1 -1 1
1005530619 1005530619 2067510008 1065353216 1 1 0 -1 0 1005530619 0 -1 0 1 1 1
1007660594 0 2119931023 1 0 2 0 -1 0 870028431 0 0 1 0 1 0
1010827264 1010827263 1010827263 1048576000 1 -1 1 1 0 994050044 1 2 1 0 1 0
1010827264 1010827263 1010827264 1048576000 1 -1 1 1 0 994050044 1 2 1 0 1 0
1010827264 1010827263 1010827265 1048576000 1 -1 1 1 0 994050044 1 2 1 0 1 0
1010827264 1010827264 3158310911 1065353216 2 3 1 1 0 813694976 -1 2 1 0 -1 0
1010827264 1010827264 3158310912 1065353216 2 3 1 1 0 0 -1 2 1 0 -1 0
1010827264 1010827264 3158310913 1065353216 2 3 1 1 0 0 0 1 1 1 -1 1
1016488694 1956083824 690847868 1073741824 2 2 1 1 1 1956083824 17 1 1 1 1 0
1019215872 1019215871 1019215871 1048576000 1 -1 1 1 0 1002438652 1 2 1 0 1 0
1019215872 1019215871 1019215872 1048576000 1 -1 1 1 0 1002438652 1 2 1 0 1 0
1019215872 1019215871 1019215873 1048576000 1 -1 1 1 0 1002438652 1 2 1 0 1 0
1019215872 1019215872 3166699519 1065353216 2 3 1 1 0 822083584 -1 2 1 0 -1 0
1019215872 1019215872 3166699520 1065353216 2 3 1 1 0 0 -1 2 1 0 -1 0
1019215872 1019215872 3166699521 1065353216 2 3 1 1 0 0 0 1 1 1 -1 1
1020490195 0 3395891853 1 0 9223372036854775807 1 1 0 0 0 1 1 1 -1 1
1021076042 214242070 4169221616 0 2 9223372036854775807 0 -1 0 214242070 0 -1 0 0 1 0
1023830921 1885918375 2183654817 0 1 2 1 1 0 1885918375 0 1 1 0 1 0
1026099513 113216002 3779668401 1065353216 2 1 0 -1 0 0 0 -1 0 1 -1 1
1027604480 1027604479 1027604479 1048576000 1 -1 1 1 0 1010827260 1 2 1 0 1 0
1027604480 1027604479 1027604480 1048576000 1 -1 1 1 0 1010827260 1 2 1 0 1 0
1027604480 1027604479 1027604481 1048576000 1 -1 1 1 0 1010827260 1 2 1 0 1 0
1027604480 1027604480 3175088127 1065353216 2 3 1 1 0 830472192 -1 2 1 0 -1 0
1027604480 1027604480 3175088128 1065353216 2 3 1 1 0 0 -1 2 1 0 -1 0
1027604480 1027604480 3175088129 1065353216 2 3 1 1 0 0 0 1 1 1 -1 1
1027780709 610261941 3858061690 1051372203 0 9223372036854775807 1 1 0 0 0 1 1 1 -1 1
1035399310 1035399310 1755956197 1051372203 0 1 0 -1 0 1035399310 0 0 1 1 1 1
1035503480 1035503479 568158410 1056964608 0 0 1 1 0 1035503479 0 1 1 0 1 0
1035824340 1035824339 3734156282 1 0 2 0 -1 0 1035824339 0 0 1 0 1 0
1035993088 1035993087 1035993087 1048576000 1 -1 1 1 0 1019215868 1 2 1 0 1 0
1035993088 1035993087 1035993088 1048576000 1 -1 1 1 0 1019215868 1 2 1 0 1 0
1035993088 1035993087 1035993089 1048576000 1 -1 1 1 0 1019215868 1 2 1 0 1 0
1035993088 1035993088 3183476735 1065353216 2 3 1 1 0 838860800 -1 2 1 0 -1 0
1035993088 1035993088 3183476736 1065353216 2 3 1 1 0 0 -1 2 1 0 -1 0
1035993088 1035993088 3183476737 1065353216 2 3 1 1 0 0 0 1 1 1 -1 1
1039179451 1039179450 238175805 1069547520 2 2 1 1 0 1039179450 0 1 1 0 1 0
1043594721 1011310014 1236710684 1056964608 2 -1 0 -1 0 1030839600 4257588 4257588 1 0 1 0
1043747744 1043747743 1991638217 2139095039 1 9223372036854775807 1 1 1 1043747743 17 1 1 1 1 0
1044381696 1044381695 1044381695 1048576000 1 -1 1 1 0 1027604476 1 2 1 0 1 0
1044381696 1044381695 1044381696 1048576000 1 -1 1 1 0 1027604476 1 2 1 0 1 0
1044381696 1044381695 1044381697 1048576000 1 -1 1 1 0 1027604476 1 2 1 0 1 0
1044381696 1044381696 3191865343 1065353216 2 3 1 1 0 847249408 -1 2 1 0 -1 0
1044381696 1044381696 3191865344 1065353216 2 3 1 1 0 0 -1 2 1 0 -1 0
1044381696 1044381696 3191865345 1065353216 2 3 1 1 0 0 0 1 1 1 -1 1
1049952814 1049952814 50828166 1065353216 2 0 1 1 0 1049952814 0 1 1 0 1 0
1050039091 154697824 1259532924 2139095039 0 0 1 1 1 154697824 17 1 1 1 1 0
1050271495 1050271494 1488321517 1065353216 0 2 0 -1 0 1050271495 0 0 1 1 1 1
1051372203 0 0 1065353216 0 -1 0 -1 0 0 0 -1 0 0 1 0
1051372203 0 0 1065353216 1 -1 0 -1 0 0 0 -1 0 0 1 0
1051372203 0 0 1065353216 2 -1 0 -1 0 0 0 -1 0 0 1 0
1051372203 0 1 1065353216 0 -1 0 -1 0 1 0 0 1 0 1 0
1051372203 0 1 1065353216 1 -1 0 -1 0 1 0 -1 0 0 1 0
1051372203 0 1 1065353216 2 -1 0 -1 0 1 0 -1 0 0 1 0
1051372203 0 1051372202 1065353216 0 -1 0 -1 0 1051372202 0 0 1 0 1 0
1051372203 0 1051372202 1065353216 1 -1 0 -1 0 1051372202 0 -1 0 0 1 0
1051372203 0 1051372202 1065353216 2 -1 0 -1 0 1051372202 0 -1 0 0 1 0
1051372203 0 1051372203 1065353216 0 -1 0 -1 0 1051372203 0 0 1 1 1 1
1051372203 0 1051372203 1065353216 1 -1 0 -1 0 0 1 1 1 0 1 0
1051372203 0 1051372203 1065353216 2 -1 0 -1 0 1051372203 1 1 1 0 1 0
1051372203 0 1051372204 1065353216 0 -1 0 -1 0 1051372203 0 0 1 1 1 1
1051372203 0 1051372204 1065353216 1 -1 0 -1 0 855638016 1 1 1 0 1 0
1051372203 0 1051372204 1065353216 2 -1 0 -1 0 1051372204 1 1 1 0 1 0
1051372203 0 1065353216 1065353216 0 -1 0 -1 0 1051372203 0 0 1 1 1 1
1051372203 0 1065353216 1065353216 1 -1 0 -1 0 1051372202 2 2 1 0 1 0
1051372203 0 1065353216 1065353216 2 -1 0 -1 0 1051372202 2 2 1 0 1 0
1051372203 0 1275068414 1065353216 0 -1 0 -1 0 1051372203 0 0 1 1 1 1
1051372203 0 1275068414 1065353216 1 -1 0 -1 0 874512384 100663281 100663281 1 0 1 0
1051372203 0 1275068414 1065353216 2 -1 0 -1 0 1051372208 100663281 100663281 1 0 1 0
1051372203 0 1275068415 1065353216 0 -1 0 -1 0 1051372203 0 0 1 1 1 1
1051372203 0 1275068415 1065353216 1 -1 0 -1 0 868220928 100663287 100663287 1 0 1 0
1051372203 0 1275068415 1065353216 2 -1 0 -1 0 1051372206 100663287 100663287 1 0 1 0
1051372203 0 1275068416 1065353216 0 -1 0 -1 0 1051372203 0 0 1 1 1 1
1051372203 0 1275068416 1065353216 1 -1 0 -1 0 855638016 100663293 100663293 1 0 1 0
1051372203 0 1275068416 1065353216 2 -1 0 -1 0 1051372204 100663293 100663293 1 0 1 0
1051372203 0 1275068417 1065353216 0 -1 0 -1 0 1051372203 0 0 1 1 1 1
1051372203 0 1275068417 1065353216 1 -1 0 -1 0 1051372200 100663304 100663304 1 0 1 0
1051372203 0 1275068417 1065353216 2 -1 0 -1 0 1051372200 100663304 100663304 1 0 1 0
1051372203 0 1585446912 1065353216 0 -1 0 -1 0 1051372203 0 0 1 1 1 1
1051372203 0 1585446912 1065353216 1 -1 0 -1 1 0 17 -1 0 1 1 0
1051372203 0 1585446912 1065353216 2 -1 0 -1 1 0 17 -1 0 1 1 0
1051372203 0 1593835519 1065353216 0 -1 0 -1 0 1051372203 0 0 1 1 1 1
1051372203 0 1593835519 1065353216 1 -1 0 -1 1 0 17 -1 0 1 1 0
1051372203 0 1593835519 1065353216 2 -1 0 -1 1 0 17 -1 0 1 1 0
1051372203 0 1593835520 1065353216 0 -1 0 -1 0 1051372203 0 0 1 1 1 1
1051372203 0 1593835520 1065353216 1 -1 0 -1 1 0 17 -1 0 1 1 0
1051372203 0 1593835520 1065353216 2 -1 0 -1 1 0 17 -1 0 1 1 0
1051372203 0 1593835521 1065353216 0 -1 0 -1 0 1051372203 0 0 1 1 1 1
1051372203 0 1593835521 1065353216 1 -1 0 -1 1 0 17 -1 0 1 1 0
1051372203 0 1593835521 1065353216 2 -1 0 -1 1 0 17 -1 0 1 1 0
1051372203 0 1904214016 1065353216 0 -1 0 -1 0 1051372203 0 0 1 1 1 1
1051372203 0 1904214016 1065353216 1 -1 0 -1 1 0 17 -1 0 1 1 0
1051372203 0 1904214016 1065353216 2 -1 0 -1 1 0 17 -1 0 1 1 0
1051372203 0 2139095039 1065353216 0 -1 0 -1 0 1051372203 0 0 1 1 1 1
1051372203 0 2139095039 1065353216 1 -1 0 -1 1 0 17 -1 0 1 1 0
1051372203 0 2139095039 1065353216 2 -1 0 -1 1 0 17 -1 0 1 1 0
1051372203 0 2147483648 1065353216 0 -1 0 -1 0 0 0 -1 0 0 1 0
1051372203 0 2147483648 1065353216 1 -1 0 -1 0 0 0 -1 0 0 1 0
1051372203 0 2147483648 1065353216 2 -1 0 -1 0 0 0 -1 0 0 1 0
1051372203 0 2147483649 1065353216 0 -1 0 -1 0 0 0 0 1 1 -1 1
1051372203 0 2147483649 1065353216 1 -1 0 -1 0 1051372202 -1 0 1 0 -1 0
1051372203 0 2147483649 1065353216 2 -1 0 -1 0 1051372202 -1 0 1 0 -1 0
1051372203 0 3198855850 1065353216 0 -1 0 -1 0 0 0 0 1 1 -1 1
1051372203 0 3198855850 1065353216 1 -1 0 -1 0 855638016 -1 0 1 0 -1 0
1051372203 0 3198855850 1065353216 2 -1 0 -1 0 855638016 -1 0 1 0 -1 0
1051372203 0 3198855851 1065353216 0 -1 0 -1 0 0 0 0 1 1 -1 1
1051372203 0 3198855851 1065353216 1 -1 0 -1 0 0 -1 0 1 0 -1 0
1051372203 0 3198855851 1065353216 2 -1 0 -1 0 0 -1 0 1 0 -1 0
1051372203 0 3198855852 1065353216 0 -1 0 -1 0 0 0 0 1 1 -1 1
1051372203 0 3198855852 1065353216 1 -1 0 -1 0 1051372202 -2 1 1 0 -1 0
1051372203 0 3198855852 1065353216 2 -1 0 -1 0 1059760810 -2 1 1 0 -1 0
1051372203 0 3212836864 1065353216 0 -1 0 -1 0 0 0 0 1 1 -1 1
1051372203 0 3212836864 1065353216 1 -1 0 -1 0 855638016 -3 2 1 0 -1 0
1051372203 0 3212836864 1065353216 2 -1 0 -1 0 855638016 -3 2 1 0 -1 0
1051372203 0 3422552062 1065353216 0 -1 0 -1 0 0 0 0 1 1 -1 1
1051372203 0 3422552062 1065353216 1 -1 0 -1 0 1051372198 -100663282 100663281 1 0 -1 0
1051372203 0 3422552062 1065353216 2 -1 0 -1 0 1059760808 -100663282 100663281 1 0 -1 0
1051372203 0 3422552063 1065353216 0 -1 0 -1 0 0 0 0 1 1 -1 1
1051372203 0 3422552063 1065353216 1 -1 0 -1 0 1051372200 -100663288 100663287 1 0 -1 0
1051372203 0 3422552063 1065353216 2 -1 0 -1 0 1059760810 -100663288 100663287 1 0 -1 0
1051372203 0 3422552064 1065353216 0 -1 0 -1 0 0 0 0 1 1 -1 1
1051372203 0 3422552064 1065353216 1 -1 0 -1 0 1051372202 -100663294 100663293 1 0 -1 0
1051372203 0 3422552064 1065353216 2 -1 0 -1 0 1059760810 -100663294 100663293 1 0 -1 0
1051372203 0 3422552065 1065353216 0 -1 0 -1 0 0 0 0 1 1 -1 1
1051372203 0 3422552065 1065353216 1 -1 0 -1 0 868220928 -100663305 100663304 1 0 -1 0
1051372203 0 3422552065 1065353216 2 -1 0 -1 0 868220928 -100663305 100663304 1 0 -1 0
1051372203 0 3732930560 1065353216 0 -1 0 -1 0 0 0 0 1 1 -1 1
1051372203 0 3732930560 1065353216 1 -1 0 -1 1 0 17 -1 0 1 1 0
1051372203 0 3732930560 1065353216 2 -1 0 -1 1 0 17 -1 0 1 1 0
1051372203 0 3741319167 1065353216 0 -1 0 -1 0 0 0 0 1 1 -1 1
1051372203 0 3741319167 1065353216 1 -1 0 -1 1 0 17 -1 0 1 1 0
1051372203 0 3741319167 1065353216 2 -1 0 -1 1 0 17 -1 0 1 1 0
1051372203 0 3741319168 1065353216 0 -1 0 -1 0 0 0 0 1 1 -1 1
1051372203 0 3741319168 1065353216 1 -1 0 -1 1 0 17 -1 0 1 1 0
1051372203 0 3741319168 1065353216 2 -1 0 -1 1 0 17 -1 0 1 1 0
1051372203 0 3741319169 1065353216 0 -1 0 -1 0 0 0 0 1 1 -1 1
1051372203 0 3741319169 1065353216 1 -1 0 -1 1 0 17 -1 0 1 1 0
1051372203 0 3741319169 1065353216 2 -1 0 -1 1 0 17 -1 0 1 1 0
1051372203 0 4051697664 1065353216 0 -1 0 -1 0 0 0 0 1 1 -1 1
1051372203 0 4051697664 1065353216 1 -1 0 -1 1 0 17 -1 0 1 1 0
1051372203 0 4051697664 1065353216 2 -1 0 -1 1 0 17 -1 0 1 1 0
1051372203 0 4286578687 1065353216 0 -1 0 -1 0 0 0 0 1 1 -1 1
1051372203 0 4286578687 1065353216 1 -1 0 -1 1 0 17 -1 0 1 1 0
1051372203 0 4286578687 1065353216 2 -1 0 -1 1 0 17 -1 0 1 1 0
1051426770 0 679479353 1069547520 1 0 1 1 0 683674710 0 1 1 0 1 0
1051683097 267956533 915167520 1065353216 0 9223372036854775807 0 -1 0 915167520 0 0 1 0 1 0
1052770304 1052770303 1052770303 1048576000 1 -1 1 1 0 1035993084 1 2 1 0 1 0
1052770304 1052770303 1052770304 1048576000 1 -1 1 1 0 1035993084 1 2 1 0 1 0
1052770304 1052770303 1052770305 1048576000 1 -1 1 1 0 1035993084 1 2 1 0 1 0
1052770304 1052770304 3200253951 1065353216 2 3 1 1 0 855638016 -1 2 1 0 -1 0
1052770304 1052770304 3200253952 1065353216 2 3 1 1 0 0 -1 2 1 0 -1 0
1052770304 1052770304 3200253953 1065353216 2 3 1 1 0 0 0 1 1 1 -1 1
1052787770 1052787770 2096639773 0 0 2 1 1 0 1052787770 0 1 1 0 1 0
1056162565 1056162564 78267542 1056964608 1 0 0 -1 0 1056162564 0 -1 0 0 1 0
1061158912 1061158911 1061158911 1048576000 1 -1 1 1 0 1044381692 1 2 1 0 1 0
1061158912 1061158911 1061158912 1048576000 1 -1 1 1 0 1044381692 1 2 1 0 1 0
1061158912 1061158911 1061158913 1048576000 1 -1 1 1 0 1044381692 1 2 1 0 1 0
1061158912 1061158912 3208642559 1065353216 2 3 1 1 0 864026624 -1 2 1 0 -1 0
1061158912 1061158912 3208642560 1065353216 2 3 1 1 0 0 -1 2 1 0 -1 0
1061158912 1061158912 3208642561 1065353216 2 3 1 1 0 0 0 1 1 1 -1 1
1061709130 1061709130 3368673855 1065353216 1 1 0 -1 0 0 0 -1 0 1 -1 1
1063227249 78061724 4274695210 1073741824 0 1 1 1 0 0 0 1 1 1 -1 1
1065353216 0 0 1065353216 0 -1 0 -1 0 0 0 -1 0 0 1 0
1065353216 0 0 1065353216 1 -1 0 -1 0 0 0 -1 0 0 1 0
1065353216 0 0 1065353216 2 -1 0 -1 0 0 0 -1 0 0 1 0
1065353216 0 1 1065353216 0 -1 0 -1 0 1 0 0 1 0 1 0
1065353216 0 1 1065353216 1 -1 0 -1 0 1 0 -1 0 0 1 0
1065353216 0 1 1065353216 2 -1 0 -1 0 1 0 -1 0 0 1 0
1065353216 0 1056964608 1065353216 1 -1 1 9223372036854775807 0 1056964608 0 9223372036854775807 1 0 1 0
1065353216 0 1056964608 1065353216 2 -1 1 9223372036854775807 0 1056964608 0 9223372036854775807 1 0 1 0
1065353216 0 1065353215 1065353216 0 -1 0 -1 0 1065353215 0 0 1 0 1 0
1065353216 0 1065353215 1065353216 1 -1 0 -1 0 1065353215 0 -1 0 0 1 0
1065353216 0 1065353215 1065353216 2 -1 0 -1 0 1065353215 0 -1 0 0 1 0
1065353216 0 1065353216 1065353216 0 -1 0 -1 0 1065353216 0 0 1 1 1 1
1065353216 0 1065353216 1065353216 1 -1 0 -1 0 0 1 1 1 0 1 0
1065353216 0 1065353216 1065353216 1 -1 1 9223372036854775806 0 0 1 9223372036854775807 1 0 1 0
1065353216 0 1065353216 1065353216 1 -1 1 9223372036854775807 1 0 17 9223372036854775807 1 1 1 0
1065353216 0 1065353216 1065353216 1 0 0 -1 0 1065353216 0 -1 0 1 1 1
1065353216 0 1065353216 1065353216 1 0 1 1 0 1065353216 0 1 1 1 1 1
1065353216 0 1065353216 1065353216 1 0 1 9223372036854775807 0 1065353216 0 9223372036854775807 1 1 1 1
1065353216 0 1065353216 1065353216 1 1 0 -1 0 1065353216 0 -1 0 1 1 1
1065353216 0 1065353216 1065353216 1 1 1 1 0 1065353216 0 1 1 1 1 1
1065353216 0 1065353216 1065353216 1 1 1 9223372036854775807 0 1065353216 0 9223372036854775807 1 1 1 1
1065353216 0 1065353216 1065353216 1 2 0 -1 0 0 1 1 1 0 1 0
1065353216 0 1065353216 1065353216 1 2 1 1 0 1065353216 0 1 1 1 1 1
1065353216 0 1065353216 1065353216 1 2 1 9223372036854775807 0 1065353216 0 9223372036854775807 1 1 1 1
1065353216 0 1065353216 1065353216 1 3 0 -1 0 0 1 1 1 0 1 0
1065353216 0 1065353216 1065353216 1 3 1 1 0 0 1 2 1 0 1 0
1065353216 0 1065353216 1065353216 1 3 1 9223372036854775807 0 1065353216 0 9223372036854775807 1 1 1 1
1065353216 0 1065353216 1065353216 1 9223372036854775807 0 -1 0 0 1 1 1 0 1 0
1065353216 0 1065353216 1065353216 1 9223372036854775807 1 1 0 0 1 2 1 0 1 0
1065353216 0 1065353216 1065353216 1 9223372036854775807 1 9223372036854775807 0 1065353216 0 9223372036854775807 1 1 1 1
1065353216 0 1065353216 1065353216 2 -1 0 -1 0 1065353216 1 1 1 0 1 0
1065353216 0 1065353216 1065353216 2 -1 1 9223372036854775806 0 1065353216 1 9223372036854775807 1 0 1 0
1065353216 0 1065353216 1065353216 2 -1 1 9223372036854775807 1 0 17 9223372036854775807 1 1 1 0
1065353216 0 1065353216 1065353216 2 0 0 -1 0 1065353216 0 -1 0 1 1 1
1065353216 0 1065353216 1065353216 2 0 1 1 0 1065353216 0 1 1 1 1 1
1065353216 0 1065353216 1065353216 2 0 1 9223372036854775807 0 1065353216 0 9223372036854775807 1 1 1 1
1065353216 0 1065353216 1065353216 2 1 0 -1 0 1065353216 0 -1 0 1 1 1
1065353216 0 1065353216 1065353216 2 1 1 1 0 1065353216 0 1 1 1 1 1
1065353216 0 1065353216 1065353216 2 1 1 9223372036854775807 0 1065353216 0 9223372036854775807 1 1 1 1
1065353216 0 1065353216 1065353216 2 2 0 -1 0 1065353216 1 1 1 0 1 0
1065353216 0 1065353216 1065353216 2 2 1 1 0 1065353216 0 1 1 1 1 1
1065353216 0 1065353216 1065353216 2 2 1 9223372036854775807 0 1065353216 0 9223372036854775807 1 1 1 1
1065353216 0 1065353216 1065353216 2 3 0 -1 0 1065353216 1 1 1 0 1 0
1065353216 0 1065353216 1065353216 2 3 1 1 0 1065353216 1 2 1 0 1 0
1065353216 0 1065353216 1065353216 2 3 1 9223372036854775807 0 1065353216 0 9223372036854775807 1 1 1 1
1065353216 0 1065353216 1065353216 2 9223372036854775807 0 -1 0 1065353216 1 1 1 0 1 0
1065353216 0 1065353216 1065353216 2 9223372036854775807 1 1 0 1065353216 1 2 1 0 1 0
1065353216 0 1065353216 1065353216 2 9223372036854775807 1 9223372036854775807 0 1065353216 0 9223372036854775807 1 1 1 1
1065353216 0 1065353217 1065353216 0 -1 0 -1 0 1065353216 0 0 1 1 1 1
1065353216 0 1065353217 1065353216 1 -1 0 -1 0 872415232 1 1 1 0 1 0
1065353216 0 1065353217 1065353216 2 -1 0 -1 0 1065353217 1 1 1 0 1 0
1065353216 0 1275068414 1065353216 0 -1 0 -1 0 1065353216 0 0 1 1 1 1
1065353216 0 1275068414 1065353216 1 -1 0 -1 0 0 33554428 33554428 1 0 1 0
1065353216 0 1275068414 1065353216 2 -1 0 -1 0 0 33554428 33554428 1 0 1 0
1065353216 0 1275068415 1065353216 0 -1 0 -1 0 1065353216 0 0 1 1 1 1
1065353216 0 1275068415 1065353216 1 -1 0 -1 0 0 33554430 33554430 1 0 1 0
1065353216 0 1275068415 1065353216 2 -1 0 -1 0 0 33554430 33554430 1 0 1 0
1065353216 0 1275068416 1065353216 0 -1 0 -1 0 1065353216 0 0 1 1 1 1
1065353216 0 1275068416 1065353216 1 -1 0 -1 0 0 33554432 33554432 1 0 1 0
1065353216 0 1275068416 1065353216 2 -1 0 -1 0 0 33554432 33554432 1 0 1 0
1065353216 0 1275068417 1065353216 0 -1 0 -1 0 1065353216 0 0 1 1 1 1
1065353216 0 1275068417 1065353216 1 -1 0 -1 0 0 33554436 33554436 1 0 1 0
1065353216 0 1275068417 1065353216 2 -1 0 -1 0 0 33554436 33554436 1 0 1 0
1065353216 0 1585446912 1065353216 0 -1 0 -1 0 1065353216 0 0 1 1 1 1
1065353216 0 1585446912 1065353216 1 -1 0 -1 0 0 4611686018427387904 4611686018427387904 1 0 1 0
1065353216 0 1585446912 1065353216 2 -1 0 -1 0 0 4611686018427387904 4611686018427387904 1 0 1 0
1065353216 0 1593835519 1065353216 0 -1 0 -1 0 1065353216 0 0 1 1 1 1
1065353216 0 1593835519 1065353216 1 -1 0 -1 0 0 9223371487098961920 9223371487098961920 1 0 1 0
1065353216 0 1593835519 1065353216 1 0 0 -1 0 1065353216 0 -1 0 1 1 1
1065353216 0 1593835519 1065353216 1 0 1 1 0 1065353216 0 1 1 1 1 1
1065353216 0 1593835519 1065353216 1 0 1 9223372036854775807 0 1065353216 0 9223372036854775807 1 1 1 1
1065353216 0 1593835519 1065353216 1 1 0 -1 0 1065353216 0 -1 0 1 1 1
1065353216 0 1593835519 1065353216 1 1 1 1 0 1065353216 0 1 1 1 1 1
1065353216 0 1593835519 1065353216 1 1 1 9223372036854775807 0 1065353216 0 9223372036854775807 1 1 1 1
1065353216 0 1593835519 1065353216 1 2 0 -1 0 1065353216 0 -1 0 1 1 1
1065353216 0 1593835519 1065353216 1 2 1 1 0 1065353216 0 1 1 1 1 1
1065353216 0 1593835519 1065353216 1 2 1 9223372036854775807 0 1065353216 0 9223372036854775807 1 1 1 1
1065353216 0 1593835519 1065353216 1 3 0 -1 0 1065353216 0 -1 0 1 1 1
1065353216 0 1593835519 1065353216 1 3 1 1 0 1065353216 0 1 1 1 1 1
1065353216 0 1593835519 1065353216 1 3 1 9223372036854775807 0 1065353216 0 9223372036854775807 1 1 1 1
1065353216 0 1593835519 1065353216 1 9223372036854775807 0 -1 0 0 9223371487098961920 9223371487098961920 1 0 1 0
1065353216 0 1593835519 1065353216 1 9223372036854775807 1 1 0 0 9223371487098961920 9223371487098961921 1 0 1 0
1065353216 0 1593835519 1065353216 1 9223372036854775807 1 9223372036854775807 0 1065353216 0 9223372036854775807 1 1 1 1
1065353216 0 1593835519 1065353216 2 -1 0 -1 0 0 9223371487098961920 9223371487098961920 1 0 1 0
1065353216 0 1593835519 1065353216 2 0 0 -1 0 1065353216 0 -1 0 1 1 1
1065353216 0 1593835519 1065353216 2 0 1 1 0 1065353216 0 1 1 1 1 1
1065353216 0 1593835519 1065353216 2 0 1 9223372036854775807 0 1065353216 0 9223372036854775807 1 1 1 1
1065353216 0 1593835519 1065353216 2 1 0 -1 0 1065353216 0 -1 0 1 1 1
1065353216 0 1593835519 1065353216 2 1 1 1 0 1065353216 0 1 1 1 1 1
1065353216 0 1593835519 1065353216 2 1 1 9223372036854775807 0 1065353216 0 9223372036854775807 1 1 1 1
1065353216 0 1593835519 1065353216 2 2 0 -1 0 0 0 -1 0 1 1 1
1065353216 0 1593835519 1065353216 2 2 1 1 0 1065353216 0 1 1 1 1 1
1065353216 0 1593835519 1065353216 2 2 1 9223372036854775807 0 1065353216 0 9223372036854775807 1 1 1 1
1065353216 0 1593835519 1065353216 2 3 0 -1 0 1065353216 0 -1 0 1 1 1
1065353216 0 1593835519 1065353216 2 3 1 1 0 0 0 1 1 1 1 1
1065353216 0 1593835519 1065353216 2 3 1 9223372036854775807 0 1065353216 0 9223372036854775807 1 1 1 1
1065353216 0 1593835519 1065353216 2 9223372036854775807 0 -1 0 0 9223371487098961920 9223371487098961920 1 0 1 0
1065353216 0 1593835519 1065353216 2 9223372036854775807 1 1 0 0 9223371487098961920 9223371487098961921 1 0 1 0
1065353216 0 1593835519 1065353216 2 9223372036854775807 1 9223372036854775807 0 1065353216 0 9223372036854775807 1 1 1 1
1065353216 0 1593835520 1065353216 0 -1 0 -1 0 1065353216 0 0 1 1 1 1
1065353216 0 1593835520 1065353216 1 -1 0 -1 1 0 17 -1 0 1 1 0
1065353216 0 1593835520 1065353216 1 0 0 -1 0 1065353216 0 -1 0 1 1 1
1065353216 0 1593835520 1065353216 1 0 1 1 0 1065353216 0 1 1 1 1 1
1065353216 0 1593835520 1065353216 1 0 1 9223372036854775807 0 1065353216 0 9223372036854775807 1 1 1 1
1065353216 0 1593835520 1065353216 1 1 0 -1 0 1065353216 0 -1 0 1 1 1
1065353216 0 1593835520 1065353216 1 1 1 1 0 1065353216 0 1 1 1 1 1
1065353216 0 1593835520 1065353216 1 1 1 9223372036854775807 0 1065353216 0 9223372036854775807 1 1 1 1
1065353216 0 1593835520 1065353216 1 2 0 -1 0 1065353216 0 -1 0 1 1 1
1065353216 0 1593835520 1065353216 1 2 1 1 0 1065353216 0 1 1 1 1 1
1065353216 0 1593835520 1065353216 1 2 1 9223372036854775807 0 1065353216 0 9223372036854775807 1 1 1 1
1065353216 0 1593835520 1065353216 1 3 0 -1 0 1065353216 0 -1 0 1 1 1
1065353216 0 1593835520 1065353216 1 3 1 1 0 1065353216 0 1 1 1 1 1
1065353216 0 1593835520 1065353216 1 3 1 9223372036854775807 0 1065353216 0 9223372036854775807 1 1 1 1
1065353216 0 1593835520 1065353216 1 9223372036854775807 0 -1 0 1065353216 0 -1 0 1 1 1
1065353216 0 1593835520 1065353216 1 9223372036854775807 1 1 0 1065353216 0 1 1 1 1 1
1065353216 0 1593835520 1065353216 1 9223372036854775807 1 9223372036854775807 0 1065353216 0 9223372036854775807 1 1 1 1
1065353216 0 1593835520 1065353216 2 -1 0 -1 1 0 17 -1 0 1 1 0
1065353216 0 1593835520 1065353216 2 0 0 -1 0 1065353216 0 -1 0 1 1 1
1065353216 0 1593835520 1065353216 2 0 1 1 0 1065353216 0 1 1 1 1 1
1065353216 0 1593835520 1065353216 2 0 1 9223372036854775807 0 1065353216 0 9223372036854775807 1 1 1 1
1065353216 0 1593835520 1065353216 2 1 0 -1 0 1065353216 0 -1 0 1 1 1
1065353216 0 1593835520 1065353216 2 1 1 1 0 1065353216 0 1 1 1 1 1
1065353216 0 1593835520 1065353216 2 1 1 9223372036854775807 0 1065353216 0 9223372036854775807 1 1 1 1
1065353216 0 1593835520 1065353216 2 2 0 -1 0 0 0 -1 0 1 1 1
1065353216 0 1593835520 1065353216 2 2 1 1 0 1065353216 0 1 1 1 1 1
1065353216 0 1593835520 1065353216 2 2 1 9223372036854775807 0 1065353216 0 9223372036854775807 1 1 1 1
1065353216 0 1593835520 1065353216 2 3 0 -1 0 1065353216 0 -1 0 1 1 1
1065353216 0 1593835520 1065353216 2 3 1 1 0 0 0 1 1 1 1 1
1065353216 0 1593835520 1065353216 2 3 1 9223372036854775807 0 1065353216 0 9223372036854775807 1 1 1 1
1065353216 0 1593835520 1065353216 2 9223372036854775807 0 -1 0 1065353216 0 -1 0 1 1 1
1065353216 0 1593835520 1065353216 2 9223372036854775807 1 1 0 0 0 1 1 1 1 1
1065353216 0 1593835520 1065353216 2 9223372036854775807 1 9223372036854775807 0 1065353216 0 9223372036854775807 1 1 1 1
1065353216 0 1593835521 1065353216 0 -1 0 -1 0 1065353216 0 0 1 1 1 1
1065353216 0 1593835521 1065353216 1 -1 0 -1 1 0 17 -1 0 1 1 0
1065353216 0 1593835521 1065353216 2 -1 0 -1 1 0 17 -1 0 1 1 0
1065353216 0 1904214016 1065353216 0 -1 0 -1 0 1065353216 0 0 1 1 1 1
1065353216 0 1904214016 1065353216 1 -1 0 -1 1 0 17 -1 0 1 1 0
1065353216 0 1904214016 1065353216 1 0 0 -1 0 1065353216 0 -1 0 1 1 1
1065353216 0 1904214016 1065353216 1 0 1 1 0 1065353216 0 1 1 1 1 1
1065353216 0 1904214016 1065353216 1 0 1 9223372036854775807 0 1065353216 0 9223372036854775807 1 1 1 1
1065353216 0 1904214016 1065353216 1 1 0 -1 0 1065353216 0 -1 0 1 1 1
1065353216 0 1904214016 1065353216 1 1 1 1 0 1065353216 0 1 1 1 1 1
1065353216 0 1904214016 1065353216 1 1 1 9223372036854775807 0 1065353216 0 9223372036854775807 1 1 1 1
1065353216 0 1904214016 1065353216 1 2 0 -1 0 1065353216 0 -1 0 1 1 1
1065353216 0 1904214016 1065353216 1 2 1 1 0 1065353216 0 1 1 1 1 1
1065353216 0 1904214016 1065353216 1 2 1 9223372036854775807 0 1065353216 0 9223372036854775807 1 1 1 1
1065353216 0 1904214016 1065353216 1 3 0 -1 0 1065353216 0 -1 0 1 1 1
1065353216 0 1904214016 1065353216 1 3 1 1 0 1065353216 0 1 1 1 1 1
1065353216 0 1904214016 1065353216 1 3 1 9223372036854775807 0 1065353216 0 9223372036854775807 1 1 1 1
1065353216 0 1904214016 1065353216 1 9223372036854775807 0 -1 0 1065353216 0 -1 0 1 1 1
1065353216 0 1904214016 1065353216 1 9223372036854775807 1 1 0 1065353216 0 1 1 1 1 1
1065353216 0 1904214016 1065353216 1 9223372036854775807 1 9223372036854775807 0 1065353216 0 9223372036854775807 1 1 1 1
1065353216 0 1904214016 1065353216 2 -1 0 -1 1 0 17 -1 0 1 1 0
1065353216 0 1904214016 1065353216 2 0 0 -1 0 1065353216 0 -1 0 1 1 1
1065353216 0 1904214016 1065353216 2 0 1 1 0 1065353216 0 1 1 1 1 1
1065353216 0 1904214016 1065353216 2 0 1 9223372036854775807 0 1065353216 0 9223372036854775807 1 1 1 1
1065353216 0 1904214016 1065353216 2 1 0 -1 0 1065353216 0 -1 0 1 1 1
1065353216 0 1904214016 1065353216 2 1 1 1 0 1065353216 0 1 1 1 1 1
1065353216 0 1904214016 1065353216 2 1 1 9223372036854775807 0 1065353216 0 9223372036854775807 1 1 1 1
1065353216 0 1904214016 1065353216 2 2 0 -1 0 0 0 -1 0 1 1 1
1065353216 0 1904214016 1065353216 2 2 1 1 0 1065353216 0 1 1 1 1 1
1065353216 0 1904214016 1065353216 2 2 1 9223372036854775807 0 1065353216 0 9223372036854775807 1 1 1 1
1065353216 0 1904214016 1065353216 2 3 0 -1 0 1065353216 0 -1 0 1 1 1
1065353216 0 1904214016 1065353216 2 3 1 1 0 0 0 1 1 1 1 1
1065353216 0 1904214016 1065353216 2 3 1 9223372036854775807 0 1065353216 0 9223372036854775807 1 1 1 1
1065353216 0 1904214016 1065353216 2 9223372036854775807 0 -1 0 1065353216 0 -1 0 1 1 1
1065353216 0 1904214016 1065353216 2 9223372036854775807 1 1 0 0 0 1 1 1 1 1
1065353216 0 1904214016 1065353216 2 9223372036854775807 1 9223372036854775807 0 1065353216 0 9223372036854775807 1 1 1 1
1065353216 0 2139095039 1065353216 0 -1 0 -1 0 1065353216 0 0 1 1 1 1
1065353216 0 2139095039 1065353216 1 -1 0 -1 1 0 17 -1 0 1 1 0
1065353216 0 2139095039 1065353216 1 0 0 -1 0 1065353216 0 -1 0 1 1 1
1065353216 0 2139095039 1065353216 1 0 1 1 0 1065353216 0 1 1 1 1 1
1065353216 0 2139095039 1065353216 1 0 1 9223372036854775807 0 1065353216 0 9223372036854775807 1 1 1 1
1065353216 0 2139095039 1065353216 1 1 0 -1 0 1065353216 0 -1 0 1 1 1
1065353216 0 2139095039 1065353216 1 1 1 1 0 1065353216 0 1 1 1 1 1
1065353216 0 2139095039 1065353216 1 1 1 9223372036854775807 0 1065353216 0 9223372036854775807 1 1 1 1
1065353216 0 2139095039 1065353216 1 2 0 -1 0 1065353216 0 -1 0 1 1 1
1065353216 0 2139095039 1065353216 1 2 1 1 0 1065353216 0 1 1 1 1 1
1065353216 0 2139095039 1065353216 1 2 1 9223372036854775807 0 1065353216 0 9223372036854775807 1 1 1 1
1065353216 0 2139095039 1065353216 1 3 0 -1 0 1065353216 0 -1 0 1 1 1
1065353216 0 2139095039 1065353216 1 3 1 1 0 1065353216 0 1 1 1 1 1
1065353216 0 2139095039 1065353216 1 3 1 9223372036854775807 0 1065353216 0 9223372036854775807 1 1 1 1
1065353216 0 2139095039 1065353216 1 9223372036854775807 0 -1 0 1065353216 0 -1 0 1 1 1
1065353216 0 2139095039 1065353216 1 9223372036854775807 1 1 0 1065353216 0 1 1 1 1 1
1065353216 0 2139095039 1065353216 1 9223372036854775807 1 9223372036854775807 0 1065353216 0 9223372036854775807 1 1 1 1
1065353216 0 2139095039 1065353216 2 -1 0 -1 1 0 17 -1 0 1 1 0
1065353216 0 2139095039 1065353216 2 0 0 -1 0 1065353216 0 -1 0 1 1 1
1065353216 0 2139095039 1065353216 2 0 1 1 0 1065353216 0 1 1 1 1 1
1065353216 0 2139095039 1065353216 2 0 1 9223372036854775807 0 1065353216 0 9223372036854775807 1 1 1 1
1065353216 0 2139095039 1065353216 2 1 0 -1 0 1065353216 0 -1 0 1 1 1
1065353216 0 2139095039 1065353216 2 1 1 1 0 1065353216 0 1 1 1 1 1
1065353216 0 2139095039 1065353216 2 1 1 9223372036854775807 0 1065353216 0 9223372036854775807 1 1 1 1
1065353216 0 2139095039 1065353216 2 2 0 -1 0 0 0 -1 0 1 1 1
1065353216 0 2139095039 1065353216 2 2 1 1 0 1065353216 0 1 1 1 1 1
1065353216 0 2139095039 1065353216 2 2 1 9223372036854775807 0 1065353216 0 9223372036854775807 1 1 1 1
1065353216 0 2139095039 1065353216 2 3 0 -1 0 1065353216 0 -1 0 1 1 1
1065353216 0 2139095039 1065353216 2 3 1 1 0 0 0 1 1 1 1 1
1065353216 0 2139095039 1065353216 2 3 1 9223372036854775807 0 1065353216 0 9223372036854775807 1 1 1 1
1065353216 0 2139095039 1065353216 2 9223372036854775807 0 -1 0 1065353216 0 -1 0 1 1 1
1065353216 0 2139095039 1065353216 2 9223372036854775807 1 1 0 0 0 1 1 1 1 1
1065353216 0 2139095039 1065353216 2 9223372036854775807 1 9223372036854775807 0 1065353216 0 9223372036854775807 1 1 1 1
1065353216 0 2147483648 1065353216 0 -1 0 -1 0 0 0 -1 0 0 1 0
1065353216 0 2147483648 1065353216 1 -1 0 -1 0 0 0 -1 0 0 1 0
1065353216 0 2147483648 1065353216 2 -1 0 -1 0 0 0 -1 0 0 1 0
1065353216 0 2147483649 1065353216 0 -1 0 -1 0 0 0 0 1 1 -1 1
1065353216 0 2147483649 1065353216 1 -1 0 -1 0 1065353215 -1 0 1 0 -1 0
1065353216 0 2147483649 1065353216 2 -1 0 -1 0 1065353215 -1 0 1 0 -1 0
1065353216 0 3212836863 1065353216 0 -1 0 -1 0 0 0 0 1 1 -1 1
1065353216 0 3212836863 1065353216 1 -1 0 -1 0 864026624 -1 0 1 0 -1 0
1065353216 0 3212836863 1065353216 2 -1 0 -1 0 864026624 -1 0 1 0 -1 0
1065353216 0 3212836864 1065353216 0 -1 0 -1 0 0 0 0 1 1 -1 1
1065353216 0 3212836864 1065353216 1 -1 0 -1 0 0 -1 0 1 0 -1 0
1065353216 0 3212836864 1065353216 1 0 0 -1 0 0 0 -1 0 1 -1 1
1065353216 0 3212836864 1065353216 1 0 1 1 0 0 0 1 1 1 -1 1
1065353216 0 3212836864 1065353216 1 0 1 9223372036854775807 0 0 0 9223372036854775807 1 1 -1 1
1065353216 0 3212836864 1065353216 1 1 0 -1 0 0 -1 0 1 0 -1 0
1065353216 0 3212836864 1065353216 1 1 1 1 0 0 0 1 1 1 -1 1
1065353216 0 3212836864 1065353216 1 1 1 9223372036854775807 0 0 0 9223372036854775807 1 1 -1 1
1065353216 0 3212836864 1065353216 1 2 0 -1 0 0 -1 0 1 0 -1 0
1065353216 0 3212836864 1065353216 1 2 1 1 0 0 0 1 1 1 -1 1
1065353216 0 3212836864 1065353216 1 2 1 9223372036854775807 0 0 0 9223372036854775807 1 1 -1 1
1065353216 0 3212836864 1065353216 1 3 0 -1 0 0 -1 0 1 0 -1 0
1065353216 0 3212836864 1065353216 1 3 1 1 0 0 -1 2 1 0 -1 0
1065353216 0 3212836864 1065353216 1 3 1 9223372036854775807 0 0 0 9223372036854775807 1 1 -1 1
1065353216 0 3212836864 1065353216 1 9223372036854775807 0 -1 0 0 -1 0 1 0 -1 0
1065353216 0 3212836864 1065353216 1 9223372036854775807 1 1 0 0 -1 2 1 0 -1 0
1065353216 0 3212836864 1065353216 1 9223372036854775807 1 9223372036854775807 0 0 0 9223372036854775807 1 1 -1 1
1065353216 0 3212836864 1065353216 2 -1 0 -1 0 0 -1 0 1 0 -1 0
1065353216 0 3212836864 1065353216 2 0 0 -1 0 0 0 -1 0 1 -1 1
1065353216 0 3212836864 1065353216 2 0 1 1 0 0 0 1 1 1 -1 1
1065353216 0 3212836864 1065353216 2 0 1 9223372036854775807 0 0 0 9223372036854775807 1 1 -1 1
1065353216 0 3212836864 1065353216 2 1 0 -1 0 0 -1 0 1 0 -1 0
1065353216 0 3212836864 1065353216 2 1 1 1 0 0 0 1 1 1 -1 1
1065353216 0 3212836864 1065353216 2 1 1 9223372036854775807 0 0 0 9223372036854775807 1 1 -1 1
1065353216 0 3212836864 1065353216 2 2 0 -1 0 0 -1 0 1 0 -1 0
1065353216 0 3212836864 1065353216 2 2 1 1 0 0 0 1 1 1 -1 1
1065353216 0 3212836864 1065353216 2 2 1 9223372036854775807 0 0 0 9223372036854775807 1 1 -1 1
1065353216 0 3212836864 1065353216 2 3 0 -1 0 0 -1 0 1 0 -1 0
1065353216 0 3212836864 1065353216 2 3 1 1 0 1065353216 -1 2 1 0 -1 0
1065353216 0 3212836864 1065353216 2 3 1 9223372036854775807 0 0 0 9223372036854775807 1 1 -1 1
1065353216 0 3212836864 1065353216 2 9223372036854775807 0 -1 0 0 -1 0 1 0 -1 0
1065353216 0 3212836864 1065353216 2 9223372036854775807 1 1 0 1065353216 -1 2 1 0 -1 0
1065353216 0 3212836864 1065353216 2 9223372036854775807 1 9223372036854775807 0 0 0 9223372036854775807 1 1 -1 1
1065353216 0 3212836865 1065353216 0 -1 0 -1 0 0 0 0 1 1 -1 1
1065353216 0 3212836865 1065353216 1 -1 0 -1 0 1065353214 -2 1 1 0 -1 0
1065353216 0 3212836865 1065353216 2 -1 0 -1 0 1073741823 -2 1 1 0 -1 0
1065353216 0 3422552062 1065353216 0 -1 0 -1 0 0 0 0 1 1 -1 1
1065353216 0 3422552062 1065353216 1 -1 0 -1 0 0 -33554428 33554427 1 0 -1 0
1065353216 0 3422552062 1065353216 2 -1 0 -1 0 1065353216 -33554428 33554427 1 0 -1 0
1065353216 0 3422552063 1065353216 0 -1 0 -1 0 0 0 0 1 1 -1 1
1065353216 0 3422552063 1065353216 1 -1 0 -1 0 0 -33554430 33554429 1 0 -1 0
1065353216 0 3422552063 1065353216 2 -1 0 -1 0 1065353216 -33554430 33554429 1 0 -1 0
1065353216 0 3422552064 1065353216 0 -1 0 -1 0 0 0 0 1 1 -1 1
1065353216 0 3422552064 1065353216 1 -1 0 -1 0 0 -33554432 33554431 1 0 -1 0
1065353216 0 3422552064 1065353216 2 -1 0 -1 0 1065353216 -33554432 33554431 1 0 -1 0
1065353216 0 3422552065 1065353216 0 -1 0 -1 0 0 0 0 1 1 -1 1
1065353216 0 3422552065 1065353216 1 -1 0 -1 0 0 -33554436 33554435 1 0 -1 0
1065353216 0 3422552065 1065353216 2 -1 0 -1 0 1065353216 -33554436 33554435 1 0 -1 0
1065353216 0 3732930560 1065353216 0 -1 0 -1 0 0 0 0 1 1 -1 1
1065353216 0 3732930560 1065353216 1 -1 0 -1 0 0 -4611686018427387904 4611686018427387903 1 0 -1 0
1065353216 0 3732930560 1065353216 2 -1 0 -1 0 1065353216 -4611686018427387904 4611686018427387903 1 0 -1 0
1065353216 0 3741319167 1065353216 0 -1 0 -1 0 0 0 0 1 1 -1 1
1065353216 0 3741319167 1065353216 1 -1 0 -1 0 0 -9223371487098961920 9223371487098961919 1 0 -1 0
1065353216 0 3741319167 1065353216 1 0 0 -1 0 0 0 -1 0 1 -1 1
1065353216 0 3741319167 1065353216 1 0 1 1 0 0 0 1 1 1 -1 1
1065353216 0 3741319167 1065353216 1 0 1 9223372036854775807 0 0 0 9223372036854775807 1 1 -1 1
1065353216 0 3741319167 1065353216 1 1 0 -1 0 0 0 -1 0 1 -1 1
1065353216 0 3741319167 1065353216 1 1 1 1 0 0 0 1 1 1 -1 1
1065353216 0 3741319167 1065353216 1 1 1 9223372036854775807 0 0 0 9223372036854775807 1 1 -1 1
1065353216 0 3741319167 1065353216 1 2 0 -1 0 0 0 -1 0 1 -1 1
1065353216 0 3741319167 1065353216 1 2 1 1 0 0 0 1 1 1 -1 1
1065353216 0 3741319167 1065353216 1 2 1 9223372036854775807 0 0 0 9223372036854775807 1 1 -1 1
1065353216 0 3741319167 1065353216 1 3 0 -1 0 0 0 -1 0 1 -1 1
1065353216 0 3741319167 1065353216 1 3 1 1 0 0 0 1 1 1 -1 1
1065353216 0 3741319167 1065353216 1 3 1 9223372036854775807 0 0 0 9223372036854775807 1 1 -1 1
1065353216 0 3741319167 1065353216 1 9223372036854775807 0 -1 0 0 -9223371487098961920 9223371487098961919 1 0 -1 0
1065353216 0 3741319167 1065353216 1 9223372036854775807 1 1 0 0 -9223371487098961920 9223371487098961921 1 0 -1 0
1065353216 0 3741319167 1065353216 1 9223372036854775807 1 9223372036854775807 0 0 0 9223372036854775807 1 1 -1 1
1065353216 0 3741319167 1065353216 2 -1 0 -1 0 1065353216 -9223371487098961920 9223371487098961919 1 0 -1 0
1065353216 0 3741319167 1065353216 2 0 0 -1 0 0 0 -1 0 1 -1 1
1065353216 0 3741319167 1065353216 2 0 1 1 0 0 0 1 1 1 -1 1
1065353216 0 3741319167 1065353216 2 0 1 9223372036854775807 0 0 0 9223372036854775807 1 1 -1 1
1065353216 0 3741319167 1065353216 2 1 0 -1 0 0 0 -1 0 1 -1 1
1065353216 0 3741319167 1065353216 2 1 1 1 0 0 0 1 1 1 -1 1
1065353216 0 3741319167 1065353216 2 1 1 9223372036854775807 0 0 0 9223372036854775807 1 1 -1 1
1065353216 0 3741319167 1065353216 2 2 0 -1 0 1065353216 0 -1 0 1 -1 1
1065353216 0 3741319167 1065353216 2 2 1 1 0 0 0 1 1 1 -1 1
1065353216 0 3741319167 1065353216 2 2 1 9223372036854775807 0 0 0 9223372036854775807 1 1 -1 1
1065353216 0 3741319167 1065353216 2 3 0 -1 0 0 0 -1 0 1 -1 1
1065353216 0 3741319167 1065353216 2 3 1 1 0 1065353216 0 1 1 1 -1 1
1065353216 0 3741319167 1065353216 2 3 1 9223372036854775807 0 0 0 9223372036854775807 1 1 -1 1
1065353216 0 3741319167 1065353216 2 9223372036854775807 0 -1 0 1065353216 -9223371487098961920 9223371487098961919 1 0 -1 0
1065353216 0 3741319167 1065353216 2 9223372036854775807 1 1 0 0 -9223371487098961920 9223371487098961921 1 0 -1 0
1065353216 0 3741319167 1065353216 2 9223372036854775807 1 9223372036854775807 0 0 0 9223372036854775807 1 1 -1 1
1065353216 0 3741319168 1065353216 0 -1 0 -1 0 0 0 0 1 1 -1 1
1065353216 0 3741319168 1065353216 1 -1 0 -1 1 0 17 -1 0 1 1 0
1065353216 0 3741319168 1065353216 1 0 0 -1 0 0 0 -1 0 1 -1 1
1065353216 0 3741319168 1065353216 1 0 1 1 0 0 0 1 1 1 -1 1
1065353216 0 3741319168 1065353216 1 0 1 9223372036854775807 0 0 0 9223372036854775807 1 1 -1 1
1065353216 0 3741319168 1065353216 1 1 0 -1 0 0 0 -1 0 1 -1 1
1065353216 0 3741319168 1065353216 1 1 1 1 0 0 0 1 1 1 -1 1
1065353216 0 3741319168 1065353216 1 1 1 9223372036854775807 0 0 0 9223372036854775807 1 1 -1 1
1065353216 0 3741319168 1065353216 1 2 0 -1 0 0 0 -1 0 1 -1 1
1065353216 0 3741319168 1065353216 1 2 1 1 0 0 0 1 1 1 -1 1
1065353216 0 3741319168 1065353216 1 2 1 9223372036854775807 0 0 0 9223372036854775807 1 1 -1 1
1065353216 0 3741319168 1065353216 1 3 0 -1 0 0 0 -1 0 1 -1 1
1065353216 0 3741319168 1065353216 1 3 1 1 0 0 0 1 1 1 -1 1
1065353216 0 3741319168 1065353216 1 3 1 9223372036854775807 0 0 0 9223372036854775807 1 1 -1 1
1065353216 0 3741319168 1065353216 1 9223372036854775807 0 -1 0 0 0 -1 0 1 -1 1
1065353216 0 3741319168 1065353216 1 9223372036854775807 1 1 0 0 0 1 1 1 -1 1
1065353216 0 3741319168 1065353216 1 9223372036854775807 1 9223372036854775807 0 0 0 9223372036854775807 1 1 -1 1
1065353216 0 3741319168 1065353216 2 -1 0 -1 1 0 17 -1 0 1 1 0
1065353216 0 3741319168 1065353216 2 0 0 -1 0 0 0 -1 0 1 -1 1
1065353216 0 3741319168 1065353216 2 0 1 1 0 0 0 1 1 1 -1 1
1065353216 0 3741319168 1065353216 2 0 1 9223372036854775807 0 0 0 9223372036854775807 1 1 -1 1
1065353216 0 3741319168 1065353216 2 1 0 -1 0 0 0 -1 0 1 -1 1
1065353216 0 3741319168 1065353216 2 1 1 1 0 0 0 1 1 1 -1 1
1065353216 0 3741319168 1065353216 2 1 1 9223372036854775807 0 0 0 9223372036854775807 1 1 -1 1
1065353216 0 3741319168 1065353216 2 2 0 -1 0 1065353216 0 -1 0 1 -1 1
1065353216 0 3741319168 1065353216 2 2 1 1 0 0 0 1 1 1 -1 1
1065353216 0 3741319168 1065353216 2 2 1 9223372036854775807 0 0 0 9223372036854775807 1 1 -1 1
1065353216 0 3741319168 1065353216 2 3 0 -1 0 0 0 -1 0 1 -1 1
1065353216 0 3741319168 1065353216 2 3 1 1 0 1065353216 0 1 1 1 -1 1
1065353216 0 3741319168 1065353216 2 3 1 9223372036854775807 0 0 0 9223372036854775807 1 1 -1 1
1065353216 0 3741319168 1065353216 2 9223372036854775807 0 -1 0 0 0 -1 0 1 -1 1
1065353216 0 3741319168 1065353216 2 9223372036854775807 1 1 0 1065353216 0 1 1 1 -1 1
1065353216 0 3741319168 1065353216 2 9223372036854775807 1 9223372036854775807 0 0 0 9223372036854775807 1 1 -1 1
1065353216 0 3741319169 1065353216 0 -1 0 -1 0 0 0 0 1 1 -1 1
1065353216 0 3741319169 1065353216 1 -1 0 -1 1 0 17 -1 0 1 1 0
1065353216 0 3741319169 1065353216 2 -1 0 -1 1 0 17 -1 0 1 1 0
1065353216 0 4051697664 1065353216 0 -1 0 -1 0 0 0 0 1 1 -1 1
1065353216 0 4051697664 1065353216 1 -1 0 -1 1 0 17 -1 0 1 1 0
1065353216 0 4051697664 1065353216 1 0 0 -1 0 0 0 -1 0 1 -1 1
1065353216 0 4051697664 1065353216 1 0 1 1 0 0 0 1 1 1 -1 1
1065353216 0 4051697664 1065353216 1 0 1 9223372036854775807 0 0 0 9223372036854775807 1 1 -1 1
1065353216 0 4051697664 1065353216 1 1 0 -1 0 0 0 -1 0 1 -1 1
1065353216 0 4051697664 1065353216 1 1 1 1 0 0 0 1 1 1 -1 1
1065353216 0 4051697664 1065353216 1 1 1 9223372036854775807 0 0 0 9223372036854775807 1 1 -1 1
1065353216 0 4051697664 1065353216 1 2 0 -1 0 0 0 -1 0 1 -1 1
1065353216 0 4051697664 1065353216 1 2 1 1 0 0 0 1 1 1 -1 1
1065353216 0 4051697664 1065353216 1 2 1 9223372036854775807 0 0 0 9223372036854775807 1 1 -1 1
1065353216 0 4051697664 1065353216 1 3 0 -1 0 0 0 -1 0 1 -1 1
1065353216 0 4051697664 1065353216 1 3 1 1 0 0 0 1 1 1 -1 1
1065353216 0 4051697664 1065353216 1 3 1 9223372036854775807 0 0 0 9223372036854775807 1 1 -1 1
1065353216 0 4051697664 1065353216 1 9223372036854775807 0 -1 0 0 0 -1 0 1 -1 1
1065353216 0 4051697664 1065353216 1 9223372036854775807 1 1 0 0 0 1 1 1 -1 1
1065353216 0 4051697664 1065353216 1 9223372036854775807 1 9223372036854775807 0 0 0 9223372036854775807 1 1 -1 1
1065353216 0 4051697664 1065353216 2 -1 0 -1 1 0 17 -1 0 1 1 0
1065353216 0 4051697664 1065353216 2 0 0 -1 0 0 0 -1 0 1 -1 1
1065353216 0 4051697664 1065353216 2 0 1 1 0 0 0 1 1 1 -1 1
1065353216 0 4051697664 1065353216 2 0 1 9223372036854775807 0 0 0 9223372036854775807 1 1 -1 1
1065353216 0 4051697664 1065353216 2 1 0 -1 0 0 0 -1 0 1 -1 1
1065353216 0 4051697664 1065353216 2 1 1 1 0 0 0 1 1 1 -1 1
1065353216 0 4051697664 1065353216 2 1 1 9223372036854775807 0 0 0 9223372036854775807 1 1 -1 1
1065353216 0 4051697664 1065353216 2 2 0 -1 0 1065353216 0 -1 0 1 -1 1
1065353216 0 4051697664 1065353216 2 2 1 1 0 0 0 1 1 1 -1 1
1065353216 0 4051697664 1065353216 2 2 1 9223372036854775807 0 0 0 9223372036854775807 1 1 -1 1
1065353216 0 4051697664 1065353216 2 3 0 -1 0 0 0 -1 0 1 -1 1
1065353216 0 4051697664 1065353216 2 3 1 1 0 1065353216 0 1 1 1 -1 1
1065353216 0 4051697664 1065353216 2 3 1 9223372036854775807 0 0 0 9223372036854775807 1 1 -1 1
1065353216 0 4051697664 1065353216 2 9223372036854775807 0 -1 0 0 0 -1 0 1 -1 1
1065353216 0 4051697664 1065353216 2 9223372036854775807 1 1 0 1065353216 0 1 1 1 -1 1
1065353216 0 4051697664 1065353216 2 9223372036854775807 1 9223372036854775807 0 0 0 9223372036854775807 1 1 -1 1
1065353216 0 4286578687 1065353216 0 -1 0 -1 0 0 0 0 1 1 -1 1
1065353216 0 4286578687 1065353216 1 -1 0 -1 1 0 17 -1 0 1 1 0
1065353216 0 4286578687 1065353216 1 0 0 -1 0 0 0 -1 0 1 -1 1
1065353216 0 4286578687 1065353216 1 0 1 1 0 0 0 1 1 1 -1 1
1065353216 0 4286578687 1065353216 1 0 1 9223372036854775807 0 0 0 9223372036854775807 1 1 -1 1
1065353216 0 4286578687 1065353216 1 1 0 -1 0 0 0 -1 0 1 -1 1
1065353216 0 4286578687 1065353216 1 1 1 1 0 0 0 1 1 1 -1 1
1065353216 0 4286578687 1065353216 1 1 1 9223372036854775807 0 0 0 9223372036854775807 1 1 -1 1
1065353216 0 4286578687 1065353216 1 2 0 -1 0 0 0 -1 0 1 -1 1
1065353216 0 4286578687 1065353216 1 2 1 1 0 0 0 1 1 1 -1 1
1065353216 0 4286578687 1065353216 1 2 1 9223372036854775807 0 0 0 9223372036854775807 1 1 -1 1
1065353216 0 4286578687 1065353216 1 3 0 -1 0 0 0 -1 0 1 -1 1
1065353216 0 4286578687 1065353216 1 3 1 1 0 0 0 1 1 1 -1 1
1065353216 0 4286578687 1065353216 1 3 1 9223372036854775807 0 0 0 9223372036854775807 1 1 -1 1
1065353216 0 4286578687 1065353216 1 9223372036854775807 0 -1 0 0 0 -1 0 1 -1 1
1065353216 0 4286578687 1065353216 1 9223372036854775807 1 1 0 0 0 1 1 1 -1 1
1065353216 0 4286578687 1065353216 1 9223372036854775807 1 9223372036854775807 0 0 0 9223372036854775807 1 1 -1 1
1065353216 0 4286578687 1065353216 2 -1 0 -1 1 0 17 -1 0 1 1 0
1065353216 0 4286578687 1065353216 2 0 0 -1 0 0 0 -1 0 1 -1 1
1065353216 0 4286578687 1065353216 2 0 1 1 0 0 0 1 1 1 -1 1
1065353216 0 4286578687 1065353216 2 0 1 9223372036854775807 0 0 0 9223372036854775807 1 1 -1 1
1065353216 0 4286578687 1065353216 2 1 0 -1 0 0 0 -1 0 1 -1 1
1065353216 0 4286578687 1065353216 2 1 1 1 0 0 0 1 1 1 -1 1
1065353216 0 4286578687 1065353216 2 1 1 9223372036854775807 0 0 0 9223372036854775807 1 1 -1 1
1065353216 0 4286578687 1065353216 2 2 0 -1 0 1065353216 0 -1 0 1 -1 1
1065353216 0 4286578687 1065353216 2 2 1 1 0 0 0 1 1 1 -1 1
1065353216 0 4286578687 1065353216 2 2 1 9223372036854775807 0 0 0 9223372036854775807 1 1 -1 1
1065353216 0 4286578687 1065353216 2 3 0 -1 0 0 0 -1 0 1 -1 1
1065353216 0 4286578687 1065353216 2 3 1 1 0 1065353216 0 1 1 1 -1 1
1065353216 0 4286578687 1065353216 2 3 1 9223372036854775807 0 0 0 9223372036854775807 1 1 -1 1
1065353216 0 4286578687 1065353216 2 9223372036854775807 0 -1 0 0 0 -1 0 1 -1 1
1065353216 0 4286578687 1065353216 2 9223372036854775807 1 1 0 1065353216 0 1 1 1 -1 1
1065353216 0 4286578687 1065353216 2 9223372036854775807 1 9223372036854775807 0 0 0 9223372036854775807 1 1 -1 1
1065353216 1065353215 864026624 1065353216 1 -1 0 -1 0 0 1 1 1 0 1 0
1065353216 1065353216 1048576000 1065353216 1 -1 1 1 0 1048576000 0 1 1 0 1 0
1065353216 1065353216 3196059648 1065353216 2 -1 1 1 0 1061158912 -1 2 1 0 -1 0
1065353216 1069547520 1056964608 1065353216 2 -1 1 1 0 0 1 2 1 0 1 0
1065353216 1073741824 3204448256 1065353216 2 -1 1 1 0 1069547520 -1 2 1 0 -1 0
1065353216 1075838976 3196059648 1065353216 1 -1 0 -1 0 1048576000 0 -1 0 0 -1 0
1065353216 1075838976 3196059648 1065353216 1 1 0 -1 0 1048576000 0 -1 0 0 -1 0
1065353216 1075838976 3196059648 1065353216 2 -1 0 -1 0 1048576000 0 -1 0 0 -1 0
1065353216 1075838976 3196059648 1065353216 2 1 0 -1 0 1048576000 0 -1 0 0 -1 0
1065353216 2147483648 2147483648 1065353216 1 -1 0 -1 0 2147483648 0 -1 0 0 1 0
1065353216 3196059648 1056964608 1065353216 1 -1 1 1 0 1048576000 1 2 1 0 1 0
1068160612 1068160611 1298196654 2139095039 1 0 1 1 1 1068160611 17 1 1 1 1 0
1069547520 0 0 1065353216 0 -1 0 -1 0 0 0 -1 0 0 1 0
1069547520 0 0 1065353216 1 -1 0 -1 0 0 0 -1 0 0 1 0
1069547520 0 0 1065353216 2 -1 0 -1 0 0 0 -1 0 0 1 0
1069547520 0 1 1065353216 0 -1 0 -1 0 1 0 0 1 0 1 0
1069547520 0 1 1065353216 1 -1 0 -1 0 1 0 -1 0 0 1 0
1069547520 0 1 1065353216 2 -1 0 -1 0 1 0 -1 0 0 1 0
1069547520 0 1065353216 1065353216 0 -1 0 -1 0 1065353216 0 0 1 0 1 0
1069547520 0 1065353216 1065353216 1 -1 0 -1 0 1065353216 0 -1 0 0 1 0
1069547520 0 1065353216 1065353216 2 -1 0 -1 0 1065353216 0 -1 0 0 1 0
1069547520 0 1069547519 1065353216 0 -1 0 -1 0 1069547519 0 0 1 0 1 0
1069547520 0 1069547519 1065353216 1 -1 0 -1 0 1069547519 0 -1 0 0 1 0
1069547520 0 1069547519 1065353216 2 -1 0 -1 0 1069547519 0 -1 0 0 1 0
1069547520 0 1069547520 1065353216 0 -1 0 -1 0 1069547520 0 0 1 1 1 1
1069547520 0 1069547520 1065353216 1 -1 0 -1 0 0 1 1 1 0 1 0
1069547520 0 1069547520 1065353216 2 -1 0 -1 0 1069547520 1 1 1 0 1 0
1069547520 0 1069547521 1065353216 0 -1 0 -1 0 1069547520 0 0 1 1 1 1
1069547520 0 1069547521 1065353216 1 -1 0 -1 0 872415232 1 1 1 0 1 0
1069547520 0 1069547521 1065353216 2 -1 0 -1 0 1069547521 1 1 1 0 1 0
1069547520 0 1275068414 1065353216 0 -1 0 -1 0 1069547520 0 0 1 1 1 1
1069547520 0 1275068414 1065353216 1 -1 0 -1 0 1065353216 22369618 22369618 1 0 1 0
1069547520 0 1275068414 1065353216 2 -1 0 -1 0 1065353216 22369618 22369618 1 0 1 0
1069547520 0 1275068415 1065353216 0 -1 0 -1 0 1069547520 0 0 1 1 1 1
1069547520 0 1275068415 1065353216 1 -1 0 -1 0 0 22369620 22369620 1 0 1 0
1069547520 0 1275068415 1065353216 2 -1 0 -1 0 0 22369620 22369620 1 0 1 0
1069547520 0 1275068416 1065353216 0 -1 0 -1 0 1069547520 0 0 1 1 1 1
1069547520 0 1275068416 1065353216 1 -1 0 -1 0 1056964608 22369621 22369621 1 0 1 0
1069547520 0 1275068416 1065353216 2 -1 0 -1 0 1073741824 22369621 22369621 1 0 1 0
1069547520 0 1275068417 1065353216 0 -1 0 -1 0 1069547520 0 0 1 1 1 1
1069547520 0 1275068417 1065353216 1 -1 0 -1 0 0 22369624 22369624 1 0 1 0
1069547520 0 1275068417 1065353216 2 -1 0 -1 0 0 22369624 22369624 1 0 1 0
1069547520 0 1585446912 1065353216 0 -1 0 -1 0 1069547520 0 0 1 1 1 1
1069547520 0 1585446912 1065353216 1 -1 0 -1 0 1065353216 3074457345618258602 3074457345618258602 1 0 1 0
1069547520 0 1585446912 1065353216 2 -1 0 -1 0 1065353216 3074457345618258602 3074457345618258602 1 0 1 0
1069547520 0 1593835519 1065353216 0 -1 0 -1 0 1069547520 0 0 1 1 1 1
1069547520 0 1593835519 1065353216 1 -1 0 -1 0 0 6148914324732641280 6148914324732641280 1 0 1 0
1069547520 0 1593835519 1065353216 2 -1 0 -1 0 0 6148914324732641280 6148914324732641280 1 0 1 0
1069547520 0 1593835520 1065353216 0 -1 0 -1 0 1069547520 0 0 1 1 1 1
1069547520 0 1593835520 1065353216 1 -1 0 -1 0 1056964608 6148914691236517205 6148914691236517205 1 0 1 0
1069547520 0 1593835520 1065353216 2 -1 0 -1 0 1073741824 6148914691236517205 6148914691236517205 1 0 1 0
1069547520 0 1593835521 1065353216 0 -1 0 -1 0 1069547520 0 0 1 1 1 1
1069547520 0 1593835521 1065353216 1 -1 0 -1 0 0 6148915424244269056 6148915424244269056 1 0 1 0
1069547520 0 1593835521 1065353216 2 -1 0 -1 0 0 6148915424244269056 6148915424244269056 1 0 1 0
1069547520 0 1904214016 1065353216 0 -1 0 -1 0 1069547520 0 0 1 1 1 1
1069547520 0 1904214016 1065353216 1 -1 0 -1 1 0 17 -1 0 1 1 0
1069547520 0 1904214016 1065353216 2 -1 0 -1 1 0 17 -1 0 1 1 0
1069547520 0 2139095039 1065353216 0 -1 0 -1 0 1069547520 0 0 1 1 1 1
1069547520 0 2139095039 1065353216 1 -1 0 -1 1 0 17 -1 0 1 1 0
1069547520 0 2139095039 1065353216 2 -1 0 -1 1 0 17 -1 0 1 1 0
1069547520 0 2147483648 1065353216 0 -1 0 -1 0 0 0 -1 0 0 1 0
1069547520 0 2147483648 1065353216 1 -1 0 -1 0 0 0 -1 0 0 1 0
1069547520 0 2147483648 1065353216 2 -1 0 -1 0 0 0 -1 0 0 1 0
1069547520 0 2147483649 1065353216 0 -1 0 -1 0 0 0 0 1 1 -1 1
1069547520 0 2147483649 1065353216 1 -1 0 -1 0 1069547519 -1 0 1 0 -1 0
1069547520 0 2147483649 1065353216 2 -1 0 -1 0 1069547519 -1 0 1 0 -1 0
1069547520 0 3212836864 1065353216 0 -1 0 -1 0 0 0 0 1 1 -1 1
1069547520 0 3212836864 1065353216 1 -1 0 -1 0 1056964608 -1 0 1 0 -1 0
1069547520 0 3212836864 1065353216 2 -1 0 -1 0 1056964608 -1 0 1 0 -1 0
1069547520 0 3217031167 1065353216 0 -1 0 -1 0 0 0 0 1 1 -1 1
1069547520 0 3217031167 1065353216 1 -1 0 -1 0 872415232 -1 0 1 0 -1 0
1069547520 0 3217031167 1065353216 2 -1 0 -1 0 872415232 -1 0 1 0 -1 0
1069547520 0 3217031168 1065353216 0 -1 0 -1 0 0 0 0 1 1 -1 1
1069547520 0 3217031168 1065353216 1 -1 0 -1 0 0 -1 0 1 0 -1 0
1069547520 0 3217031168 1065353216 2 -1 0 -1 0 0 -1 0 1 0 -1 0
1069547520 0 3217031169 1065353216 0 -1 0 -1 0 0 0 0 1 1 -1 1
1069547520 0 3217031169 1065353216 1 -1 0 -1 0 1069547519 -2 1 1 0 -1 0
1069547520 0 3217031169 1065353216 2 -1 0 -1 0 1077936127 -2 1 1 0 -1 0
1069547520 0 3422552062 1065353216 0 -1 0 -1 0 0 0 0 1 1 -1 1
1069547520 0 3422552062 1065353216 1 -1 0 -1 0 1056964608 -22369619 22369618 1 0 -1 0
1069547520 0 3422552062 1065353216 2 -1 0 -1 0 1056964608 -22369619 22369618 1 0 -1 0
1069547520 0 3422552063 1065353216 0 -1 0 -1 0 0 0 0 1 1 -1 1
1069547520 0 3422552063 1065353216 1 -1 0 -1 0 0 -22369620 22369619 1 0 -1 0
1069547520 0 3422552063 1065353216 2 -1 0 -1 0 1069547520 -22369620 22369619 1 0 -1 0
1069547520 0 3422552064 1065353216 0 -1 0 -1 0 0 0 0 1 1 -1 1
1069547520 0 3422552064 1065353216 1 -1 0 -1 0 1065353216 -22369622 22369621 1 0 -1 0
1069547520 0 3422552064 1065353216 2 -1 0 -1 0 1075838976 -22369622 22369621 1 0 -1 0
1069547520 0 3422552065 1065353216 0 -1 0 -1 0 0 0 0 1 1 -1 1
1069547520 0 3422552065 1065353216 1 -1 0 -1 0 0 -22369624 22369623 1 0 -1 0
1069547520 0 3422552065 1065353216 2 -1 0 -1 0 1069547520 -22369624 22369623 1 0 -1 0
1069547520 0 3732930560 1065353216 0 -1 0 -1 0 0 0 0 1 1 -1 1
1069547520 0 3732930560 1065353216 1 -1 0 -1 0 1056964608 -3074457345618258603 3074457345618258602 1 0 -1 0
1069547520 0 3732930560 1065353216 2 -1 0 -1 0 1056964608 -3074457345618258603 3074457345618258602 1 0 -1 0
1069547520 0 3741319167 1065353216 0 -1 0 -1 0 0 0 0 1 1 -1 1
1069547520 0 3741319167 1065353216 1 -1 0 -1 0 0 -6148914324732641280 6148914324732641279 1 0 -1 0
1069547520 0 3741319167 1065353216 2 -1 0 -1 0 1069547520 -6148914324732641280 6148914324732641279 1 0 -1 0
1069547520 0 3741319168 1065353216 0 -1 0 -1 0 0 0 0 1 1 -1 1
1069547520 0 3741319168 1065353216 1 -1 0 -1 0 1065353216 -6148914691236517206 6148914691236517205 1 0 -1 0
1069547520 0 3741319168 1065353216 2 -1 0 -1 0 1075838976 -6148914691236517206 6148914691236517205 1 0 -1 0
1069547520 0 3741319169 1065353216 0 -1 0 -1 0 0 0 0 1 1 -1 1
1069547520 0 3741319169 1065353216 1 -1 0 -1 0 0 -6148915424244269056 6148915424244269055 1 0 -1 0
1069547520 0 3741319169 1065353216 2 -1 0 -1 0 1069547520 -6148915424244269056 6148915424244269055 1 0 -1 0
1069547520 0 4051697664 1065353216 0 -1 0 -1 0 0 0 0 1 1 -1 1
1069547520 0 4051697664 1065353216 1 -1 0 -1 1 0 17 -1 0 1 1 0
1069547520 0 4051697664 1065353216 2 -1 0 -1 1 0 17 -1 0 1 1 0
1069547520 0 4286578687 1065353216 0 -1 0 -1 0 0 0 0 1 1 -1 1
1069547520 0 4286578687 1065353216 1 -1 0 -1 1 0 17 -1 0 1 1 0
1069547520 0 4286578687 1065353216 2 -1 0 -1 1 0 17 -1 0 1 1 0
1069547520 1056964608 1275068416 1065353216 1 -1 0 -1 0 1056964608 22369621 22369621 1 0 1 0
1069547520 1069547519 1069547519 1048576000 1 -1 1 1 0 1052770300 1 2 1 0 1 0
1069547520 1069547519 1069547520 1048576000 1 -1 1 1 0 1052770300 1 2 1 0 1 0
1069547520 1069547519 1069547521 1048576000 1 -1 1 1 0 1052770300 1 2 1 0 1 0
1069547520 1069547520 3217031167 1065353216 2 3 1 1 0 872415232 -1 2 1 0 -1 0
1069547520 1069547520 3217031168 1065353216 2 3 1 1 0 0 -1 2 1 0 -1 0
1069547520 1069547520 3217031169 1065353216 2 3 1 1 0 0 0 1 1 1 -1 1
1071175757 1071175756 2947137778 1069547520 0 0 1 1 0 1071175756 0 1 1 0 1 0
1073741824 0 0 1065353216 0 -1 0 -1 0 0 0 -1 0 0 1 0
1073741824 0 0 1065353216 1 -1 0 -1 0 0 0 -1 0 0 1 0
1073741824 0 0 1065353216 2 -1 0 -1 0 0 0 -1 0 0 1 0
1073741824 0 1 1065353216 0 -1 0 -1 0 1 0 0 1 0 1 0
1073741824 0 1 1065353216 1 -1 0 -1 0 1 0 -1 0 0 1 0
1073741824 0 1 1065353216 2 -1 0 -1 0 1 0 -1 0 0 1 0
1073741824 0 1065353216 1065353216 0 -1 0 -1 0 1065353216 0 0 1 0 1 0
1073741824 0 1065353216 1065353216 1 -1 0 -1 0 1065353216 0 -1 0 0 1 0
1073741824 0 1065353216 1065353216 2 -1 0 -1 0 1065353216 0 -1 0 0 1 0
1073741824 0 1073741823 1065353216 0 -1 0 -1 0 1073741823 0 0 1 0 1 0
1073741824 0 1073741823 1065353216 1 -1 0 -1 0 1073741823 0 -1 0 0 1 0
1073741824 0 1073741823 1065353216 2 -1 0 -1 0 1073741823 0 -1 0 0 1 0
1073741824 0 1073741824 1065353216 0 -1 0 -1 0 1073741824 0 0 1 1 1 1
1073741824 0 1073741824 1065353216 1 -1 0 -1 0 0 1 1 1 0 1 0
1073741824 0 1073741824 1065353216 2 -1 0 -1 0 1073741824 1 1 1 0 1 0
1073741824 0 1073741825 1065353216 0 -1 0 -1 0 1073741824 0 0 1 1 1 1
1073741824 0 1073741825 1065353216 1 -1 0 -1 0 880803840 1 1 1 0 1 0
1073741824 0 1073741825 1065353216 2 -1 0 -1 0 1073741825 1 1 1 0 1 0
1073741824 0 1275068414 1065353216 0 -1 0 -1 0 1073741824 0 0 1 1 1 1
1073741824 0 1275068414 1065353216 1 -1 0 -1 0 0 16777214 16777214 1 0 1 0
1073741824 0 1275068414 1065353216 2 -1 0 -1 0 0 16777214 16777214 1 0 1 0
1073741824 0 1275068415 1065353216 0 -1 0 -1 0 1073741824 0 0 1 1 1 1
1073741824 0 1275068415 1065353216 1 -1 0 -1 0 0 16777215 16777215 1 0 1 0
1073741824 0 1275068415 1065353216 2 -1 0 -1 0 1073741824 16777215 16777215 1 0 1 0
1073741824 0 1275068416 1065353216 0 -1 0 -1 0 1073741824 0 0 1 1 1 1
1073741824 0 1275068416 1065353216 1 -1 0 -1 0 0 16777216 16777216 1 0 1 0
1073741824 0 1275068416 1065353216 2 -1 0 -1 0 0 16777216 16777216 1 0 1 0
1073741824 0 1275068417 1065353216 0 -1 0 -1 0 1073741824 0 0 1 1 1 1
1073741824 0 1275068417 1065353216 1 -1 0 -1 0 0 16777218 16777218 1 0 1 0
1073741824 0 1275068417 1065353216 2 -1 0 -1 0 0 16777218 16777218 1 0 1 0
1073741824 0 1585446912 1065353216 0 -1 0 -1 0 1073741824 0 0 1 1 1 1
1073741824 0 1585446912 1065353216 1 -1 0 -1 0 0 2305843009213693952 2305843009213693952 1 0 1 0
1073741824 0 1585446912 1065353216 2 -1 0 -1 0 0 2305843009213693952 2305843009213693952 1 0 1 0
1073741824 0 1593835519 1065353216 0 -1 0 -1 0 1073741824 0 0 1 1 1 1
1073741824 0 1593835519 1065353216 1 -1 0 -1 0 0 4611685743549480960 4611685743549480960 1 0 1 0
1073741824 0 1593835519 1065353216 2 -1 0 -1 0 0 4611685743549480960 4611685743549480960 1 0 1 0
1073741824 0 1593835520 1065353216 0 -1 0 -1 0 1073741824 0 0 1 1 1 1
1073741824 0 1593835520 1065353216 1 -1 0 -1 0 0 4611686018427387904 4611686018427387904 1 0 1 0
1073741824 0 1593835520 1065353216 2 -1 0 -1 0 0 4611686018427387904 4611686018427387904 1 0 1 0
1073741824 0 1593835521 1065353216 0 -1 0 -1 0 1073741824 0 0 1 1 1 1
1073741824 0 1593835521 1065353216 1 -1 0 -1 0 0 4611686568183201792 4611686568183201792 1 0 1 0
1073741824 0 1593835521 1065353216 2 -1 0 -1 0 0 4611686568183201792 4611686568183201792 1 0 1 0
1073741824 0 1904214016 1065353216 0 -1 0 -1 0 1073741824 0 0 1 1 1 1
1073741824 0 1904214016 1065353216 1 -1 0 -1 1 0 17 -1 0 1 1 0
1073741824 0 1904214016 1065353216 2 -1 0 -1 1 0 17 -1 0 1 1 0
1073741824 0 2139095039 1065353216 0 -1 0 -1 0 1073741824 0 0 1 1 1 1
1073741824 0 2139095039 1065353216 1 -1 0 -1 1 0 17 -1 0 1 1 0
1073741824 0 2139095039 1065353216 2 -1 0 -1 1 0 17 -1 0 1 1 0
1073741824 0 2147483648 1065353216 0 -1 0 -1 0 0 0 -1 0 0 1 0
1073741824 0 2147483648 1065353216 1 -1 0 -1 0 0 0 -1 0 0 1 0
1073741824 0 2147483648 1065353216 2 -1 0 -1 0 0 0 -1 0 0 1 0
1073741824 0 2147483649 1065353216 0 -1 0 -1 0 0 0 0 1 1 -1 1
1073741824 0 2147483649 1065353216 1 -1 0 -1 0 1073741823 -1 0 1 0 -1 0
1073741824 0 2147483649 1065353216 2 -1 0 -1 0 1073741823 -1 0 1 0 -1 0
1073741824 0 3212836864 1065353216 0 -1 0 -1 0 0 0 0 1 1 -1 1
1073741824 0 3212836864 1065353216 1 -1 0 -1 0 1065353216 -1 0 1 0 -1 0
1073741824 0 3212836864 1065353216 2 -1 0 -1 0 1065353216 -1 0 1 0 -1 0
1073741824 0 3221225471 1065353216 0 -1 0 -1 0 0 0 0 1 1 -1 1
1073741824 0 3221225471 1065353216 1 -1 0 -1 0 872415232 -1 0 1 0 -1 0
1073741824 0 3221225471 1065353216 2 -1 0 -1 0 872415232 -1 0 1 0 -1 0
1073741824 0 3221225472 1065353216 0 -1 0 -1 0 0 0 0 1 1 -1 1
1073741824 0 3221225472 1065353216 1 -1 0 -1 0 0 -1 0 1 0 -1 0
1073741824 0 3221225472 1065353216 2 -1 0 -1 0 0 -1 0 1 0 -1 0
1073741824 0 3221225473 1065353216 0 -1 0 -1 0 0 0 0 1 1 -1 1
1073741824 0 3221225473 1065353216 1 -1 0 -1 0 1073741822 -2 1 1 0 -1 0
1073741824 0 3221225473 1065353216 2 -1 0 -1 0 1082130431 -2 1 1 0 -1 0
1073741824 0 3422552062 1065353216 0 -1 0 -1 0 0 0 0 1 1 -1 1
1073741824 0 3422552062 1065353216 1 -1 0 -1 0 0 -16777214 16777213 1 0 -1 0
1073741824 0 3422552062 1065353216 2 -1 0 -1 0 1073741824 -16777214 16777213 1 0 -1 0
1073741824 0 3422552063 1065353216 0 -1 0 -1 0 0 0 0 1 1 -1 1
1073741824 0 3422552063 1065353216 1 -1 0 -1 0 0 -16777215 16777214 1 0 -1 0
1073741824 0 3422552063 1065353216 2 -1 0 -1 0 0 -16777215 16777214 1 0 -1 0
1073741824 0 3422552064 1065353216 0 -1 0 -1 0 0 0 0 1 1 -1 1
1073741824 0 3422552064 1065353216 1 -1 0 -1 0 0 -16777216 16777215 1 0 -1 0
1073741824 0 3422552064 1065353216 2 -1 0 -1 0 1073741824 -16777216 16777215 1 0 -1 0
1073741824 0 3422552065 1065353216 0 -1 0 -1 0 0 0 0 1 1 -1 1
1073741824 0 3422552065 1065353216 1 -1 0 -1 0 0 -16777218 16777217 1 0 -1 0
1073741824 0 3422552065 1065353216 2 -1 0 -1 0 1073741824 -16777218 16777217 1 0 -1 0
1073741824 0 3732930560 1065353216 0 -1 0 -1 0 0 0 0 1 1 -1 1
1073741824 0 3732930560 1065353216 1 -1 0 -1 0 0 -2305843009213693952 2305843009213693951 1 0 -1 0
1073741824 0 3732930560 1065353216 2 -1 0 -1 0 1073741824 -2305843009213693952 2305843009213693951 1 0 -1 0
1073741824 0 3741319167 1065353216 0 -1 0 -1 0 0 0 0 1 1 -1 1
1073741824 0 3741319167 1065353216 1 -1 0 -1 0 0 -4611685743549480960 4611685743549480959 1 0 -1 0
1073741824 0 3741319167 1065353216 2 -1 0 -1 0 1073741824 -4611685743549480960 4611685743549480959 1 0 -1 0
1073741824 0 3741319168 1065353216 0 -1 0 -1 0 0 0 0 1 1 -1 1
1073741824 0 3741319168 1065353216 1 -1 0 -1 0 0 -4611686018427387904 4611686018427387903 1 0 -1 0
1073741824 0 3741319168 1065353216 2 -1 0 -1 0 1073741824 -4611686018427387904 4611686018427387903 1 0 -1 0
1073741824 0 3741319169 1065353216 0 -1 0 -1 0 0 0 0 1 1 -1 1
1073741824 0 3741319169 1065353216 1 -1 0 -1 0 0 -4611686568183201792 4611686568183201791 1 0 -1 0
1073741824 0 3741319169 1065353216 2 -1 0 -1 0 1073741824 -4611686568183201792 4611686568183201791 1 0 -1 0
1073741824 0 4051697664 1065353216 0 -1 0 -1 0 0 0 0 1 1 -1 1
1073741824 0 4051697664 1065353216 1 -1 0 -1 1 0 17 -1 0 1 1 0
1073741824 0 4051697664 1065353216 2 -1 0 -1 1 0 17 -1 0 1 1 0
1073741824 0 4286578687 1065353216 0 -1 0 -1 0 0 0 0 1 1 -1 1
1073741824 0 4286578687 1065353216 1 -1 0 -1 1 0 17 -1 0 1 1 0
1073741824 0 4286578687 1065353216 2 -1 0 -1 1 0 17 -1 0 1 1 0
1074408143 0 1599452094 1 0 -1 0 -1 0 349549502 0 0 1 0 1 0
1076588455 0 1041576923 1065353216 1 0 0 -1 0 1041576923 0 -1 0 0 1 0
1077936128 1077936127 1077936127 1048576000 1 -1 1 1 0 1061158908 1 2 1 0 1 0
1077936128 1077936127 1077936128 1048576000 1 -1 1 1 0 1061158908 1 2 1 0 1 0
1077936128 1077936127 1077936129 1048576000 1 -1 1 1 0 1061158908 1 2 1 0 1 0
1077936128 1077936128 3225419775 1065353216 2 3 1 1 0 880803840 -1 2 1 0 -1 0
1077936128 1077936128 3225419776 1065353216 2 3 1 1 0 0 -1 2 1 0 -1 0
1077936128 1077936128 3225419777 1065353216 2 3 1 1 0 0 0 1 1 1 -1 1
1080716876 1080716875 2304403111 1056964608 1 -1 1 1 0 1080716875 0 1 1 0 -1 0
1081670788 1799060066 3370167630 2139095039 2 1 0 -1 1 1799060066 17 -1 0 1 1 0
1083552096 1083552095 49937969 1 2 9223372036854775807 1 1 0 1083552095 0 1 1 0 1 0
1085230717 1085230716 3938092803 0 1 0 1 1 0 1085230716 0 1 1 0 1 0
1086125143 1086125142 3809548420 1069547520 2 -1 0 -1 1 1086125142 17 -1 0 1 1 0
1086324736 1086324735 1086324735 1048576000 1 -1 1 1 0 1069547516 1 2 1 0 1 0
1086324736 1086324735 1086324736 1048576000 1 -1 1 1 0 1069547516 1 2 1 0 1 0
1086324736 1086324735 1086324737 1048576000 1 -1 1 1 0 1069547516 1 2 1 0 1 0
1086324736 1086324736 3233808383 1065353216 2 3 1 1 0 889192448 -1 2 1 0 -1 0
1086324736 1086324736 3233808384 1065353216 2 3 1 1 0 0 -1 2 1 0 -1 0
1086324736 1086324736 3233808385 1065353216 2 3 1 1 0 0 0 1 1 1 -1 1
1090396722 539509243 545316486 1051372203 2 9223372036854775807 0 -1 0 545139626 0 -1 0 0 1 0
1094713344 1094713343 1094713343 1048576000 1 -1 1 1 0 1077936124 1 2 1 0 1 0
1094713344 1094713343 1094713344 1048576000 1 -1 1 1 0 1077936124 1 2 1 0 1 0
1094713344 1094713343 1094713345 1048576000 1 -1 1 1 0 1077936124 1 2 1 0 1 0
1094713344 1094713344 3242196991 1065353216 2 3 1 1 0 897581056 -1 2 1 0 -1 0
1094713344 1094713344 3242196992 1065353216 2 3 1 1 0 0 -1 2 1 0 -1 0
1094713344 1094713344 3242196993 1065353216 2 3 1 1 0 0 0 1 1 1 -1 1
1095938190 1095938190 2161485336 1069547520 0 0 1 1 0 1095938190 0 1 1 1 -1 1
1096988715 1096988715 1149744527 1056964608 0 2 1 1 0 1096988715 0 1 1 1 1 1
1099736328 1099736328 2995611488 1065353216 2 9223372036854775807 0 -1 0 1099736328 0 -1 0 0 -1 0
1100425921 1100425920 1927074325 1 1 9223372036854775807 1 1 0 1100425920 0 1 1 0 1 0
1101645288 0 1490570279 1051372203 2 9223372036854775807 1 1 0 1107989696 29884169812753 29884169812754 1 0 1 0
1102512558 1359978438 3896456779 1073741824 1 0 0 -1 0 0 0 -1 0 1 -1 1
1103101952 1103101951 1103101951 1048576000 1 -1 1 1 0 1086324732 1 2 1 0 1 0
1103101952 1103101951 1103101952 1048576000 1 -1 1 1 0 1086324732 1 2 1 0 1 0
1103101952 1103101951 1103101953 1048576000 1 -1 1 1 0 1086324732 1 2 1 0 1 0
1103101952 1103101952 3250585599 1065353216 2 3 1 1 0 905969664 -1 2 1 0 -1 0
1103101952 1103101952 3250585600 1065353216 2 3 1 1 0 0 -1 2 1 0 -1 0
1103101952 1103101952 3250585601 1065353216 2 3 1 1 0 0 0 1 1 1 -1 1
1103572448 296254915 1532929193 1 1 2 1 1 0 299902701 0 1 1 0 1 0
1104610458 0 3245590575 2139095039 0 2 1 1 1 0 17 1 1 1 1 0
1110739752 1110739752 3384201551 1056964608 0 1 0 -1 0 0 0 0 1 1 -1 1
1111490560 1111490559 1111490559 1048576000 1 -1 1 1 0 1094713340 1 2 1 0 1 0
1111490560 1111490559 1111490560 1048576000 1 -1 1 1 0 1094713340 1 2 1 0 1 0
1111490560 1111490559 1111490561 1048576000 1 -1 1 1 0 1094713340 1 2 1 0 1 0
1111490560 1111490560 3258974207 1065353216 2 3 1 1 0 914358272 -1 2 1 0 -1 0
1111490560 1111490560 3258974208 1065353216 2 3 1 1 0 0 -1 2 1 0 -1 0
1111490560 1111490560 3258974209 1065353216 2 3 1 1 0 0 0 1 1 1 -1 1
1119879168 1119879167 1119879167 1048576000 1 -1 1 1 0 1103101948 1 2 1 0 1 0
1119879168 1119879167 1119879168 1048576000 1 -1 1 1 0 1103101948 1 2 1 0 1 0
1119879168 1119879167 1119879169 1048576000 1 -1 1 1 0 1103101948 1 2 1 0 1 0
1119879168 1119879168 3267362815 1065353216 2 3 1 1 0 922746880 -1 2 1 0 -1 0
1119879168 1119879168 3267362816 1065353216 2 3 1 1 0 0 -1 2 1 0 -1 0
1119879168 1119879168 3267362817 1065353216 2 3 1 1 0 0 0 1 1 1 -1 1
1120118478 1120118477 1820650866 1073741824 0 1 1 1 0 1120118478 0 1 1 1 1 1
1122994139 0 2178592527 1 1 0 0 -1 0 0 0 -1 0 0 1 0
1123606542 0 2123835212 1051372203 1 0 1 1 0 1123606542 0 1 1 1 1 1
1127230998 1127230997 3611387543 1065353216 1 2 0 -1 0 0 0 -1 0 1 -1 1
1128267776 1128267775 1128267775 1048576000 1 -1 1 1 0 1111490556 1 2 1 0 1 0
1128267776 1128267775 1128267776 1048576000 1 -1 1 1 0 1111490556 1 2 1 0 1 0
1128267776 1128267775 1128267777 1048576000 1 -1 1 1 0 1111490556 1 2 1 0 1 0
1128267776 1128267776 3275751423 1065353216 2 3 1 1 0 931135488 -1 2 1 0 -1 0
1128267776 1128267776 3275751424 1065353216 2 3 1 1 0 0 -1 2 1 0 -1 0
1128267776 1128267776 3275751425 1065353216 2 3 1 1 0 0 0 1 1 1 -1 1
1128371759 0 2650306626 1 2 -1 0 -1 0 0 0 -1 0 0 1 0
1136656384 1136656383 1136656383 1048576000 1 -1 1 1 0 1119879164 1 2 1 0 1 0
1136656384 1136656383 1136656384 1048576000 1 -1 1 1 0 1119879164 1 2 1 0 1 0
1136656384 1136656383 1136656385 1048576000 1 -1 1 1 0 1119879164 1 2 1 0 1 0
1136656384 1136656384 3284140031 1065353216 2 3 1 1 0 939524096 -1 2 1 0 -1 0
1136656384 1136656384 3284140032 1065353216 2 3 1 1 0 0 -1 2 1 0 -1 0
1136656384 1136656384 3284140033 1065353216 2 3 1 1 0 0 0 1 1 1 -1 1
1143660597 1143660597 232989159 1 1 2 0 -1 0 1143660597 0 -1 0 0 1 0
1144072307 1144072307 3107214344 1069547520 2 1 1 1 0 1144072307 0 1 1 1 -1 1
1145044992 1145044991 1145044991 1048576000 1 -1 1 1 0 1128267772 1 2 1 0 1 0
1145044992 1145044991 1145044992 1048576000 1 -1 1 1 0 1128267772 1 2 1 0 1 0
1145044992 1145044991 1145044993 1048576000 1 -1 1 1 0 1128267772 1 2 1 0 1 0
1145044992 1145044992 3292528639 1065353216 2 3 1 1 0 947912704 -1 2 1 0 -1 0
1145044992 1145044992 3292528640 1065353216 2 3 1 1 0 0 -1 2 1 0 -1 0
1145044992 1145044992 3292528641 1065353216 2 3 1 1 0 0 0 1 1 1 -1 1
1153433600 1153433599 1153433599 1048576000 1 -1 1 1 0 1136656380 1 2 1 0 1 0
1153433600 1153433599 1153433600 1048576000 1 -1 1 1 0 1136656380 1 2 1 0 1 0
1153433600 1153433599 1153433601 1048576000 1 -1 1 1 0 1136656380 1 2 1 0 1 0
1153433600 1153433600 3300917247 1065353216 2 3 1 1 0 956301312 -1 2 1 0 -1 0
1153433600 1153433600 3300917248 1065353216 2 3 1 1 0 0 -1 2 1 0 -1 0
1153433600 1153433600 3300917249 1065353216 2 3 1 1 0 0 0 1 1 1 -1 1
1154624812 1154624811 1588148737 1069547520 0 9223372036854775807 1 1 0 1154624812 0 1 1 1 1 1
1158790238 0 2507052087 1065353216 1 -1 1 1 0 1158790237 -1 2 1 0 -1 0
1159487993 0 3984982508 0 0 0 1 1 0 0 0 1 1 0 1 0
1161822208 1161822207 1161822207 1048576000 1 -1 1 1 0 1145044988 1 2 1 0 1 0
1161822208 1161822207 1161822208 1048576000 1 -1 1 1 0 1145044988 1 2 1 0 1 0
1161822208 1161822207 1161822209 1048576000 1 -1 1 1 0 1145044988 1 2 1 0 1 0
1161822208 1161822208 3309305855 1065353216 2 3 1 1 0 964689920 -1 2 1 0 -1 0
1161822208 1161822208 3309305856 1065353216 2 3 1 1 0 0 -1 2 1 0 -1 0
1161822208 1161822208 3309305857 1065353216 2 3 1 1 0 0 0 1 1 1 -1 1
1163653871 0 3506513987 1051372203 1 0 0 -1 0 0 0 -1 0 1 -1 1
1163719127 518343192 594926556 1 0 -1 0 -1 0 518343192 0 -1 0 0 1 0
1165728201 0 3501430152 2139095039 2 2 0 -1 1 0 17 -1 0 1 1 0
1166708012 0 457968922 1065353216 0 -1 0 -1 0 457968922 0 0 1 0 1 0
1170210816 1170210815 1170210815 1048576000 1 -1 1 1 0 1153433596 1 2 1 0 1 0
1170210816 1170210815 1170210816 1048576000 1 -1 1 1 0 1153433596 1 2 1 0 1 0
1170210816 1170210815 1170210817 1048576000 1 -1 1 1 0 1153433596 1 2 1 0 1 0
1170210816 1170210816 3317694463 1065353216 2 3 1 1 0 973078528 -1 2 1 0 -1 0
1170210816 1170210816 3317694464 1065353216 2 3 1 1 0 0 -1 2 1 0 -1 0
1170210816 1170210816 3317694465 1065353216 2 3 1 1 0 0 0 1 1 1 -1 1
1173557161 496639741 1048140586 1073741824 1 -1 1 1 0 1056529194 0 1 1 0 1 0
1178564447 1178564447 3968484791 1065353216 2 -1 1 1 1 1178564447 17 1 1 1 1 0
1178599424 1178599423 1178599423 1048576000 1 -1 1 1 0 1161822204 1 2 1 0 1 0
1178599424 1178599423 1178599424 1048576000 1 -1 1 1 0 1161822204 1 2 1 0 1 0
1178599424 1178599423 1178599425 1048576000 1 -1 1 1 0 1161822204 1 2 1 0 1 0
1178599424 1178599424 3326083071 1065353216 2 3 1 1 0 981467136 -1 2 1 0 -1 0
1178599424 1178599424 3326083072 1065353216 2 3 1 1 0 0 -1 2 1 0 -1 0
1178599424 1178599424 3326083073 1065353216 2 3 1 1 0 0 0 1 1 1 -1 1
1183840277 0 3574698564 1 2 2 0 -1 0 1183840276 -1 0 1 0 -1 0
1183867865 1183867865 1906966894 2139095039 1 -1 1 1 1 1183867865 17 1 1 1 1 0
1186076042 1186076042 4188446887 1065353216 1 -1 1 1 1 1186076042 17 1 1 1 1 0
1186988032 1186988031 1186988031 1048576000 1 -1 1 1 0 1170210812 1 2 1 0 1 0
1186988032 1186988031 1186988032 1048576000 1 -1 1 1 0 1170210812 1 2 1 0 1 0
1186988032 1186988031 1186988033 1048576000 1 -1 1 1 0 1170210812 1 2 1 0 1 0
1186988032 1186988032 3334471679 1065353216 2 3 1 1 0 989855744 -1 2 1 0 -1 0
1186988032 1186988032 3334471680 1065353216 2 3 1 1 0 0 -1 2 1 0 -1 0
1186988032 1186988032 3334471681 1065353216 2 3 1 1 0 0 0 1 1 1 -1 1
1190978887 1190978887 848574422 1065353216 1 0 0 -1 0 0 0 -1 0 0 1 0
1193936466 0 2814797544 1065353216 1 2 1 1 0 0 0 1 1 1 -1 1
1194291500 1920014505 2222562109 1051372203 1 -1 1 1 1 1920014505 17 1 1 1 1 0
1195376640 1195376639 1195376639 1048576000 1 -1 1 1 0 1178599420 1 2 1 0 1 0
1195376640 1195376639 1195376640 1048576000 1 -1 1 1 0 1178599420 1 2 1 0 1 0
1195376640 1195376639 1195376641 1048576000 1 -1 1 1 0 1178599420 1 2 1 0 1 0
1195376640 1195376640 3342860287 1065353216 2 3 1 1 0 998244352 -1 2 1 0 -1 0
1195376640 1195376640 3342860288 1065353216 2 3 1 1 0 0 -1 2 1 0 -1 0
1195376640 1195376640 3342860289 1065353216 2 3 1 1 0 0 0 1 1 1 -1 1
1196998507 0 4141529652 1056964608 2 2 1 1 0 0 0 1 1 1 -1 1
1197827649 1197827648 2120028128 2139095039 2 9223372036854775807 1 1 1 1197827648 17 1 1 1 1 0
1199645401 1199645400 3333031427 1069547520 0 0 0 -1 0 1191362862 0 0 1 0 1 0
1203765248 1203765247 1203765247 1048576000 1 -1 1 1 0 1186988028 1 2 1 0 1 0
1203765248 1203765247 1203765248 1048576000 1 -1 1 1 0 1186988028 1 2 1 0 1 0
1203765248 1203765247 1203765249 1048576000 1 -1 1 1 0 1186988028 1 2 1 0 1 0
1203765248 1203765248 3351248895 1065353216 2 3 1 1 0 1006632960 -1 2 1 0 -1 0
1203765248 1203765248 3351248896 1065353216 2 3 1 1 0 0 -1 2 1 0 -1 0
1203765248 1203765248 3351248897 1065353216 2 3 1 1 0 0 0 1 1 1 -1 1
1204780680 1204780680 1821151904 1065353216 0 0 1 1 0 1204780680 0 1 1 1 1 1
1207231941 1207231941 1508187369 1069547520 0 2 1 1 0 1207231941 0 1 1 1 1 1
1207415525 1605832012 218421309 1065353216 2 -1 0 -1 0 1184402592 0 -1 0 0 1 0
1212153856 1212153855 1212153855 1048576000 1 -1 1 1 0 1195376636 1 2 1 0 1 0
1212153856 1212153855 1212153856 1048576000 1 -1 1 1 0 1195376636 1 2 1 0 1 0
1212153856 1212153855 1212153857 1048576000 1 -1 1 1 0 1195376636 1 2 1 0 1 0
1212153856 1212153856 3359637503 1065353216 2 3 1 1 0 1015021568 -1 2 1 0 -1 0
1212153856 1212153856 3359637504 1065353216 2 3 1 1 0 0 -1 2 1 0 -1 0
1212153856 1212153856 3359637505 1065353216 2 3 1 1 0 0 0 1 1 1 -1 1
1217426979 1217426978 4035483902 1051372203 2 1 1 1 0 0 0 1 1 1 -1 1
1220436592 1639829780 332415311 1065353216 0 -1 0 -1 0 1220436592 0 0 1 1 1 1
1220542464 1220542463 1220542463 1048576000 1 -1 1 1 0 1203765244 1 2 1 0 1 0
1220542464 1220542463 1220542464 1048576000 1 -1 1 1 0 1203765244 1 2 1 0 1 0
1220542464 1220542463 1220542465 1048576000 1 -1 1 1 0 1203765244 1 2 1 0 1 0
1220542464 1220542464 3368026111 1065353216 2 3 1 1 0 1023410176 -1 2 1 0 -1 0
1220542464 1220542464 3368026112 1065353216 2 3 1 1 0 0 -1 2 1 0 -1 0
1220542464 1220542464 3368026113 1065353216 2 3 1 1 0 0 0 1 1 1 -1 1
1221146945 1860282905 1546033271 1069547520 2 -1 1 1 1 1860282905 17 1 1 1 1 0
1225138507 1225138506 22379615 1051372203 0 1 1 1 0 1225138506 0 1 1 0 1 0
1225465979 1505511132 2222710692 1056964608 1 2 0 -1 0 1210414368 0 -1 0 0 -1 0
1228931072 1228931071 1228931071 1048576000 1 -1 1 1 0 1212153852 1 2 1 0 1 0
1228931072 1228931071 1228931072 1048576000 1 -1 1 1 0 1212153852 1 2 1 0 1 0
1228931072 1228931071 1228931073 1048576000 1 -1 1 1 0 1212153852 1 2 1 0 1 0
1228931072 1228931072 3376414719 1065353216 2 3 1 1 0 1031798784 -1 2 1 0 -1 0
1228931072 1228931072 3376414720 1065353216 2 3 1 1 0 0 -1 2 1 0 -1 0
1228931072 1228931072 3376414721 1065353216 2 3 1 1 0 0 0 1 1 1 -1 1
1234348944 1632276621 83999103 1051372203 2 -1 0 -1 0 1242046416 0 -1 0 0 1 0
1237319680 1237319679 1237319679 1048576000 1 -1 1 1 0 1220542460 1 2 1 0 1 0
1237319680 1237319679 1237319680 1048576000 1 -1 1 1 0 1220542460 1 2 1 0 1 0
1237319680 1237319679 1237319681 1048576000 1 -1 1 1 0 1220542460 1 2 1 0 1 0
1237319680 1237319680 3384803327 1065353216 2 3 1 1 0 1040187392 -1 2 1 0 -1 0
1237319680 1237319680 3384803328 1065353216 2 3 1 1 0 0 -1 2 1 0 -1 0
1237319680 1237319680 3384803329 1065353216 2 3 1 1 0 0 0 1 1 1 -1 1
1238962378 0 1182218070 1051372203 1 1 1 1 0 1168428943 0 1 1 0 1 0
1241889530 1241889530 265125567 1051372203 2 1 0 -1 0 1241889530 0 -1 0 0 1 0
1242888229 0 2087944814 1065353216 1 -1 0 -1 1 0 17 -1 0 1 1 0
1243471728 739436305 1228494940 1069547520 2 0 0 -1 0 1233846853 0 -1 0 0 1 0
1245708288 1245708287 1245708287 1048576000 1 -1 1 1 0 1228931068 1 2 1 0 1 0
1245708288 1245708287 1245708288 1048576000 1 -1 1 1 0 1228931068 1 2 1 0 1 0
1245708288 1245708287 1245708289 1048576000 1 -1 1 1 0 1228931068 1 2 1 0 1 0
1245708288 1245708288 3393191935 1065353216 2 3 1 1 0 1048576000 -1 2 1 0 -1 0
1245708288 1245708288 3393191936 1065353216 2 3 1 1 0 0 -1 2 1 0 -1 0
1245708288 1245708288 3393191937 1065353216 2 3 1 1 0 0 0 1 1 1 -1 1
1246284607 1246284607 2429021130 1073741824 0 1 1 1 0 1246284607 0 1 1 1 -1 1
1246616803 0 3290140543 1 2 -1 1 1 0 1255005410 -1 2 1 0 -1 0
1253206589 1156058944 3252217475 1 0 1 0 -1 0 1156058944 0 0 1 0 1 0
1254096896 1254096895 1254096895 1048576000 1 -1 1 1 0 1237319676 1 2 1 0 1 0
1254096896 1254096895 1254096896 1048576000 1 -1 1 1 0 1237319676 1 2 1 0 1 0
1254096896 1254096895 1254096897 1048576000 1 -1 1 1 0 1237319676 1 2 1 0 1 0
1254096896 1254096896 3401580543 1065353216 2 3 1 1 0 1056964608 -1 2 1 0 -1 0
1254096896 1254096896 3401580544 1065353216 2 3 1 1 0 0 -1 2 1 0 -1 0
1254096896 1254096896 3401580545 1065353216 2 3 1 1 0 0 0 1 1 1 -1 1
1255645907 1255645907 3111798033 1069547520 1 1 1 1 0 0 0 1 1 0 -1 0
1262485504 1262485503 1262485503 1048576000 1 -1 1 1 0 1245708284 1 2 1 0 1 0
1262485504 1262485503 1262485504 1048576000 1 -1 1 1 0 1245708284 1 2 1 0 1 0
1262485504 1262485503 1262485505 1048576000 1 -1 1 1 0 1245708284 1 2 1 0 1 0
1262485504 1262485504 3409969151 1065353216 2 3 1 1 0 1065353216 -1 2 1 0 -1 0
1262485504 1262485504 3409969152 1065353216 2 3 1 1 0 0 -1 2 1 0 -1 0
1262485504 1262485504 3409969153 1065353216 2 3 1 1 0 0 0 1 1 1 -1 1
1266415368 777728751 2026537800 1073741824 2 2 0 -1 0 0 0 -1 0 1 1 1
1270471221 1270471220 1827008211 1073741824 1 -1 0 -1 1 1270471220 17 -1 0 1 1 0
1270874112 1270874111 1270874111 1048576000 1 -1 1 1 0 1254096892 1 2 1 0 1 0
1270874112 1270874111 1270874112 1048576000 1 -1 1 1 0 1254096892 1 2 1 0 1 0
1270874112 1270874111 1270874113 1048576000 1 -1 1 1 0 1254096892 1 2 1 0 1 0
1270874112 1270874112 3418357759 1065353216 2 3 1 1 0 1073741824 -1 2 1 0 -1 0
1270874112 1270874112 3418357760 1065353216 2 3 1 1 0 0 -1 2 1 0 -1 0
1270874112 1270874112 3418357761 1065353216 2 3 1 1 0 0 0 1 1 1 -1 1
1271201047 0 4071840644 1073741824 0 9223372036854775807 0 -1 0 0 0 0 1 1 -1 1
1275186529 1275186528 3084733315 1056964608 1 9223372036854775807 0 -1 0 1275186528 0 -1 0 0 -1 0
1277157658 1277157658 848336578 2139095039 2 1 0 -1 0 0 0 -1 0 1 1 1
1279262720 1279262719 1279262719 1048576000 1 -1 1 1 0 1262485500 1 2 1 0 1 0
1279262720 1279262719 1279262720 1048576000 1 -1 1 1 0 1262485500 1 2 1 0 1 0
1279262720 1279262719 1279262721 1048576000 1 -1 1 1 0 1262485500 1 2 1 0 1 0
1279262720 1279262720 3426746367 1065353216 2 3 1 1 0 1082130432 -1 2 1 0 -1 0
1279262720 1279262720 3426746368 1065353216 2 3 1 1 0 0 -1 2 1 0 -1 0
1279262720 1279262720 3426746369 1065353216 2 3 1 1 0 0 0 1 1 1 -1 1
1280096787 771385681 937021166 2139095039 2 2 1 1 0 1280096787 0 1 1 1 1 1
1283528769 1283528768 2520546378 1 2 1 1 1 0 1283528768 0 1 1 0 1 0
1287227389 0 3084531122 2139095039 0 0 0 -1 0 0 0 0 1 1 -1 1
1287651328 1287651327 1287651327 1048576000 1 -1 1 1 0 1270874108 1 2 1 0 1 0
1287651328 1287651327 1287651328 1048576000 1 -1 1 1 0 1270874108 1 2 1 0 1 0
1287651328 1287651327 1287651329 1048576000 1 -1 1 1 0 1270874108 1 2 1 0 1 0
1287651328 1287651328 3435134975 1065353216 2 3 1 1 0 1090519040 -1 2 1 0 -1 0
1287651328 1287651328 3435134976 1065353216 2 3 1 1 0 0 -1 2 1 0 -1 0
1287651328 1287651328 3435134977 1065353216 2 3 1 1 0 0 0 1 1 1 -1 1
1288645197 1288645197 2634285281 1065353216 2 0 0 -1 0 1288645197 0 -1 0 0 -1 0
1294987539 1294987539 2021736531 1073741824 1 2 1 1 0 1294987539 0 1 1 1 1 1
1296039936 1296039935 1296039935 1048576000 1 -1 1 1 0 1279262716 1 2 1 0 1 0
1296039936 1296039935 1296039936 1048576000 1 -1 1 1 0 1279262716 1 2 1 0 1 0
1296039936 1296039935 1296039937 1048576000 1 -1 1 1 0 1279262716 1 2 1 0 1 0
1296039936 1296039936 3443523583 1065353216 2 3 1 1 0 1098907648 -1 2 1 0 -1 0
1296039936 1296039936 3443523584 1065353216 2 3 1 1 0 0 -1 2 1 0 -1 0
1296039936 1296039936 3443523585 1065353216 2 3 1 1 0 0 0 1 1 1 -1 1
1300193058 1300193057 179330603 0 1 9223372036854775807 1 1 0 1300193057 0 1 1 0 1 0
1304428544 1304428543 1304428543 1048576000 1 -1 1 1 0 1287651324 1 2 1 0 1 0
1304428544 1304428543 1304428544 1048576000 1 -1 1 1 0 1287651324 1 2 1 0 1 0
1304428544 1304428543 1304428545 1048576000 1 -1 1 1 0 1287651324 1 2 1 0 1 0
1304428544 1304428544 3451912191 1065353216 2 3 1 1 0 1107296256 -1 2 1 0 -1 0
1304428544 1304428544 3451912192 1065353216 2 3 1 1 0 0 -1 2 1 0 -1 0
1304428544 1304428544 3451912193 1065353216 2 3 1 1 0 0 0 1 1 1 -1 1
1312817152 1312817151 1312817151 1048576000 1 -1 1 1 0 1296039932 1 2 1 0 1 0
1312817152 1312817151 1312817152 1048576000 1 -1 1 1 0 1296039932 1 2 1 0 1 0
1312817152 1312817151 1312817153 1048576000 1 -1 1 1 0 1296039932 1 2 1 0 1 0
1312817152 1312817152 3460300799 1065353216 2 3 1 1 0 1115684864 -1 2 1 0 -1 0
1312817152 1312817152 3460300800 1065353216 2 3 1 1 0 0 -1 2 1 0 -1 0
1312817152 1312817152 3460300801 1065353216 2 3 1 1 0 0 0 1 1 1 -1 1
1319393998 1319393998 3671125524 1073741824 1 9223372036854775807 0 -1 0 1308465424 -42654863 42654862 1 0 -1 0
1319661826 1319661826 1964957424 1073741824 2 -1 0 -1 1 1319661826 17 -1 0 1 1 0
1320127729 1320127729 2821852685 1065353216 2 -1 0 -1 0 1320127729 0 -1 0 0 -1 0
1321205760 1321205759 1321205759 1048576000 1 -1 1 1 0 1304428540 1 2 1 0 1 0
1321205760 1321205759 1321205760 1048576000 1 -1 1 1 0 1304428540 1 2 1 0 1 0
1321205760 1321205759 1321205761 1048576000 1 -1 1 1 0 1304428540 1 2 1 0 1 0
1321205760 1321205760 3468689407 1065353216 2 3 1 1 0 1124073472 -1 2 1 0 -1 0
1321205760 1321205760 3468689408 1065353216 2 3 1 1 0 0 -1 2 1 0 -1 0
1321205760 1321205760 3468689409 1065353216 2 3 1 1 0 0 0 1 1 1 -1 1
1324305052 0 2732944569 1073741824 0 9223372036854775807 1 1 0 0 0 1 1 1 -1 1
1325526875 261720564 183862953 1073741824 0 0 0 -1 0 261751991 0 0 1 0 1 0
1326165618 0 3503291600 0 2 2 1 1 0 0 0 1 1 0 1 0
1329594368 1329594367 1329594367 1048576000 1 -1 1 1 0 1312817148 1 2 1 0 1 0
1329594368 1329594367 1329594368 1048576000 1 -1 1 1 0 1312817148 1 2 1 0 1 0
1329594368 1329594367 1329594369 1048576000 1 -1 1 1 0 1312817148 1 2 1 0 1 0
1329594368 1329594368 3477078015 1065353216 2 3 1 1 0 1132462080 -1 2 1 0 -1 0
1329594368 1329594368 3477078016 1065353216 2 3 1 1 0 0 -1 2 1 0 -1 0
1329594368 1329594368 3477078017 1065353216 2 3 1 1 0 0 0 1 1 1 -1 1
1331338560 1730903832 139516123 1065353216 2 9223372036854775807 0 -1 0 1330533120 0 -1 0 0 1 0
1333525067 1333525066 4101333983 1073741824 2 -1 0 -1 1 1333525066 17 -1 0 1 1 0
1334332396 0 1146812898 1065353216 2 9223372036854775807 1 1 0 1146812898 0 1 1 0 1 0
1337945081 0 2186760410 1051372203 2 9223372036854775807 1 1 0 1346333688 -1 2 1 0 -1 0
1337982976 1337982975 1337982975 1048576000 1 -1 1 1 0 1321205756 1 2 1 0 1 0
1337982976 1337982975 1337982976 1048576000 1 -1 1 1 0 1321205756 1 2 1 0 1 0
1337982976 1337982975 1337982977 1048576000 1 -1 1 1 0 1321205756 1 2 1 0 1 0
1337982976 1337982976 3485466623 1065353216 2 3 1 1 0 1140850688 -1 2 1 0 -1 0
1337982976 1337982976 3485466624 1065353216 2 3 1 1 0 0 -1 2 1 0 -1 0
1337982976 1337982976 3485466625 1065353216 2 3 1 1 0 0 0 1 1 1 -1 1
1346371584 1346371583 1346371583 1048576000 1 -1 1 1 0 1329594364 1 2 1 0 1 0
1346371584 1346371583 1346371584 1048576000 1 -1 1 1 0 1329594364 1 2 1 0 1 0
1346371584 1346371583 1346371585 1048576000 1 -1 1 1 0 1329594364 1 2 1 0 1 0
1346371584 1346371584 3493855231 1065353216 2 3 1 1 0 1149239296 -1 2 1 0 -1 0
1346371584 1346371584 3493855232 1065353216 2 3 1 1 0 0 -1 2 1 0 -1 0
1346371584 1346371584 3493855233 1065353216 2 3 1 1 0 0 0 1 1 1 -1 1
1351186283 1351186283 3168094974 1 2 -1 0 -1 0 1351186283 0 -1 0 0 1 0
1354760192 1354760191 1354760191 1048576000 1 -1 1 1 0 1337982972 1 2 1 0 1 0
1354760192 1354760191 1354760192 1048576000 1 -1 1 1 0 1337982972 1 2 1 0 1 0
1354760192 1354760191 1354760193 1048576000 1 -1 1 1 0 1337982972 1 2 1 0 1 0
1354760192 1354760192 3502243839 1065353216 2 3 1 1 0 1157627904 -1 2 1 0 -1 0
1354760192 1354760192 3502243840 1065353216 2 3 1 1 0 0 -1 2 1 0 -1 0
1354760192 1354760192 3502243841 1065353216 2 3 1 1 0 0 0 1 1 1 -1 1
1363148800 1363148799 1363148799 1048576000 1 -1 1 1 0 1346371580 1 2 1 0 1 0
1363148800 1363148799 1363148800 1048576000 1 -1 1 1 0 1346371580 1 2 1 0 1 0
1363148800 1363148799 1363148801 1048576000 1 -1 1 1 0 1346371580 1 2 1 0 1 0
1363148800 1363148800 3510632447 1065353216 2 3 1 1 0 1166016512 -1 2 1 0 -1 0
1363148800 1363148800 3510632448 1065353216 2 3 1 1 0 0 -1 2 1 0 -1 0
1363148800 1363148800 3510632449 1065353216 2 3 1 1 0 0 0 1 1 1 -1 1
1370256805 2076549006 3176184366 1051372203 0 9223372036854775807 0 -1 0 1370256805 0 0 1 1 -1 1
1371537408 1371537407 1371537407 1048576000 1 -1 1 1 0 1354760188 1 2 1 0 1 0
1371537408 1371537407 1371537408 1048576000 1 -1 1 1 0 1354760188 1 2 1 0 1 0
1371537408 1371537407 1371537409 1048576000 1 -1 1 1 0 1354760188 1 2 1 0 1 0
1371537408 1371537408 3519021055 1065353216 2 3 1 1 0 1174405120 -1 2 1 0 -1 0
1371537408 1371537408 3519021056 1065353216 2 3 1 1 0 0 -1 2 1 0 -1 0
1371537408 1371537408 3519021057 1065353216 2 3 1 1 0 0 0 1 1 1 -1 1
1371634187 0 3250971281 2139095039 0 0 0 -1 1 0 17 -1 0 1 1 0
1374442347 0 3950940776 1073741824 1 2 1 1 0 0 0 1 1 1 -1 1
1379926016 1379926015 1379926015 1048576000 1 -1 1 1 0 1363148796 1 2 1 0 1 0
1379926016 1379926015 1379926016 1048576000 1 -1 1 1 0 1363148796 1 2 1 0 1 0
1379926016 1379926015 1379926017 1048576000 1 -1 1 1 0 1363148796 1 2 1 0 1 0
1379926016 1379926016 3527409663 1065353216 2 3 1 1 0 1182793728 -1 2 1 0 -1 0
1379926016 1379926016 3527409664 1065353216 2 3 1 1 0 0 -1 2 1 0 -1 0
1379926016 1379926016 3527409665 1065353216 2 3 1 1 0 0 0 1 1 1 -1 1
1381079702 1945543907 3349614770 1056964608 1 1 0 -1 1 1945543907 17 -1 0 1 1 0
1385085886 684761699 3524777802 1 0 9223372036854775807 1 1 0 684761699 0 1 1 0 1 0
1385917758 1385917758 3861134121 1073741824 1 2 0 -1 0 0 0 -1 0 1 -1 1
1388314624 1388314623 1388314623 1048576000 1 -1 1 1 0 1371537404 1 2 1 0 1 0
1388314624 1388314623 1388314624 1048576000 1 -1 1 1 0 1371537404 1 2 1 0 1 0
1388314624 1388314623 1388314625 1048576000 1 -1 1 1 0 1371537404 1 2 1 0 1 0
1388314624 1388314624 3535798271 1065353216 2 3 1 1 0 1191182336 -1 2 1 0 -1 0
1388314624 1388314624 3535798272 1065353216 2 3 1 1 0 0 -1 2 1 0 -1 0
1388314624 1388314624 3535798273 1065353216 2 3 1 1 0 0 0 1 1 1 -1 1
1396703232 1396703231 1396703231 1048576000 1 -1 1 1 0 1379926012 1 2 1 0 1 0
1396703232 1396703231 1396703232 1048576000 1 -1 1 1 0 1379926012 1 2 1 0 1 0
1396703232 1396703231 1396703233 1048576000 1 -1 1 1 0 1379926012 1 2 1 0 1 0
1396703232 1396703232 3544186879 1065353216 2 3 1 1 0 1199570944 -1 2 1 0 -1 0
1396703232 1396703232 3544186880 1065353216 2 3 1 1 0 0 -1 2 1 0 -1 0
1396703232 1396703232 3544186881 1065353216 2 3 1 1 0 0 0 1 1 1 -1 1
1398135336 1398135335 3345201748 1065353216 2 -1 1 1 0 1398135334 0 1 1 0 -1 0
1399017333 1282641438 3553221283 1 0 1 1 1 0 1282641438 0 1 1 0 1 0
1399967676 1399967675 2104124940 2139095039 0 2 1 1 1 1399967675 17 1 1 1 1 0
1403100582 1403100582 3038841859 1065353216 2 2 0 -1 0 1403100582 0 -1 0 0 -1 0
1405091840 1405091839 1405091839 1048576000 1 -1 1 1 0 1388314620 1 2 1 0 1 0
1405091840 1405091839 1405091840 1048576000 1 -1 1 1 0 1388314620 1 2 1 0 1 0
1405091840 1405091839 1405091841 1048576000 1 -1 1 1 0 1388314620 1 2 1 0 1 0
1405091840 1405091840 3552575487 1065353216 2 3 1 1 0 1207959552 -1 2 1 0 -1 0
1405091840 1405091840 3552575488 1065353216 2 3 1 1 0 0 -1 2 1 0 -1 0
1405091840 1405091840 3552575489 1065353216 2 3 1 1 0 0 0 1 1 1 -1 1
1406858162 146509171 3414727302 1 1 9223372036854775807 0 -1 0 146508898 0 -1 0 0 -1 0
1406890140 1008647378 4278614328 1073741824 1 1 1 1 1 1008647378 17 1 1 1 1 0
1409836936 1409836936 1869743658 1051372203 2 9223372036854775807 1 1 0 1406677824 10654392052742539 10654392052742540 1 0 1 0
1410049326 1410049325 3027371173 1056964608 2 -1 0 -1 0 1410049325 0 -1 0 0 -1 0
1411140559 0 1374280218 1051372203 0 -1 1 1 0 1360783036 0 1 1 0 1 0
1413480448 1413480447 1413480447 1048576000 1 -1 1 1 0 1396703228 1 2 1 0 1 0
1413480448 1413480447 1413480448 1048576000 1 -1 1 1 0 1396703228 1 2 1 0 1 0
1413480448 1413480447 1413480449 1048576000 1 -1 1 1 0 1396703228 1 2 1 0 1 0
1413480448 1413480448 3560964095 1065353216 2 3 1 1 0 1216348160 -1 2 1 0 -1 0
1413480448 1413480448 3560964096 1065353216 2 3 1 1 0 0 -1 2 1 0 -1 0
1413480448 1413480448 3560964097 1065353216 2 3 1 1 0 0 0 1 1 1 -1 1
1413956049 1413956049 4142174582 0 1 9223372036854775807 1 1 0 1413956049 0 1 1 0 1 0
1416432569 1416432568 1149775194 1056964608 2 2 1 1 0 1416432568 0 1 1 0 1 0
1419925075 0 3795481844 0 2 -1 1 1 0 0 0 1 1 0 1 0
1421869056 1421869055 1421869055 1048576000 1 -1 1 1 0 1405091836 1 2 1 0 1 0
1421869056 1421869055 1421869056 1048576000 1 -1 1 1 0 1405091836 1 2 1 0 1 0
1421869056 1421869055 1421869057 1048576000 1 -1 1 1 0 1405091836 1 2 1 0 1 0
1421869056 1421869056 3569352703 1065353216 2 3 1 1 0 1224736768 -1 2 1 0 -1 0
1421869056 1421869056 3569352704 1065353216 2 3 1 1 0 0 -1 2 1 0 -1 0
1421869056 1421869056 3569352705 1065353216 2 3 1 1 0 0 0 1 1 1 -1 1
1425515666 0 2688462998 1051372203 0 1 0 -1 0 0 0 0 1 1 -1 1
1430257664 1430257663 1430257663 1048576000 1 -1 1 1 0 1413480444 1 2 1 0 1 0
1430257664 1430257663 1430257664 1048576000 1 -1 1 1 0 1413480444 1 2 1 0 1 0
1430257664 1430257663 1430257665 1048576000 1 -1 1 1 0 1413480444 1 2 1 0 1 0
1430257664 1430257664 3577741311 1065353216 2 3 1 1 0 1233125376 -1 2 1 0 -1 0
1430257664 1430257664 3577741312 1065353216 2 3 1 1 0 0 -1 2 1 0 -1 0
1430257664 1430257664 3577741313 1065353216 2 3 1 1 0 0 0 1 1 1 -1 1
1431305975 1431305975 3495049922 1069547520 1 2 1 1 0 0 0 1 1 1 -1 1
1433380383 1433380382 570550998 1 0 0 1 1 0 1433380382 0 1 1 0 1 0
1433598340 1433598340 2921310645 1 1 2 0 -1 0 1433598340 0 -1 0 0 1 0
1437465827 1437465826 3852108725 0 0 0 1 1 0 1437465826 0 1 1 0 1 0
1437968848 1437968848 2262906502 2139095039 2 -1 1 1 0 1437968848 0 1 1 0 -1 0
1438099599 208266328 3433751120 1065353216 1 1 1 1 0 0 0 1 1 1 -1 1
1438646272 1438646271 1438646271 1048576000 1 -1 1 1 0 1421869052 1 2 1 0 1 0
1438646272 1438646271 1438646272 1048576000 1 -1 1 1 0 1421869052 1 2 1 0 1 0
1438646272 1438646271 1438646273 1048576000 1 -1 1 1 0 1421869052 1 2 1 0 1 0
1438646272 1438646272 3586129919 1065353216 2 3 1 1 0 1241513984 -1 2 1 0 -1 0
1438646272 1438646272 3586129920 1065353216 2 3 1 1 0 0 -1 2 1 0 -1 0
1438646272 1438646272 3586129921 1065353216 2 3 1 1 0 0 0 1 1 1 -1 1
1444706848 105924321 2300487554 0 0 0 1 1 0 105924321 0 1 1 0 1 0
1445284615 1775206465 1668909647 1056964608 0 1 1 1 0 1445284615 0 1 1 1 1 1
1447034880 1447034879 1447034879 1048576000 1 -1 1 1 0 1430257660 1 2 1 0 1 0
1447034880 1447034879 1447034880 1048576000 1 -1 1 1 0 1430257660 1 2 1 0 1 0
1447034880 1447034879 1447034881 1048576000 1 -1 1 1 0 1430257660 1 2 1 0 1 0
1447034880 1447034880 3594518527 1065353216 2 3 1 1 0 1249902592 -1 2 1 0 -1 0
1447034880 1447034880 3594518528 1065353216 2 3 1 1 0 0 -1 2 1 0 -1 0
1447034880 1447034880 3594518529 1065353216 2 3 1 1 0 0 0 1 1 1 -1 1
1450937408 1450937407 1111608033 1069547520 2 1 1 1 0 1450937407 0 1 1 0 1 0
1451333097 0 2111246966 0 1 2 0 -1 0 0 0 -1 0 0 1 0
1452986498 1452986498 2896458564 1065353216 0 0 0 -1 0 1452986498 0 0 1 1 -1 1
1453787048 458689961 1815163053 1065353216 2 9223372036854775807 0 -1 0 1461434928 9331149001509 9331149001509 1 0 1 0
1454659101 1454659100 2050043762 1056964608 1 -1 1 1 1 1454659100 17 1 1 1 1 0
1455423488 1455423487 1455423487 1048576000 1 -1 1 1 0 1438646268 1 2 1 0 1 0
1455423488 1455423487 1455423488 1048576000 1 -1 1 1 0 1438646268 1 2 1 0 1 0
1455423488 1455423487 1455423489 1048576000 1 -1 1 1 0 1438646268 1 2 1 0 1 0
1455423488 1455423488 3602907135 1065353216 2 3 1 1 0 1258291200 -1 2 1 0 -1 0
1455423488 1455423488 3602907136 1065353216 2 3 1 1 0 0 -1 2 1 0 -1 0
1455423488 1455423488 3602907137 1065353216 2 3 1 1 0 0 0 1 1 1 -1 1
1456199779 1456199778 1321033956 1056964608 1 9223372036854775807 1 1 0 1312555008 1 2 1 0 1 0
1458646635 1458646634 2681913891 1069547520 1 2 1 1 0 1458646634 0 1 1 0 -1 0
1460141706 1460141705 2846180578 1069547520 2 -1 1 1 0 1460141705 0 1 1 0 -1 0
1463812096 1463812095 1463812095 1048576000 1 -1 1 1 0 1447034876 1 2 1 0 1 0
1463812096 1463812095 1463812096 1048576000 1 -1 1 1 0 1447034876 1 2 1 0 1 0
1463812096 1463812095 1463812097 1048576000 1 -1 1 1 0 1447034876 1 2 1 0 1 0
1463812096 1463812096 3611295743 1065353216 2 3 1 1 0 1266679808 -1 2 1 0 -1 0
1463812096 1463812096 3611295744 1065353216 2 3 1 1 0 0 -1 2 1 0 -1 0
1463812096 1463812096 3611295745 1065353216 2 3 1 1 0 0 0 1 1 1 -1 1
1463823027 0 1752350914 1056964608 2 2 0 -1 0 0 0 -1 0 1 1 1
1465632195 1927457759 363380884 1073741824 1 1 1 1 0 1428911184 0 1 1 0 1 0
1468020974 0 2566701364 1065353216 2 0 0 -1 0 0 0 -1 0 1 -1 1
1472112941 2103298650 1982091347 1073741824 0 -1 1 1 0 1472112941 0 1 1 1 1 1
1472200704 1472200703 1472200703 1048576000 1 -1 1 1 0 1455423484 1 2 1 0 1 0
1472200704 1472200703 1472200704 1048576000 1 -1 1 1 0 1455423484 1 2 1 0 1 0
1472200704 1472200703 1472200705 1048576000 1 -1 1 1 0 1455423484 1 2 1 0 1 0
1472200704 1472200704 3619684351 1065353216 2 3 1 1 0 1275068416 -1 2 1 0 -1 0
1472200704 1472200704 3619684352 1065353216 2 3 1 1 0 0 -1 2 1 0 -1 0
1472200704 1472200704 3619684353 1065353216 2 3 1 1 0 0 0 1 1 1 -1 1
1473480490 1473480490 597123396 1073741824 0 -1 1 1 0 1473480490 0 1 1 1 1 1
1477413308 872506103 2370139581 1051372203 0 9223372036854775807 1 1 0 872506103 0 1 1 0 1 0
1478047215 1478047214 3889706267 1073741824 1 9223372036854775807 0 -1 0 1447808672 -6060960694 6060960693 1 0 -1 0
1480589312 1480589311 1480589311 1048576000 1 -1 1 1 0 1463812092 1 2 1 0 1 0
1480589312 1480589311 1480589312 1048576000 1 -1 1 1 0 1463812092 1 2 1 0 1 0
1480589312 1480589311 1480589313 1048576000 1 -1 1 1 0 1463812092 1 2 1 0 1 0
1480589312 1480589312 3628072959 1065353216 2 3 1 1 0 1283457024 -1 2 1 0 -1 0
1480589312 1480589312 3628072960 1065353216 2 3 1 1 0 0 -1 2 1 0 -1 0
1480589312 1480589312 3628072961 1065353216 2 3 1 1 0 0 0 1 1 1 -1 1
1488904129 1488904129 1853158051 1 0 -1 1 1 0 1488904129 0 1 1 1 1 1
1488977920 1488977919 1488977919 1048576000 1 -1 1 1 0 1472200700 1 2 1 0 1 0
1488977920 1488977919 1488977920 1048576000 1 -1 1 1 0 1472200700 1 2 1 0 1 0
1488977920 1488977919 1488977921 1048576000 1 -1 1 1 0 1472200700 1 2 1 0 1 0
1488977920 1488977920 3636461567 1065353216 2 3 1 1 0 1291845632 -1 2 1 0 -1 0
1488977920 1488977920 3636461568 1065353216 2 3 1 1 0 0 -1 2 1 0 -1 0
1488977920 1488977920 3636461569 1065353216 2 3 1 1 0 0 0 1 1 1 -1 1
1491918291 1491918291 16626775 1051372203 2 1 0 -1 0 1491918291 0 -1 0 0 1 0
1494963526 1494963526 3182036899 1069547520 0 0 0 -1 0 1494963526 0 0 1 1 -1 1
1497366528 1497366527 1497366527 1048576000 1 -1 1 1 0 1480589308 1 2 1 0 1 0
1497366528 1497366527 1497366528 1048576000 1 -1 1 1 0 1480589308 1 2 1 0 1 0
1497366528 1497366527 1497366529 1048576000 1 -1 1 1 0 1480589308 1 2 1 0 1 0
1497366528 1497366528 3644850175 1065353216 2 3 1 1 0 1300234240 -1 2 1 0 -1 0
1497366528 1497366528 3644850176 1065353216 2 3 1 1 0 0 -1 2 1 0 -1 0
1497366528 1497366528 3644850177 1065353216 2 3 1 1 0 0 0 1 1 1 -1 1
1499402927 0 3857457333 1051372203 1 1 1 1 0 0 0 1 1 1 -1 1
1502103706 553002454 1643105999 2139095039 2 0 1 1 1 553002454 17 1 1 1 1 0
1505751715 1505751714 2373011576 1056964608 0 2 1 1 0 1505751714 0 1 1 0 1 0
1505755136 1505755135 1505755135 1048576000 1 -1 1 1 0 1488977916 1 2 1 0 1 0
1505755136 1505755135 1505755136 1048576000 1 -1 1 1 0 1488977916 1 2 1 0 1 0
1505755136 1505755135 1505755137 1048576000 1 -1 1 1 0 1488977916 1 2 1 0 1 0
1505755136 1505755136 3653238783 1065353216 2 3 1 1 0 1308622848 -1 2 1 0 -1 0
1505755136 1505755136 3653238784 1065353216 2 3 1 1 0 0 -1 2 1 0 -1 0
1505755136 1505755136 3653238785 1065353216 2 3 1 1 0 0 0 1 1 1 -1 1
1508819011 1797615750 3489705489 1 1 1 0 -1 0 1491109472 0 -1 0 0 -1 0
1509185096 1509185096 1166156928 1 1 0 1 1 0 0 0 1 1 0 1 0
1510497908 1510497907 3367909089 1 2 1 0 -1 0 1510497907 0 -1 0 0 -1 0
1513735604 1513735604 517752458 1056964608 0 1 1 1 0 1513735604 0 1 1 1 1 1
1514143744 1514143743 1514143743 1048576000 1 -1 1 1 0 1497366524 1 2 1 0 1 0
1514143744 1514143743 1514143744 1048576000 1 -1 1 1 0 1497366524 1 2 1 0 1 0
1514143744 1514143743 1514143745 1048576000 1 -1 1 1 0 1497366524 1 2 1 0 1 0
1514143744 1514143744 3661627391 1065353216 2 3 1 1 0 1317011456 -1 2 1 0 -1 0
1514143744 1514143744 3661627392 1065353216 2 3 1 1 0 0 -1 2 1 0 -1 0
1514143744 1514143744 3661627393 1065353216 2 3 1 1 0 0 0 1 1 1 -1 1
1519789727 1791272774 3107020804 1073741824 0 1 1 1 0 1519789727 0 1 1 1 -1 1
1522532352 1522532351 1522532351 1048576000 1 -1 1 1 0 1505755132 1 2 1 0 1 0
1522532352 1522532351 1522532352 1048576000 1 -1 1 1 0 1505755132 1 2 1 0 1 0
1522532352 1522532351 1522532353 1048576000 1 -1 1 1 0 1505755132 1 2 1 0 1 0
1522532352 1522532352 3670015999 1065353216 2 3 1 1 0 1325400064 -1 2 1 0 -1 0
1522532352 1522532352 3670016000 1065353216 2 3 1 1 0 0 -1 2 1 0 -1 0
1522532352 1522532352 3670016001 1065353216 2 3 1 1 0 0 0 1 1 1 -1 1
1525464307 1525464306 3198138622 1 1 9223372036854775807 0 -1 0 1525464306 0 -1 0 0 1 0
1530179944 1263158279 3208846816 1 2 0 1 1 0 1263158279 0 1 1 0 -1 0
1530920960 1530920959 1530920959 1048576000 1 -1 1 1 0 1514143740 1 2 1 0 1 0
1530920960 1530920959 1530920960 1048576000 1 -1 1 1 0 1514143740 1 2 1 0 1 0
1530920960 1530920959 1530920961 1048576000 1 -1 1 1 0 1514143740 1 2 1 0 1 0
1530920960 1530920960 3678404607 1065353216 2 3 1 1 0 1333788672 -1 2 1 0 -1 0
1530920960 1530920960 3678404608 1065353216 2 3 1 1 0 0 -1 2 1 0 -1 0
1530920960 1530920960 3678404609 1065353216 2 3 1 1 0 0 0 1 1 1 -1 1
1539309568 1539309567 1539309567 1048576000 1 -1 1 1 0 1522532348 1 2 1 0 1 0
1539309568 1539309567 1539309568 1048576000 1 -1 1 1 0 1522532348 1 2 1 0 1 0
1539309568 1539309567 1539309569 1048576000 1 -1 1 1 0 1522532348 1 2 1 0 1 0
1539309568 1539309568 3686793215 1065353216 2 3 1 1 0 1342177280 -1 2 1 0 -1 0
1539309568 1539309568 3686793216 1065353216 2 3 1 1 0 0 -1 2 1 0 -1 0
1539309568 1539309568 3686793217 1065353216 2 3 1 1 0 0 0 1 1 1 -1 1
1542512353 0 2511290742 1069547520 1 0 0 -1 0 0 0 -1 0 1 -1 1
1547698176 1547698175 1547698175 1048576000 1 -1 1 1 0 1530920956 1 2 1 0 1 0
1547698176 1547698175 1547698176 1048576000 1 -1 1 1 0 1530920956 1 2 1 0 1 0
1547698176 1547698175 1547698177 1048576000 1 -1 1 1 0 1530920956 1 2 1 0 1 0
1547698176 1547698176 3695181823 1065353216 2 3 1 1 0 1350565888 -1 2 1 0 -1 0
1547698176 1547698176 3695181824 1065353216 2 3 1 1 0 0 -1 2 1 0 -1 0
1547698176 1547698176 3695181825 1065353216 2 3 1 1 0 0 0 1 1 1 -1 1
1547858238 0 3277548836 1073741824 2 1 1 1 0 0 0 1 1 1 -1 1
1548773846 1548773846 1790577623 1065353216 1 -1 0 -1 0 1543527434 479253296 479253296 1 0 1 0
1553671744 1158809727 450005332 1 2 2 0 -1 0 1158809727 0 -1 0 0 1 0
1556086784 1556086783 1556086783 1048576000 1 -1 1 1 0 1539309564 1 2 1 0 1 0
1556086784 1556086783 1556086784 1048576000 1 -1 1 1 0 1539309564 1 2 1 0 1 0
1556086784 1556086783 1556086785 1048576000 1 -1 1 1 0 1539309564 1 2 1 0 1 0
1556086784 1556086784 3703570431 1065353216 2 3 1 1 0 1358954496 -1 2 1 0 -1 0
1556086784 1556086784 3703570432 1065353216 2 3 1 1 0 0 -1 2 1 0 -1 0
1556086784 1556086784 3703570433 1065353216 2 3 1 1 0 0 0 1 1 1 -1 1
1558485816 1558485815 2494143360 1065353216 1 9223372036854775807 1 1 0 1558485815 0 1 1 0 -1 0
1560055700 1560055699 140456436 1069547520 0 -1 1 1 0 1560055699 0 1 1 0 1 0
1561124370 1561124369 249841537 1 2 -1 1 1 0 1561124369 0 1 1 0 1 0
1564475392 1564475391 1564475391 1048576000 1 -1 1 1 0 1547698172 1 2 1 0 1 0
1564475392 1564475391 1564475392 1048576000 1 -1 1 1 0 1547698172 1 2 1 0 1 0
1564475392 1564475391 1564475393 1048576000 1 -1 1 1 0 1547698172 1 2 1 0 1 0
1564475392 1564475392 3711959039 1065353216 2 3 1 1 0 1367343104 -1 2 1 0 -1 0
1564475392 1564475392 3711959040 1065353216 2 3 1 1 0 0 -1 2 1 0 -1 0
1564475392 1564475392 3711959041 1065353216 2 3 1 1 0 0 0 1 1 1 -1 1
1567199599 2028934462 3632366627 1073741824 1 1 0 -1 0 1562080230 0 -1 0 0 -1 0
1571997568 0 1910709720 1051372203 0 0 0 -1 0 1571997568 0 0 1 1 1 1
1572714845 1888430449 3459991400 1073741824 2 1 0 -1 0 1562180432 0 -1 0 0 -1 0
1572864000 1572863999 1572863999 1048576000 1 -1 1 1 0 1556086780 1 2 1 0 1 0
1572864000 1572863999 1572864000 1048576000 1 -1 1 1 0 1556086780 1 2 1 0 1 0
1572864000 1572863999 1572864001 1048576000 1 -1 1 1 0 1556086780 1 2 1 0 1 0
1572864000 1572864000 3720347647 1065353216 2 3 1 1 0 1375731712 -1 2 1 0 -1 0
1572864000 1572864000 3720347648 1065353216 2 3 1 1 0 0 -1 2 1 0 -1 0
1572864000 1572864000 3720347649 1065353216 2 3 1 1 0 0 0 1 1 1 -1 1
1574756689 1660577079 2348321000 1056964608 1 1 1 1 0 1572332792 0 1 1 0 -1 0
1576684461 1576684461 2762195948 0 1 9223372036854775807 1 1 0 1576684461 0 1 1 0 1 0
1581252608 1581252607 1581252607 1048576000 1 -1 1 1 0 1564475388 1 2 1 0 1 0
1581252608 1581252607 1581252608 1048576000 1 -1 1 1 0 1564475388 1 2 1 0 1 0
1581252608 1581252607 1581252609 1048576000 1 -1 1 1 0 1564475388 1 2 1 0 1 0
1581252608 1581252608 3728736255 1065353216 2 3 1 1 0 1384120320 -1 2 1 0 -1 0
1581252608 1581252608 3728736256 1065353216 2 3 1 1 0 0 -1 2 1 0 -1 0
1581252608 1581252608 3728736257 1065353216 2 3 1 1 0 0 0 1 1 1 -1 1
1583248644 1583248644 1261845897 1051372203 2 9223372036854775807 0 -1 0 1583248644 0 -1 0 0 1 0
1588565666 0 2014752634 2139095039 1 -1 1 1 1 0 17 1 1 1 1 0
1589641216 1589641215 1589641215 1048576000 1 -1 1 1 0 1572863996 1 2 1 0 1 0
1589641216 1589641215 1589641216 1048576000 1 -1 1 1 0 1572863996 1 2 1 0 1 0
1589641216 1589641215 1589641217 1048576000 1 -1 1 1 0 1572863996 1 2 1 0 1 0
1589641216 1589641216 3737124863 1065353216 2 3 1 1 0 1392508928 -1 2 1 0 -1 0
1589641216 1589641216 3737124864 1065353216 2 3 1 1 0 0 -1 2 1 0 -1 0
1589641216 1589641216 3737124865 1065353216 2 3 1 1 0 0 0 1 1 1 -1 1
1590365878 0 3792432955 1056964608 2 -1 0 -1 0 1588971326 -45 44 1 0 -1 0
1596605922 1596605921 2542296077 1056964608 2 1 1 1 0 1596605921 0 1 1 0 -1 0
1598029824 1598029823 1598029823 1048576000 1 -1 1 1 0 1581252604 1 2 1 0 1 0
1598029824 1598029823 1598029824 1048576000 1 -1 1 1 0 1581252604 1 2 1 0 1 0
1598029824 1598029823 1598029825 1048576000 1 -1 1 1 0 1581252604 1 2 1 0 1 0
1598029824 1598029824 3745513471 1065353216 2 3 1 1 0 1400897536 -1 2 1 0 -1 0
1598029824 1598029824 3745513472 1065353216 2 3 1 1 0 0 -1 2 1 0 -1 0
1598029824 1598029824 3745513473 1065353216 2 3 1 1 0 0 0 1 1 1 -1 1
1599223635 0 4019783997 1073741824 2 0 0 -1 0 0 0 -1 0 1 -1 1
1600053160 1600053159 4147800108 1056964608 0 2 1 1 0 0 0 1 1 1 -1 1
1600398408 1600398408 1527726720 1051372203 0 -1 0 -1 0 1600398408 0 0 1 1 1 1
1606418432 1606418431 1606418431 1048576000 1 -1 1 1 0 1589641212 1 2 1 0 1 0
1606418432 1606418431 1606418432 1048576000 1 -1 1 1 0 1589641212 1 2 1 0 1 0
1606418432 1606418431 1606418433 1048576000 1 -1 1 1 0 1589641212 1 2 1 0 1 0
1606418432 1606418432 3753902079 1065353216 2 3 1 1 0 1409286144 -1 2 1 0 -1 0
1606418432 1606418432 3753902080 1065353216 2 3 1 1 0 0 -1 2 1 0 -1 0
1606418432 1606418432 3753902081 1065353216 2 3 1 1 0 0 0 1 1 1 -1 1
1612202549 1612202549 3099620265 1056964608 2 0 0 -1 0 1612202549 0 -1 0 0 -1 0
1614807040 1614807039 1614807039 1048576000 1 -1 1 1 0 1598029820 1 2 1 0 1 0
1614807040 1614807039 1614807040 1048576000 1 -1 1 1 0 1598029820 1 2 1 0 1 0
1614807040 1614807039 1614807041 1048576000 1 -1 1 1 0 1598029820 1 2 1 0 1 0
1614807040 1614807040 3762290687 1065353216 2 3 1 1 0 1417674752 -1 2 1 0 -1 0
1614807040 1614807040 3762290688 1065353216 2 3 1 1 0 0 -1 2 1 0 -1 0
1614807040 1614807040 3762290689 1065353216 2 3 1 1 0 0 0 1 1 1 -1 1
1617523164 1617523164 3638692938 1069547520 0 2 1 1 0 1617522486 0 1 1 0 1 0
1621907368 1501777290 5682539 1051372203 2 2 1 1 0 1501777290 0 1 1 0 1 0
1622855906 0 3972964676 2139095039 2 1 0 -1 1 0 17 -1 0 1 1 0
1623195648 1623195647 1623195647 1048576000 1 -1 1 1 0 1606418428 1 2 1 0 1 0
1623195648 1623195647 1623195648 1048576000 1 -1 1 1 0 1606418428 1 2 1 0 1 0
1623195648 1623195647 1623195649 1048576000 1 -1 1 1 0 1606418428 1 2 1 0 1 0
1623195648 1623195648 3770679295 1065353216 2 3 1 1 0 1426063360 -1 2 1 0 -1 0
1623195648 1623195648 3770679296 1065353216 2 3 1 1 0 0 -1 2 1 0 -1 0
1623195648 1623195648 3770679297 1065353216 2 3 1 1 0 0 0 1 1 1 -1 1
1631584256 1631584255 1631584255 1048576000 1 -1 1 1 0 1614807036 1 2 1 0 1 0
1631584256 1631584255 1631584256 1048576000 1 -1 1 1 0 1614807036 1 2 1 0 1 0
1631584256 1631584255 1631584257 1048576000 1 -1 1 1 0 1614807036 1 2 1 0 1 0
1631584256 1631584256 3779067903 1065353216 2 3 1 1 0 1434451968 -1 2 1 0 -1 0
1631584256 1631584256 3779067904 1065353216 2 3 1 1 0 0 -1 2 1 0 -1 0
1631584256 1631584256 3779067905 1065353216 2 3 1 1 0 0 0 1 1 1 -1 1
1633252719 0 4079964441 1065353216 1 1 0 -1 0 0 0 -1 0 1 -1 1
1639241155 1639241155 4074451288 2139095039 0 9223372036854775807 0 -1 1 1639241155 17 -1 0 1 1 0
1639972864 1639972863 1639972863 1048576000 1 -1 1 1 0 1623195644 1 2 1 0 1 0
1639972864 1639972863 1639972864 1048576000 1 -1 1 1 0 1623195644 1 2 1 0 1 0
1639972864 1639972863 1639972865 1048576000 1 -1 1 1 0 1623195644 1 2 1 0 1 0
1639972864 1639972864 3787456511 1065353216 2 3 1 1 0 1442840576 -1 2 1 0 -1 0
1639972864 1639972864 3787456512 1065353216 2 3 1 1 0 0 -1 2 1 0 -1 0
1639972864 1639972864 3787456513 1065353216 2 3 1 1 0 0 0 1 1 1 -1 1
1641099497 1641099497 1206488232 1073741824 2 9223372036854775807 0 -1 0 1641099497 0 -1 0 0 1 0
1641213341 1641213341 395685037 1073741824 2 1 0 -1 0 1641213341 0 -1 0 0 1 0
1642147159 1642147158 4177368869 1 2 9223372036854775807 1 1 0 1642147158 0 1 1 0 -1 0
1648361472 1648361471 1648361471 1048576000 1 -1 1 1 0 1631584252 1 2 1 0 1 0
1648361472 1648361471 1648361472 1048576000 1 -1 1 1 0 1631584252 1 2 1 0 1 0
1648361472 1648361471 1648361473 1048576000 1 -1 1 1 0 1631584252 1 2 1 0 1 0
1648361472 1648361472 3795845119 1065353216 2 3 1 1 0 1451229184 -1 2 1 0 -1 0
1648361472 1648361472 3795845120 1065353216 2 3 1 1 0 0 -1 2 1 0 -1 0
1648361472 1648361472 3795845121 1065353216 2 3 1 1 0 0 0 1 1 1 -1 1
1651768333 1651768332 2731811578 1056964608 0 2 0 -1 0 1651768332 0 0 1 0 1 0
1653040509 1638301656 3904086997 1073741824 0 0 1 1 0 0 0 1 1 1 -1 1
1655288819 1372185485 3606673109 2139095039 2 9223372036854775807 1 1 1 1372185485 17 1 1 1 1 0
1656750080 1656750079 1656750079 1048576000 1 -1 1 1 0 1639972860 1 2 1 0 1 0
1656750080 1656750079 1656750080 1048576000 1 -1 1 1 0 1639972860 1 2 1 0 1 0
1656750080 1656750079 1656750081 1048576000 1 -1 1 1 0 1639972860 1 2 1 0 1 0
1656750080 1656750080 3804233727 1065353216 2 3 1 1 0 1459617792 -1 2 1 0 -1 0
1656750080 1656750080 3804233728 1065353216 2 3 1 1 0 0 -1 2 1 0 -1 0
1656750080 1656750080 3804233729 1065353216 2 3 1 1 0 0 0 1 1 1 -1 1
1665138688 1665138687 1665138687 1048576000 1 -1 1 1 0 1648361468 1 2 1 0 1 0
1665138688 1665138687 1665138688 1048576000 1 -1 1 1 0 1648361468 1 2 1 0 1 0
1665138688 1665138687 1665138689 1048576000 1 -1 1 1 0 1648361468 1 2 1 0 1 0
1665138688 1665138688 3812622335 1065353216 2 3 1 1 0 1468006400 -1 2 1 0 -1 0
1665138688 1665138688 3812622336 1065353216 2 3 1 1 0 0 -1 2 1 0 -1 0
1665138688 1665138688 3812622337 1065353216 2 3 1 1 0 0 0 1 1 1 -1 1
1668508745 1668508744 617973443 1 1 0 1 1 0 1668508744 0 1 1 0 1 0
1669902061 705051578 3511120382 1056964608 2 0 0 -1 0 0 0 -1 0 1 -1 1
1671652244 325975995 1068165198 1051372203 2 9223372036854775807 0 -1 0 1055121512 0 -1 0 0 1 0
1673527296 1673527295 1673527295 1048576000 1 -1 1 1 0 1656750076 1 2 1 0 1 0
1673527296 1673527295 1673527296 1048576000 1 -1 1 1 0 1656750076 1 2 1 0 1 0
1673527296 1673527295 1673527297 1048576000 1 -1 1 1 0 1656750076 1 2 1 0 1 0
1673527296 1673527296 3821010943 1065353216 2 3 1 1 0 1476395008 -1 2 1 0 -1 0
1673527296 1673527296 3821010944 1065353216 2 3 1 1 0 0 -1 2 1 0 -1 0
1673527296 1673527296 3821010945 1065353216 2 3 1 1 0 0 0 1 1 1 -1 1
1674863281 168838827 749805987 1073741824 0 0 1 1 0 758194595 0 1 1 0 1 0
1676691834 1507145881 694613024 1051372203 1 1 0 -1 0 1507145881 0 -1 0 0 1 0
1681212664 0 1530785289 0 2 9223372036854775807 0 -1 0 0 0 -1 0 0 1 0
1681423123 1681423123 4022012381 1056964608 1 9223372036854775807 0 -1 0 1666469856 -4252457 4252456 1 0 -1 0
1681915904 1681915903 1681915903 1048576000 1 -1 1 1 0 1665138684 1 2 1 0 1 0
1681915904 1681915903 1681915904 1048576000 1 -1 1 1 0 1665138684 1 2 1 0 1 0
1681915904 1681915903 1681915905 1048576000 1 -1 1 1 0 1665138684 1 2 1 0 1 0
1681915904 1681915904 3829399551 1065353216 2 3 1 1 0 1484783616 -1 2 1 0 -1 0
1681915904 1681915904 3829399552 1065353216 2 3 1 1 0 0 -1 2 1 0 -1 0
1681915904 1681915904 3829399553 1065353216 2 3 1 1 0 0 0 1 1 1 -1 1
1683199452 1683199451 561432285 1 2 9223372036854775807 1 1 0 1683199451 0 1 1 0 1 0
1684083183 0 1065559557 0 1 -1 1 1 0 0 0 1 1 0 1 0
1684656767 0 107600522 1065353216 0 2 1 1 0 107600522 0 1 1 0 1 0
1686468040 1686468039 686689339 1 1 9223372036854775807 0 -1 0 1686468039 0 -1 0 0 1 0
1688113171 396939930 3588037310 1065353216 1 9223372036854775807 0 -1 0 1688113170 -1 0 1 0 -1 0
1689900717 1689900717 1956557386 1051372203 2 0 1 1 0 0 0 1 1 1 1 1
1690304512 1690304511 1690304511 1048576000 1 -1 1 1 0 1673527292 1 2 1 0 1 0
1690304512 1690304511 1690304512 1048576000 1 -1 1 1 0 1673527292 1 2 1 0 1 0
1690304512 1690304511 1690304513 1048576000 1 -1 1 1 0 1673527292 1 2 1 0 1 0
1690304512 1690304512 3837788159 1065353216 2 3 1 1 0 1493172224 -1 2 1 0 -1 0
1690304512 1690304512 3837788160 1065353216 2 3 1 1 0 0 -1 2 1 0 -1 0
1690304512 1690304512 3837788161 1065353216 2 3 1 1 0 0 0 1 1 1 -1 1
1690942594 1060544449 1514453206 1065353216 0 0 1 1 0 1514453206 0 1 1 0 1 0
1691999039 1691999039 1246603850 2139095039 2 1 0 -1 1 1691999039 17 -1 0 1 1 0
1694605817 0 942539023 1051372203 2 2 0 -1 0 929562986 0 -1 0 0 1 0
1695579715 1695579715 1554198584 1 0 1 0 -1 0 1695579715 0 0 1 1 1 1
1698693120 1698693119 1698693119 1048576000 1 -1 1 1 0 1681915900 1 2 1 0 1 0
1698693120 1698693119 1698693120 1048576000 1 -1 1 1 0 1681915900 1 2 1 0 1 0
1698693120 1698693119 1698693121 1048576000 1 -1 1 1 0 1681915900 1 2 1 0 1 0
1698693120 1698693120 3846176767 1065353216 2 3 1 1 0 1501560832 -1 2 1 0 -1 0
1698693120 1698693120 3846176768 1065353216 2 3 1 1 0 0 -1 2 1 0 -1 0
1698693120 1698693120 3846176769 1065353216 2 3 1 1 0 0 0 1 1 1 -1 1
1701365399 1701365398 3033989533 1065353216 0 0 1 1 0 1701365398 0 1 1 0 1 0
1707081728 1707081727 1707081727 1048576000 1 -1 1 1 0 1690304508 1 2 1 0 1 0
1707081728 1707081727 1707081728 1048576000 1 -1 1 1 0 1690304508 1 2 1 0 1 0
1707081728 1707081727 1707081729 1048576000 1 -1 1 1 0 1690304508 1 2 1 0 1 0
1707081728 1707081728 3854565375 1065353216 2 3 1 1 0 1509949440 -1 2 1 0 -1 0
1707081728 1707081728 3854565376 1065353216 2 3 1 1 0 0 -1 2 1 0 -1 0
1707081728 1707081728 3854565377 1065353216 2 3 1 1 0 0 0 1 1 1 -1 1
1708316468 1708316468 512537494 0 1 0 0 -1 0 1708316468 0 -1 0 0 1 0
1708708562 0 3906942382 1069547520 0 2 1 1 0 0 0 1 1 1 -1 1
1715470336 1715470335 1715470335 1048576000 1 -1 1 1 0 1698693116 1 2 1 0 1 0
1715470336 1715470335 1715470336 1048576000 1 -1 1 1 0 1698693116 1 2 1 0 1 0
1715470336 1715470335 1715470337 1048576000 1 -1 1 1 0 1698693116 1 2 1 0 1 0
1715470336 1715470336 3862953983 1065353216 2 3 1 1 0 1518338048 -1 2 1 0 -1 0
1715470336 1715470336 3862953984 1065353216 2 3 1 1 0 0 -1 2 1 0 -1 0
1715470336 1715470336 3862953985 1065353216 2 3 1 1 0 0 0 1 1 1 -1 1
1723853375 500796147 166458170 1 2 1 0 -1 0 500796147 0 -1 0 0 1 0
1723858944 1723858943 1723858943 1048576000 1 -1 1 1 0 1707081724 1 2 1 0 1 0
1723858944 1723858943 1723858944 1048576000 1 -1 1 1 0 1707081724 1 2 1 0 1 0
1723858944 1723858943 1723858945 1048576000 1 -1 1 1 0 1707081724 1 2 1 0 1 0
1723858944 1723858944 3871342591 1065353216 2 3 1 1 0 1526726656 -1 2 1 0 -1 0
1723858944 1723858944 3871342592 1065353216 2 3 1 1 0 0 -1 2 1 0 -1 0
1723858944 1723858944 3871342593 1065353216 2 3 1 1 0 0 0 1 1 1 -1 1
1724305814 0 1894758425 1056964608 1 1 0 -1 0 1724305814 0 -1 0 1 1 1
1725138544 1725138544 1222700657 1065353216 0 1 1 1 0 1725138544 0 1 1 1 1 1
1730925402 1985930421 3237273213 1056964608 0 2 1 1 0 1730925402 0 1 1 1 -1 1
1732247552 1732247551 1732247551 1048576000 1 -1 1 1 0 1715470332 1 2 1 0 1 0
1732247552 1732247551 1732247552 1048576000 1 -1 1 1 0 1715470332 1 2 1 0 1 0
1732247552 1732247551 1732247553 1048576000 1 -1 1 1 0 1715470332 1 2 1 0 1 0
1732247552 1732247552 3879731199 1065353216 2 3 1 1 0 1535115264 -1 2 1 0 -1 0
1732247552 1732247552 3879731200 1065353216 2 3 1 1 0 0 -1 2 1 0 -1 0
1732247552 1732247552 3879731201 1065353216 2 3 1 1 0 0 0 1 1 1 -1 1
1735162068 0 1881624635 1069547520 1 9223372036854775807 0 -1 0 1701062144 278216 278216 1 0 1 0
1738355163 0 1573665930 2139095039 1 9223372036854775807 1 1 1 0 17 1 1 1 1 0
1739223243 1491283560 2506382457 1073741824 2 0 0 -1 0 1491283560 0 -1 0 0 -1 0
1740636160 1740636159 1740636159 1048576000 1 -1 1 1 0 1723858940 1 2 1 0 1 0
1740636160 1740636159 1740636160 1048576000 1 -1 1 1 0 1723858940 1 2 1 0 1 0
1740636160 1740636159 1740636161 1048576000 1 -1 1 1 0 1723858940 1 2 1 0 1 0
1740636160 1740636160 3888119807 1065353216 2 3 1 1 0 1543503872 -1 2 1 0 -1 0
1740636160 1740636160 3888119808 1065353216 2 3 1 1 0 0 -1 2 1 0 -1 0
1740636160 1740636160 3888119809 1065353216 2 3 1 1 0 0 0 1 1 1 -1 1
1745416169 0 3816004140 1073741824 2 1 0 -1 0 1745384988 -1 0 1 0 -1 0
1749024768 1749024767 1749024767 1048576000 1 -1 1 1 0 1732247548 1 2 1 0 1 0
1749024768 1749024767 1749024768 1048576000 1 -1 1 1 0 1732247548 1 2 1 0 1 0
1749024768 1749024767 1749024769 1048576000 1 -1 1 1 0 1732247548 1 2 1 0 1 0
1749024768 1749024768 3896508415 1065353216 2 3 1 1 0 1551892480 -1 2 1 0 -1 0
1749024768 1749024768 3896508416 1065353216 2 3 1 1 0 0 -1 2 1 0 -1 0
1749024768 1749024768 3896508417 1065353216 2 3 1 1 0 0 0 1 1 1 -1 1
1749279122 1749279121 319526582 1065353216 1 -1 1 1 0 1749279121 0 1 1 0 1 0
1749783066 0 3167845312 1073741824 0 1 0 -1 0 0 0 0 1 1 -1 1
1750137914 0 3139660814 0 2 -1 1 1 0 0 0 1 1 0 1 0
1751208649 1751208648 2220725532 1065353216 1 -1 1 1 0 1751208648 0 1 1 0 -1 0
1755548101 1755548101 4194997795 1056964608 0 2 0 -1 0 0 0 0 1 1 -1 1
1757413376 1757413375 1757413375 1048576000 1 -1 1 1 0 1740636156 1 2 1 0 1 0
1757413376 1757413375 1757413376 1048576000 1 -1 1 1 0 1740636156 1 2 1 0 1 0
1757413376 1757413375 1757413377 1048576000 1 -1 1 1 0 1740636156 1 2 1 0 1 0
1757413376 1757413376 3904897023 1065353216 2 3 1 1 0 1560281088 -1 2 1 0 -1 0
1757413376 1757413376 3904897024 1065353216 2 3 1 1 0 0 -1 2 1 0 -1 0
1757413376 1757413376 3904897025 1065353216 2 3 1 1 0 0 0 1 1 1 -1 1
1760828575 689409594 3122136696 0 2 -1 0 -1 0 689409594 0 -1 0 0 1 0
1763935568 1444602438 386250949 1065353216 2 -1 1 1 0 1444602438 0 1 1 0 1 0
1765801984 1765801983 1765801983 1048576000 1 -1 1 1 0 1749024764 1 2 1 0 1 0
1765801984 1765801983 1765801984 1048576000 1 -1 1 1 0 1749024764 1 2 1 0 1 0
1765801984 1765801983 1765801985 1048576000 1 -1 1 1 0 1749024764 1 2 1 0 1 0
1765801984 1765801984 3913285631 1065353216 2 3 1 1 0 1568669696 -1 2 1 0 -1 0
1765801984 1765801984 3913285632 1065353216 2 3 1 1 0 0 -1 2 1 0 -1 0
1765801984 1765801984 3913285633 1065353216 2 3 1 1 0 0 0 1 1 1 -1 1
1773806202 1773806202 565484690 1073741824 2 9223372036854775807 1 1 0 1773806202 0 1 1 0 1 0
1774190592 1774190591 1774190591 1048576000 1 -1 1 1 0 1757413372 1 2 1 0 1 0
1774190592 1774190591 1774190592 1048576000 1 -1 1 1 0 1757413372 1 2 1 0 1 0
1774190592 1774190591 1774190593 1048576000 1 -1 1 1 0 1757413372 1 2 1 0 1 0
1774190592 1774190592 3921674239 1065353216 2 3 1 1 0 1577058304 -1 2 1 0 -1 0
1774190592 1774190592 3921674240 1065353216 2 3 1 1 0 0 -1 2 1 0 -1 0
1774190592 1774190592 3921674241 1065353216 2 3 1 1 0 0 0 1 1 1 -1 1
1776578074 501309542 3301226765 1051372203 1 9223372036854775807 1 1 0 1776578073 -1 2 1 0 -1 0
1777415121 1777415120 3339206009 1069547520 2 1 1 1 0 1777415120 0 1 1 0 -1 0
1778736905 1778736904 1632334557 1 2 -1 0 -1 0 1778736904 0 -1 0 0 1 0
1782579200 1782579199 1782579199 1048576000 1 -1 1 1 0 1765801980 1 2 1 0 1 0
1782579200 1782579199 1782579200 1048576000 1 -1 1 1 0 1765801980 1 2 1 0 1 0
1782579200 1782579199 1782579201 1048576000 1 -1 1 1 0 1765801980 1 2 1 0 1 0
1782579200 1782579200 3930062847 1065353216 2 3 1 1 0 1585446912 -1 2 1 0 -1 0
1782579200 1782579200 3930062848 1065353216 2 3 1 1 0 0 -1 2 1 0 -1 0
1782579200 1782579200 3930062849 1065353216 2 3 1 1 0 0 0 1 1 1 -1 1
1783434163 1783434162 3285524667 1069547520 2 0 1 1 0 1783434162 0 1 1 0 -1 0
1785919698 1785919698 900732168 1 2 2 0 -1 0 1785919698 0 -1 0 0 1 0
1788542104 0 497249568 1073741824 2 0 1 1 0 505638176 0 1 1 0 1 0
1790967808 1790967807 1790967807 1048576000 1 -1 1 1 0 1774190588 1 2 1 0 1 0
1790967808 1790967807 1790967808 1048576000 1 -1 1 1 0 1774190588 1 2 1 0 1 0
1790967808 1790967807 1790967809 1048576000 1 -1 1 1 0 1774190588 1 2 1 0 1 0
1790967808 1790967808 3938451455 1065353216 2 3 1 1 0 1593835520 -1 2 1 0 -1 0
1790967808 1790967808 3938451456 1065353216 2 3 1 1 0 0 -1 2 1 0 -1 0
1790967808 1790967808 3938451457 1065353216 2 3 1 1 0 0 0 1 1 1 -1 1
1796162276 1796162276 3613543749 0 0 -1 1 1 0 1796162276 0 1 1 0 1 0
1799356416 1799356415 1799356415 1048576000 1 -1 1 1 0 1782579196 1 2 1 0 1 0
1799356416 1799356415 1799356416 1048576000 1 -1 1 1 0 1782579196 1 2 1 0 1 0
1799356416 1799356415 1799356417 1048576000 1 -1 1 1 0 1782579196 1 2 1 0 1 0
1799356416 1799356416 3946840063 1065353216 2 3 1 1 0 1602224128 -1 2 1 0 -1 0
1799356416 1799356416 3946840064 1065353216 2 3 1 1 0 0 -1 2 1 0 -1 0
1799356416 1799356416 3946840065 1065353216 2 3 1 1 0 0 0 1 1 1 -1 1
1799507090 138029164 1037303754 0 0 1 0 -1 0 138029164 0 -1 0 0 1 0
1802326039 434312837 3663741922 1056964608 2 -1 0 -1 0 1802326038 -1 0 1 0 -1 0
1802860261 1802860261 2448751495 0 1 1 0 -1 0 1802860261 0 -1 0 0 1 0
1803092469 740628657 4072614934 1 2 0 1 1 0 740579717 0 1 1 0 -1 0
1803994077 1803994076 3793038534 2139095039 0 2 0 -1 1 1803994076 17 -1 0 1 1 0
1804726219 696725866 2502708728 1051372203 0 0 0 -1 0 696725866 0 0 1 0 1 0
1807745024 1807745023 1807745023 1048576000 1 -1 1 1 0 1790967804 1 2 1 0 1 0
1807745024 1807745023 1807745024 1048576000 1 -1 1 1 0 1790967804 1 2 1 0 1 0
1807745024 1807745023 1807745025 1048576000 1 -1 1 1 0 1790967804 1 2 1 0 1 0
1807745024 1807745024 3955228671 1065353216 2 3 1 1 0 1610612736 -1 2 1 0 -1 0
1807745024 1807745024 3955228672 1065353216 2 3 1 1 0 0 -1 2 1 0 -1 0
1807745024 1807745024 3955228673 1065353216 2 3 1 1 0 0 0 1 1 1 -1 1
1811371069 1811371069 1275160778 0 1 0 1 1 0 1811371069 0 1 1 0 1 0
1814650059 1814650059 240606422 0 2 0 0 -1 0 1814650059 0 -1 0 0 1 0
1816133632 1816133631 1816133631 1048576000 1 -1 1 1 0 1799356412 1 2 1 0 1 0
1816133632 1816133631 1816133632 1048576000 1 -1 1 1 0 1799356412 1 2 1 0 1 0
1816133632 1816133631 1816133633 1048576000 1 -1 1 1 0 1799356412 1 2 1 0 1 0
1816133632 1816133632 3963617279 1065353216 2 3 1 1 0 1619001344 -1 2 1 0 -1 0
1816133632 1816133632 3963617280 1065353216 2 3 1 1 0 0 -1 2 1 0 -1 0
1816133632 1816133632 3963617281 1065353216 2 3 1 1 0 0 0 1 1 1 -1 1
1820321815 2070578100 266302399 1069547520 2 2 0 -1 0 1815910260 0 -1 0 0 1 0
1824522240 1824522239 1824522239 1048576000 1 -1 1 1 0 1807745020 1 2 1 0 1 0
1824522240 1824522239 1824522240 1048576000 1 -1 1 1 0 1807745020 1 2 1 0 1 0
1824522240 1824522239 1824522241 1048576000 1 -1 1 1 0 1807745020 1 2 1 0 1 0
1824522240 1824522240 3972005887 1065353216 2 3 1 1 0 1627389952 -1 2 1 0 -1 0
1824522240 1824522240 3972005888 1065353216 2 3 1 1 0 0 -1 2 1 0 -1 0
1824522240 1824522240 3972005889 1065353216 2 3 1 1 0 0 0 1 1 1 -1 1
1826197353 1826197353 113900179 1 0 -1 0 -1 0 1826197353 0 -1 0 0 1 0
1827557220 0 2193051684 2139095039 2 1 1 1 0 0 0 1 1 1 -1 1
1831691323 0 2794288492 1051372203 1 0 1 1 0 0 0 1 1 1 -1 1
1832910848 1832910847 1832910847 1048576000 1 -1 1 1 0 1816133628 1 2 1 0 1 0
1832910848 1832910847 1832910848 1048576000 1 -1 1 1 0 1816133628 1 2 1 0 1 0
1832910848 1832910847 1832910849 1048576000 1 -1 1 1 0 1816133628 1 2 1 0 1 0
1832910848 1832910848 3980394495 1065353216 2 3 1 1 0 1635778560 -1 2 1 0 -1 0
1832910848 1832910848 3980394496 1065353216 2 3 1 1 0 0 -1 2 1 0 -1 0
1832910848 1832910848 3980394497 1065353216 2 3 1 1 0 0 0 1 1 1 -1 1
1834561185 5329848 2570772215 1 0 2 0 -1 0 5329848 0 -1 0 0 1 0
1835170071 1375222717 2979652802 2139095039 1 1 1 1 0 0 0 1 1 1 -1 1
1839856628 0 3765955917 1 2 1 0 -1 0 1839856627 -1 0 1 0 -1 0
1840134924 1840134924 1484245828 1 2 1 0 -1 0 1840134924 0 -1 0 0 1 0
1840376825 0 1642307242 0 0 -1 0 -1 0 0 0 -1 0 0 1 0
1841299456 1841299455 1841299455 1048576000 1 -1 1 1 0 1824522236 1 2 1 0 1 0
1841299456 1841299455 1841299456 1048576000 1 -1 1 1 0 1824522236 1 2 1 0 1 0
1841299456 1841299455 1841299457 1048576000 1 -1 1 1 0 1824522236 1 2 1 0 1 0
1841299456 1841299456 3988783103 1065353216 2 3 1 1 0 1644167168 -1 2 1 0 -1 0
1841299456 1841299456 3988783104 1065353216 2 3 1 1 0 0 -1 2 1 0 -1 0
1841299456 1841299456 3988783105 1065353216 2 3 1 1 0 0 0 1 1 1 -1 1
1844399810 1844399810 3522150304 1065353216 0 -1 0 -1 0 1844399810 0 0 1 1 -1 1
1844442190 1844442190 519372110 1 2 -1 1 1 0 1844442190 0 1 1 0 1 0
1849093497 0 2240774388 2139095039 1 2 0 -1 0 1849093496 -1 0 1 0 -1 0
1849688064 1849688063 1849688063 1048576000 1 -1 1 1 0 1832910844 1 2 1 0 1 0
1849688064 1849688063 1849688064 1048576000 1 -1 1 1 0 1832910844 1 2 1 0 1 0
1849688064 1849688063 1849688065 1048576000 1 -1 1 1 0 1832910844 1 2 1 0 1 0
1849688064 1849688064 3997171711 1065353216 2 3 1 1 0 1652555776 -1 2 1 0 -1 0
1849688064 1849688064 3997171712 1065353216 2 3 1 1 0 0 -1 2 1 0 -1 0
1849688064 1849688064 3997171713 1065353216 2 3 1 1 0 0 0 1 1 1 -1 1
1852842199 1852842198 1837677954 1073741824 2 1 1 1 0 1852842199 0 1 1 1 1 1
1856790386 1856790386 311836398 0 1 1 0 -1 0 1856790386 0 -1 0 0 1 0
1858076672 1858076671 1858076671 1048576000 1 -1 1 1 0 1841299452 1 2 1 0 1 0
1858076672 1858076671 1858076672 1048576000 1 -1 1 1 0 1841299452 1 2 1 0 1 0
1858076672 1858076671 1858076673 1048576000 1 -1 1 1 0 1841299452 1 2 1 0 1 0
1858076672 1858076672 4005560319 1065353216 2 3 1 1 0 1660944384 -1 2 1 0 -1 0
1858076672 1858076672 4005560320 1065353216 2 3 1 1 0 0 -1 2 1 0 -1 0
1858076672 1858076672 4005560321 1065353216 2 3 1 1 0 0 0 1 1 1 -1 1
1859307416 1859307416 1821291692 1 1 0 1 1 0 0 0 1 1 0 1 0
1860831867 1860831866 282574344 1056964608 1 -1 0 -1 0 1860831866 0 -1 0 0 1 0
1861655689 637706736 662991996 1065353216 1 1 1 1 0 664062138 0 1 1 0 1 0
1866465280 1866465279 1866465279 1048576000 1 -1 1 1 0 1849688060 1 2 1 0 1 0
1866465280 1866465279 1866465280 1048576000 1 -1 1 1 0 1849688060 1 2 1 0 1 0
1866465280 1866465279 1866465281 1048576000 1 -1 1 1 0 1849688060 1 2 1 0 1 0
1866465280 1866465280 4013948927 1065353216 2 3 1 1 0 1669332992 -1 2 1 0 -1 0
1866465280 1866465280 4013948928 1065353216 2 3 1 1 0 0 -1 2 1 0 -1 0
1866465280 1866465280 4013948929 1065353216 2 3 1 1 0 0 0 1 1 1 -1 1
1869934074 1869934073 3089470498 1073741824 1 1 1 1 0 1869934073 0 1 1 0 -1 0
1872326179 0 2893630833 0 0 9223372036854775807 1 1 0 0 0 1 1 0 1 0
1874853888 1874853887 1874853887 1048576000 1 -1 1 1 0 1858076668 1 2 1 0 1 0
1874853888 1874853887 1874853888 1048576000 1 -1 1 1 0 1858076668 1 2 1 0 1 0
1874853888 1874853887 1874853889 1048576000 1 -1 1 1 0 1858076668 1 2 1 0 1 0
1874853888 1874853888 4022337535 1065353216 2 3 1 1 0 1677721600 -1 2 1 0 -1 0
1874853888 1874853888 4022337536 1065353216 2 3 1 1 0 0 -1 2 1 0 -1 0
1874853888 1874853888 4022337537 1065353216 2 3 1 1 0 0 0 1 1 1 -1 1
1877721941 0 2800233812 1065353216 2 2 1 1 0 0 0 1 1 1 -1 1
1879614773 1879614772 3568898955 1051372203 0 -1 1 1 0 1879614772 0 1 1 0 1 0
1883240430 1883240429 267775749 1073741824 2 0 1 1 0 1883240429 0 1 1 0 1 0
1883242496 1883242495 1883242495 1048576000 1 -1 1 1 0 1866465276 1 2 1 0 1 0
1883242496 1883242495 1883242496 1048576000 1 -1 1 1 0 1866465276 1 2 1 0 1 0
1883242496 1883242495 1883242497 1048576000 1 -1 1 1 0 1866465276 1 2 1 0 1 0
1883242496 1883242496 4030726143 1065353216 2 3 1 1 0 1686110208 -1 2 1 0 -1 0
1883242496 1883242496 4030726144 1065353216 2 3 1 1 0 0 -1 2 1 0 -1 0
1883242496 1883242496 4030726145 1065353216 2 3 1 1 0 0 0 1 1 1 -1 1
1883983912 1526549487 3873311633 1073741824 2 9223372036854775807 0 -1 0 1883983856 -1 0 1 0 -1 0
1885640802 1885640801 1128892079 1051372203 0 -1 1 1 0 1885640801 0 1 1 0 1 0
1886954904 1506769218 3790478265 0 2 -1 1 1 0 1506769218 0 1 1 0 1 0
1890973805 1890973804 72377994 1069547520 0 -1 1 1 0 1890973804 0 1 1 0 1 0
1891631104 1891631103 1891631103 1048576000 1 -1 1 1 0 1874853884 1 2 1 0 1 0
1891631104 1891631103 1891631104 1048576000 1 -1 1 1 0 1874853884 1 2 1 0 1 0
1891631104 1891631103 1891631105 1048576000 1 -1 1 1 0 1874853884 1 2 1 0 1 0
1891631104 1891631104 4039114751 1065353216 2 3 1 1 0 1694498816 -1 2 1 0 -1 0
1891631104 1891631104 4039114752 1065353216 2 3 1 1 0 0 -1 2 1 0 -1 0
1891631104 1891631104 4039114753 1065353216 2 3 1 1 0 0 0 1 1 1 -1 1
1892704521 1892704520 3383331807 2139095039 2 9223372036854775807 1 1 1 1892704520 17 1 1 1 1 0
1897618664 1897618664 1169042927 1 2 -1 1 1 0 1897618664 0 1 1 0 1 0
1898880099 0 3566561691 1051372203 1 -1 1 1 0 1898880098 -1 2 1 0 -1 0
1900019712 1900019711 1900019711 1048576000 1 -1 1 1 0 1883242492 1 2 1 0 1 0
1900019712 1900019711 1900019712 1048576000 1 -1 1 1 0 1883242492 1 2 1 0 1 0
1900019712 1900019711 1900019713 1048576000 1 -1 1 1 0 1883242492 1 2 1 0 1 0
1900019712 1900019712 4047503359 1065353216 2 3 1 1 0 1702887424 -1 2 1 0 -1 0
1900019712 1900019712 4047503360 1065353216 2 3 1 1 0 0 -1 2 1 0 -1 0
1900019712 1900019712 4047503361 1065353216 2 3 1 1 0 0 0 1 1 1 -1 1
1900423262 113970697 1311266976 1065353216 1 2 0 -1 0 1311266976 0 -1 0 0 1 0
1903927258 1903927258 4223083941 1056964608 2 0 0 -1 0 1903927258 0 -1 0 1 -1 1
1908408320 1908408319 1908408319 1048576000 1 -1 1 1 0 1891631100 1 2 1 0 1 0
1908408320 1908408319 1908408320 1048576000 1 -1 1 1 0 1891631100 1 2 1 0 1 0
1908408320 1908408319 1908408321 1048576000 1 -1 1 1 0 1891631100 1 2 1 0 1 0
1908408320 1908408320 4055891967 1065353216 2 3 1 1 0 1711276032 -1 2 1 0 -1 0
1908408320 1908408320 4055891968 1065353216 2 3 1 1 0 0 -1 2 1 0 -1 0
1908408320 1908408320 4055891969 1065353216 2 3 1 1 0 0 0 1 1 1 -1 1
1913430537 1913430537 2409416252 0 1 -1 0 -1 0 1913430537 0 -1 0 0 1 0
1913778930 1913778929 949390212 1069547520 2 2 0 -1 0 1913778929 0 -1 0 0 1 0
1916796928 1916796927 1916796927 1048576000 1 -1 1 1 0 1900019708 1 2 1 0 1 0
1916796928 1916796927 1916796928 1048576000 1 -1 1 1 0 1900019708 1 2 1 0 1 0
1916796928 1916796927 1916796929 1048576000 1 -1 1 1 0 1900019708 1 2 1 0 1 0
1916796928 1916796928 4064280575 1065353216 2 3 1 1 0 1719664640 -1 2 1 0 -1 0
1916796928 1916796928 4064280576 1065353216 2 3 1 1 0 0 -1 2 1 0 -1 0
1916796928 1916796928 4064280577 1065353216 2 3 1 1 0 0 0 1 1 1 -1 1
1920119718 1920119717 1233645103 1 2 0 0 -1 0 1920119717 0 -1 0 0 1 0
1920544986 1920544986 1127869643 1065353216 2 0 0 -1 0 1920544986 0 -1 0 0 1 0
1925185536 1925185535 1925185535 1048576000 1 -1 1 1 0 1908408316 1 2 1 0 1 0
1925185536 1925185535 1925185536 1048576000 1 -1 1 1 0 1908408316 1 2 1 0 1 0
1925185536 1925185535 1925185537 1048576000 1 -1 1 1 0 1908408316 1 2 1 0 1 0
1925185536 1925185536 4072669183 1065353216 2 3 1 1 0 1728053248 -1 2 1 0 -1 0
1925185536 1925185536 4072669184 1065353216 2 3 1 1 0 0 -1 2 1 0 -1 0
1925185536 1925185536 4072669185 1065353216 2 3 1 1 0 0 0 1 1 1 -1 1
1925727819 0 1401469844 2139095039 1 0 1 1 1 0 17 1 1 1 1 0
1929382898 0 1573963690 1069547520 0 2 0 -1 0 1578931648 0 0 1 0 1 0
1932312926 0 71156569 1 1 2 1 1 0 0 0 1 1 0 1 0
1933574144 1933574143 1933574143 1048576000 1 -1 1 1 0 1916796924 1 2 1 0 1 0
1933574144 1933574143 1933574144 1048576000 1 -1 1 1 0 1916796924 1 2 1 0 1 0
1933574144 1933574143 1933574145 1048576000 1 -1 1 1 0 1916796924 1 2 1 0 1 0
1933574144 1933574144 4081057791 1065353216 2 3 1 1 0 1736441856 -1 2 1 0 -1 0
1933574144 1933574144 4081057792 1065353216 2 3 1 1 0 0 -1 2 1 0 -1 0
1933574144 1933574144 4081057793 1065353216 2 3 1 1 0 0 0 1 1 1 -1 1
1936267801 0 1974020460 1069547520 1 2 0 -1 0 1936267801 0 -1 0 1 1 1
1937785880 1853272719 1844182080 0 0 9223372036854775807 0 -1 0 1853272719 0 -1 0 0 1 0
1940423896 0 2001875363 1056964608 0 -1 0 -1 0 1940423896 0 0 1 1 1 1
1941694259 1941694259 1560093569 1056964608 0 -1 1 1 0 1941694259 0 1 1 1 1 1
1941962752 1941962751 1941962751 1048576000 1 -1 1 1 0 1925185532 1 2 1 0 1 0
1941962752 1941962751 1941962752 1048576000 1 -1 1 1 0 1925185532 1 2 1 0 1 0
1941962752 1941962751 1941962753 1048576000 1 -1 1 1 0 1925185532 1 2 1 0 1 0
1941962752 1941962752 4089446399 1065353216 2 3 1 1 0 1744830464 -1 2 1 0 -1 0
1941962752 1941962752 4089446400 1065353216 2 3 1 1 0 0 -1 2 1 0 -1 0
1941962752 1941962752 4089446401 1065353216 2 3 1 1 0 0 0 1 1 1 -1 1
1942409160 1942409159 3256585490 1 0 -1 0 -1 0 1942409159 0 0 1 0 1 0
1942848849 0 3397191471 1073741824 1 9223372036854775807 0 -1 0 1942848848 -1 0 1 0 -1 0
1944172526 1186985390 307739561 1073741824 2 1 1 1 0 1186985390 0 1 1 0 1 0
1944712855 1944712855 3236652515 1056964608 2 9223372036854775807 0 -1 0 1944712855 0 -1 0 0 -1 0
1950351360 1950351359 1950351359 1048576000 1 -1 1 1 0 1933574140 1 2 1 0 1 0
1950351360 1950351359 1950351360 1048576000 1 -1 1 1 0 1933574140 1 2 1 0 1 0
1950351360 1950351359 1950351361 1048576000 1 -1 1 1 0 1933574140 1 2 1 0 1 0
1950351360 1950351360 4097835007 1065353216 2 3 1 1 0 1753219072 -1 2 1 0 -1 0
1950351360 1950351360 4097835008 1065353216 2 3 1 1 0 0 -1 2 1 0 -1 0
1950351360 1950351360 4097835009 1065353216 2 3 1 1 0 0 0 1 1 1 -1 1
1955830193 1955830192 1567416159 0 2 -1 1 1 0 1955830192 0 1 1 0 1 0
1957521911 1957521911 3129881911 1069547520 1 9223372036854775807 1 1 0 0 0 1 1 0 -1 0
1957860255 1931758755 2063019858 1073741824 1 9223372036854775807 0 -1 0 1948014806 11339 11339 1 0 1 0
1958739968 1958739967 1958739967 1048576000 1 -1 1 1 0 1941962748 1 2 1 0 1 0
1958739968 1958739967 1958739968 1048576000 1 -1 1 1 0 1941962748 1 2 1 0 1 0
1958739968 1958739967 1958739969 1048576000 1 -1 1 1 0 1941962748 1 2 1 0 1 0
1958739968 1958739968 4106223615 1065353216 2 3 1 1 0 1761607680 -1 2 1 0 -1 0
1958739968 1958739968 4106223616 1065353216 2 3 1 1 0 0 -1 2 1 0 -1 0
1958739968 1958739968 4106223617 1065353216 2 3 1 1 0 0 0 1 1 1 -1 1
1961479148 0 3247431936 1056964608 2 1 1 1 0 0 0 1 1 1 -1 1
1961683715 0 2231013860 2139095039 2 1 0 -1 0 1961683714 -1 0 1 0 -1 0
1967128576 1967128575 1967128575 1048576000 1 -1 1 1 0 1950351356 1 2 1 0 1 0
1967128576 1967128575 1967128576 1048576000 1 -1 1 1 0 1950351356 1 2 1 0 1 0
1967128576 1967128575 1967128577 1048576000 1 -1 1 1 0 1950351356 1 2 1 0 1 0
1967128576 1967128576 4114612223 1065353216 2 3 1 1 0 1769996288 -1 2 1 0 -1 0
1967128576 1967128576 4114612224 1065353216 2 3 1 1 0 0 -1 2 1 0 -1 0
1967128576 1967128576 4114612225 1065353216 2 3 1 1 0 0 0 1 1 1 -1 1
1971844886 1971844886 503134105 0 2 9223372036854775807 1 1 0 1971844886 0 1 1 0 1 0
1974959491 0 891895286 1056964608 0 1 1 1 0 883506678 0 1 1 0 1 0
1975517184 1975517183 1975517183 1048576000 1 -1 1 1 0 1958739964 1 2 1 0 1 0
1975517184 1975517183 1975517184 1048576000 1 -1 1 1 0 1958739964 1 2 1 0 1 0
1975517184 1975517183 1975517185 1048576000 1 -1 1 1 0 1958739964 1 2 1 0 1 0
1975517184 1975517184 4123000831 1065353216 2 3 1 1 0 1778384896 -1 2 1 0 -1 0
1975517184 1975517184 4123000832 1065353216 2 3 1 1 0 0 -1 2 1 0 -1 0
1975517184 1975517184 4123000833 1065353216 2 3 1 1 0 0 0 1 1 1 -1 1
1975569426 1975569426 3055560828 2139095039 2 1 0 -1 0 1975569426 0 -1 0 1 -1 1
1980171718 299276205 1375024103 1051372203 1 -1 0 -1 0 1361278960 0 -1 0 0 1 0
1980608277 1980608277 1281911231 0 0 -1 1 1 0 1980608277 0 1 1 0 1 0
1983905792 1983905791 1983905791 1048576000 1 -1 1 1 0 1967128572 1 2 1 0 1 0
1983905792 1983905791 1983905792 1048576000 1 -1 1 1 0 1967128572 1 2 1 0 1 0
1983905792 1983905791 1983905793 1048576000 1 -1 1 1 0 1967128572 1 2 1 0 1 0
1983905792 1983905792 4131389439 1065353216 2 3 1 1 0 1786773504 -1 2 1 0 -1 0
1983905792 1983905792 4131389440 1065353216 2 3 1 1 0 0 -1 2 1 0 -1 0
1983905792 1983905792 4131389441 1065353216 2 3 1 1 0 0 0 1 1 1 -1 1
1992294400 1992294399 1992294399 1048576000 1 -1 1 1 0 1975517180 1 2 1 0 1 0
1992294400 1992294399 1992294400 1048576000 1 -1 1 1 0 1975517180 1 2 1 0 1 0
1992294400 1992294399 1992294401 1048576000 1 -1 1 1 0 1975517180 1 2 1 0 1 0
1992294400 1992294400 4139778047 1065353216 2 3 1 1 0 1795162112 -1 2 1 0 -1 0
1992294400 1992294400 4139778048 1065353216 2 3 1 1 0 0 -1 2 1 0 -1 0
1992294400 1992294400 4139778049 1065353216 2 3 1 1 0 0 0 1 1 1 -1 1
1993537530 1993537529 2005088199 1056964608 1 -1 0 -1 0 1976426064 2 2 1 0 1 0
1993648626 0 1372649698 1073741824 2 2 0 -1 0 1381038306 0 -1 0 0 1 0
1996399303 1996399302 431144077 2139095039 2 1 0 -1 0 1996399302 0 -1 0 0 1 0
1999941785 0 570606062 2139095039 2 -1 0 -1 0 1644347885 0 -1 0 0 1 0
2000683008 2000683007 2000683007 1048576000 1 -1 1 1 0 1983905788 1 2 1 0 1 0
2000683008 2000683007 2000683008 1048576000 1 -1 1 1 0 1983905788 1 2 1 0 1 0
2000683008 2000683007 2000683009 1048576000 1 -1 1 1 0 1983905788 1 2 1 0 1 0
2000683008 2000683008 4148166655 1065353216 2 3 1 1 0 1803550720 -1 2 1 0 -1 0
2000683008 2000683008 4148166656 1065353216 2 3 1 1 0 0 -1 2 1 0 -1 0
2000683008 2000683008 4148166657 1065353216 2 3 1 1 0 0 0 1 1 1 -1 1
2003901058 0 4113026786 1056964608 0 -1 1 1 0 0 0 1 1 1 -1 1
2004223720 0 2573194470 1051372203 1 1 0 -1 0 2004223719 -1 0 1 0 -1 0
2007767011 2007767010 3628711093 2139095039 0 -1 1 1 1 2007767010 17 1 1 1 1 0
2008115252 2008115252 109874791 0 1 1 0 -1 0 2008115252 0 -1 0 0 1 0
2009071616 2009071615 2009071615 1048576000 1 -1 1 1 0 1992294396 1 2 1 0 1 0
2009071616 2009071615 2009071616 1048576000 1 -1 1 1 0 1992294396 1 2 1 0 1 0
2009071616 2009071615 2009071617 1048576000 1 -1 1 1 0 1992294396 1 2 1 0 1 0
2009071616 2009071616 4156555263 1065353216 2 3 1 1 0 1811939328 -1 2 1 0 -1 0
2009071616 2009071616 4156555264 1065353216 2 3 1 1 0 0 -1 2 1 0 -1 0
2009071616 2009071616 4156555265 1065353216 2 3 1 1 0 0 0 1 1 1 -1 1
2011955646 879167860 904293180 1069547520 1 9223372036854775807 1 1 0 909852932 0 1 1 0 1 0
2012576558 892113777 1752400899 1073741824 1 1 0 -1 0 1760789507 0 -1 0 0 1 0
2013433050 1148801939 3659191392 1073741824 2 9223372036854775807 0 -1 0 2013433049 -1 0 1 0 -1 0
2013461479 2013461478 3704199377 1073741824 1 9223372036854775807 0 -1 0 2013461478 0 -1 0 0 -1 0
2015216900 2038288212 568136175 1069547520 0 1 0 -1 0 2015216900 0 0 1 1 1 1
2015768893 0 1041893986 2139095039 0 9223372036854775807 0 -1 0 2015768893 0 0 1 1 1 1
2016610294 0 3080856411 1065353216 2 0 1 1 0 0 0 1 1 1 -1 1
2017460224 2017460223 2017460223 1048576000 1 -1 1 1 0 2000683004 1 2 1 0 1 0
2017460224 2017460223 2017460224 1048576000 1 -1 1 1 0 2000683004 1 2 1 0 1 0
2017460224 2017460223 2017460225 1048576000 1 -1 1 1 0 2000683004 1 2 1 0 1 0
2017460224 2017460224 4164943871 1065353216 2 3 1 1 0 1820327936 -1 2 1 0 -1 0
2017460224 2017460224 4164943872 1065353216 2 3 1 1 0 0 -1 2 1 0 -1 0
2017460224 2017460224 4164943873 1065353216 2 3 1 1 0 0 0 1 1 1 -1 1
2017600633 53088658 508310919 1073741824 2 0 0 -1 0 516699527 0 -1 0 0 1 0
2022366799 0 3910632848 2139095039 2 -1 0 -1 1 0 17 -1 0 1 1 0
2024945232 2024945232 4051393649 1 1 -1 1 1 0 0 0 1 1 0 -1 0
2025729889 762151676 3357785698 1065353216 1 9223372036854775807 0 -1 0 2025729888 -1 0 1 0 -1 0
2025848832 2025848831 2025848831 1048576000 1 -1 1 1 0 2009071612 1 2 1 0 1 0
2025848832 2025848831 2025848832 1048576000 1 -1 1 1 0 2009071612 1 2 1 0 1 0
2025848832 2025848831 2025848833 1048576000 1 -1 1 1 0 2009071612 1 2 1 0 1 0
2025848832 2025848832 4173332479 1065353216 2 3 1 1 0 1828716544 -1 2 1 0 -1 0
2025848832 2025848832 4173332480 1065353216 2 3 1 1 0 0 -1 2 1 0 -1 0
2025848832 2025848832 4173332481 1065353216 2 3 1 1 0 0 0 1 1 1 -1 1
2034237440 2034237439 2034237439 1048576000 1 -1 1 1 0 2017460220 1 2 1 0 1 0
2034237440 2034237439 2034237440 1048576000 1 -1 1 1 0 2017460220 1 2 1 0 1 0
2034237440 2034237439 2034237441 1048576000 1 -1 1 1 0 2017460220 1 2 1 0 1 0
2034237440 2034237440 4181721087 1065353216 2 3 1 1 0 1837105152 -1 2 1 0 -1 0
2034237440 2034237440 4181721088 1065353216 2 3 1 1 0 0 -1 2 1 0 -1 0
2034237440 2034237440 4181721089 1065353216 2 3 1 1 0 0 0 1 1 1 -1 1
2042626048 2042626047 2042626047 1048576000 1 -1 1 1 0 2025848828 1 2 1 0 1 0
2042626048 2042626047 2042626048 1048576000 1 -1 1 1 0 2025848828 1 2 1 0 1 0
2042626048 2042626047 2042626049 1048576000 1 -1 1 1 0 2025848828 1 2 1 0 1 0
2042626048 2042626048 4190109695 1065353216 2 3 1 1 0 1845493760 -1 2 1 0 -1 0
2042626048 2042626048 4190109696 1065353216 2 3 1 1 0 0 -1 2 1 0 -1 0
2042626048 2042626048 4190109697 1065353216 2 3 1 1 0 0 0 1 1 1 -1 1
2042745122 2042745121 1252027429 1069547520 1 0 1 1 0 2042745121 0 1 1 0 1 0
2051014656 2051014655 2051014655 1048576000 1 -1 1 1 0 2034237436 1 2 1 0 1 0
2051014656 2051014655 2051014656 1048576000 1 -1 1 1 0 2034237436 1 2 1 0 1 0
2051014656 2051014655 2051014657 1048576000 1 -1 1 1 0 2034237436 1 2 1 0 1 0
2051014656 2051014656 4198498303 1065353216 2 3 1 1 0 1853882368 -1 2 1 0 -1 0
2051014656 2051014656 4198498304 1065353216 2 3 1 1 0 0 -1 2 1 0 -1 0
2051014656 2051014656 4198498305 1065353216 2 3 1 1 0 0 0 1 1 1 -1 1
2051060929 146424331 3947706617 2139095039 2 0 1 1 1 146424331 17 1 1 1 1 0
2052954674 0 3083794790 1056964608 1 -1 0 -1 0 2052954673 -1 0 1 0 -1 0
2053654249 2053654249 1007194071 1051372203 2 -1 1 1 0 2053654249 0 1 1 0 1 0
2054394612 2054394612 4063827248 1 2 1 0 -1 0 2054394612 0 -1 0 0 -1 0
2057156954 2057156954 2303234929 1073741824 0 2 1 1 0 2057156954 0 1 1 1 -1 1
2057303794 2057303793 2388721777 1073741824 2 1 0 -1 0 2057303793 0 -1 0 0 -1 0
2059403264 2059403263 2059403263 1048576000 1 -1 1 1 0 2042626044 1 2 1 0 1 0
2059403264 2059403263 2059403264 1048576000 1 -1 1 1 0 2042626044 1 2 1 0 1 0
2059403264 2059403263 2059403265 1048576000 1 -1 1 1 0 2042626044 1 2 1 0 1 0
2059403264 2059403264 4206886911 1065353216 2 3 1 1 0 1862270976 -1 2 1 0 -1 0
2059403264 2059403264 4206886912 1065353216 2 3 1 1 0 0 -1 2 1 0 -1 0
2059403264 2059403264 4206886913 1065353216 2 3 1 1 0 0 0 1 1 1 -1 1
2062785353 1868817011 4045373106 1069547520 2 9223372036854775807 1 1 0 2071173947 -1 2 1 0 -1 0
2064195419 2064195418 2306962439 1051372203 0 1 0 -1 0 2064195418 0 0 1 0 1 0
2064429603 2064429602 2309833353 2139095039 1 0 0 -1 0 2064429602 0 -1 0 0 -1 0
2067791872 2067791871 2067791871 1048576000 1 -1 1 1 0 2051014652 1 2 1 0 1 0
2067791872 2067791871 2067791872 1048576000 1 -1 1 1 0 2051014652 1 2 1 0 1 0
2067791872 2067791871 2067791873 1048576000 1 -1 1 1 0 2051014652 1 2 1 0 1 0
2067791872 2067791872 4215275519 1065353216 2 3 1 1 0 1870659584 -1 2 1 0 -1 0
2067791872 2067791872 4215275520 1065353216 2 3 1 1 0 0 -1 2 1 0 -1 0
2067791872 2067791872 4215275521 1065353216 2 3 1 1 0 0 0 1 1 1 -1 1
2073585648 2073585648 3926041987 2139095039 1 1 0 -1 1 2073585648 17 -1 0 1 1 0
2076180480 2076180479 2076180479 1048576000 1 -1 1 1 0 2059403260 1 2 1 0 1 0
2076180480 2076180479 2076180480 1048576000 1 -1 1 1 0 2059403260 1 2 1 0 1 0
2076180480 2076180479 2076180481 1048576000 1 -1 1 1 0 2059403260 1 2 1 0 1 0
2076180480 2076180480 4223664127 1065353216 2 3 1 1 0 1879048192 -1 2 1 0 -1 0
2076180480 2076180480 4223664128 1065353216 2 3 1 1 0 0 -1 2 1 0 -1 0
2076180480 2076180480 4223664129 1065353216 2 3 1 1 0 0 0 1 1 1 -1 1
2077877426 0 318533594 1 2 0 1 1 0 0 0 1 1 0 1 0
2078976151 1938584451 1510044308 0 2 2 0 -1 0 1938584451 0 -1 0 0 1 0
2079231011 2079231010 1811880599 0 0 -1 1 1 0 2079231010 0 1 1 0 1 0
2080198299 455059025 443544211 2139095039 0 0 1 1 0 1517286034 0 1 1 0 1 0
2084569088 2084569087 2084569087 1048576000 1 -1 1 1 0 2067791868 1 2 1 0 1 0
2084569088 2084569087 2084569088 1048576000 1 -1 1 1 0 2067791868 1 2 1 0 1 0
2084569088 2084569087 2084569089 1048576000 1 -1 1 1 0 2067791868 1 2 1 0 1 0
2084569088 2084569088 4232052735 1065353216 2 3 1 1 0 1887436800 -1 2 1 0 -1 0
2084569088 2084569088 4232052736 1065353216 2 3 1 1 0 0 -1 2 1 0 -1 0
2084569088 2084569088 4232052737 1065353216 2 3 1 1 0 0 0 1 1 1 -1 1
2085052747 2085052746 1203500319 1051372203 2 -1 1 1 0 2085052746 0 1 1 0 1 0
2089008141 2089008141 3463814404 1051372203 1 -1 1 1 0 0 0 1 1 0 -1 0
2090790676 1449394659 4086758361 1065353216 1 2 0 -1 0 2090790638 -1 0 1 0 -1 0
2091653396 52562787 2413696699 1056964608 2 2 1 1 0 0 0 1 1 1 -1 1
2092957696 2092957695 2092957695 1048576000 1 -1 1 1 0 2076180476 1 2 1 0 1 0
2092957696 2092957695 2092957696 1048576000 1 -1 1 1 0 2076180476 1 2 1 0 1 0
2092957696 2092957695 2092957697 1048576000 1 -1 1 1 0 2076180476 1 2 1 0 1 0
2092957696 2092957696 4240441343 1065353216 2 3 1 1 0 1895825408 -1 2 1 0 -1 0
2092957696 2092957696 4240441344 1065353216 2 3 1 1 0 0 -1 2 1 0 -1 0
2092957696 2092957696 4240441345 1065353216 2 3 1 1 0 0 0 1 1 1 -1 1
2098910935 2098910935 770862151 1069547520 1 -1 0 -1 0 0 0 -1 0 0 1 0
2101346304 2101346303 2101346303 1048576000 1 -1 1 1 0 2084569084 1 2 1 0 1 0
2101346304 2101346303 2101346304 1048576000 1 -1 1 1 0 2084569084 1 2 1 0 1 0
2101346304 2101346303 2101346305 1048576000 1 -1 1 1 0 2084569084 1 2 1 0 1 0
2101346304 2101346304 4248829951 1065353216 2 3 1 1 0 1904214016 -1 2 1 0 -1 0
2101346304 2101346304 4248829952 1065353216 2 3 1 1 0 0 -1 2 1 0 -1 0
2101346304 2101346304 4248829953 1065353216 2 3 1 1 0 0 0 1 1 1 -1 1
2104704570 0 321280290 1056964608 2 9223372036854775807 1 1 0 312891682 0 1 1 0 1 0
2106785865 2106785865 2248996184 0 1 2 1 1 0 2106785865 0 1 1 0 1 0
2107433899 1247912103 353996495 2139095039 2 1 0 -1 0 1427738322 0 -1 0 0 1 0
2109734912 2109734911 2109734911 1048576000 1 -1 1 1 0 2092957692 1 2 1 0 1 0
2109734912 2109734911 2109734912 1048576000 1 -1 1 1 0 2092957692 1 2 1 0 1 0
2109734912 2109734911 2109734913 1048576000 1 -1 1 1 0 2092957692 1 2 1 0 1 0
2109734912 2109734912 4257218559 1065353216 2 3 1 1 0 1912602624 -1 2 1 0 -1 0
2109734912 2109734912 4257218560 1065353216 2 3 1 1 0 0 -1 2 1 0 -1 0
2109734912 2109734912 4257218561 1065353216 2 3 1 1 0 0 0 1 1 1 -1 1
2113573327 0 1823293103 0 2 2 0 -1 0 0 0 -1 0 0 1 0
2114767869 1108889466 2030633603 1073741824 1 -1 0 -1 0 2039022211 0 -1 0 0 1 0
2118123520 2118123519 2118123519 1048576000 1 -1 1 1 0 2101346300 1 2 1 0 1 0
2118123520 2118123519 2118123520 1048576000 1 -1 1 1 0 2101346300 1 2 1 0 1 0
2118123520 2118123519 2118123521 1048576000 1 -1 1 1 0 2101346300 1 2 1 0 1 0
2118123520 2118123520 4265607167 1065353216 2 3 1 1 0 1920991232 -1 2 1 0 -1 0
2118123520 2118123520 4265607168 1065353216 2 3 1 1 0 0 -1 2 1 0 -1 0
2118123520 2118123520 4265607169 1065353216 2 3 1 1 0 0 0 1 1 1 -1 1
2120709189 1556957515 2740686802 1065353216 1 1 1 1 0 1556957515 0 1 1 0 -1 0
2126512128 2126512127 2126512127 1048576000 1 -1 1 1 0 2109734908 1 2 1 0 1 0
2126512128 2126512127 2126512128 1048576000 1 -1 1 1 0 2109734908 1 2 1 0 1 0
2126512128 2126512127 2126512129 1048576000 1 -1 1 1 0 2109734908 1 2 1 0 1 0
2126512128 2126512128 4273995775 1065353216 2 3 1 1 0 1929379840 -1 2 1 0 -1 0
2126512128 2126512128 4273995776 1065353216 2 3 1 1 0 0 -1 2 1 0 -1 0
2126512128 2126512128 4273995777 1065353216 2 3 1 1 0 0 0 1 1 1 -1 1
2129596816 978487123 3771001589 1 2 -1 0 -1 0 978487123 0 -1 0 0 -1 0
2130706431 0 0 1065353216 0 -1 0 -1 0 0 0 -1 0 0 1 0
2130706431 0 0 1065353216 1 -1 0 -1 0 0 0 -1 0 0 1 0
2130706431 0 0 1065353216 2 -1 0 -1 0 0 0 -1 0 0 1 0
2130706431 0 1 1065353216 0 -1 0 -1 0 1 0 0 1 0 1 0
2130706431 0 1 1065353216 1 -1 0 -1 0 1 0 -1 0 0 1 0
2130706431 0 1 1065353216 2 -1 0 -1 0 1 0 -1 0 0 1 0
2130706431 0 1065353216 1065353216 0 -1 0 -1 0 1065353216 0 0 1 0 1 0
2130706431 0 1065353216 1065353216 1 -1 0 -1 0 1065353216 0 -1 0 0 1 0
2130706431 0 1065353216 1065353216 2 -1 0 -1 0 1065353216 0 -1 0 0 1 0
2130706431 0 1275068414 1065353216 0 -1 0 -1 0 1275068414 0 0 1 0 1 0
2130706431 0 1275068414 1065353216 1 -1 0 -1 0 1275068414 0 -1 0 0 1 0
2130706431 0 1275068414 1065353216 2 -1 0 -1 0 1275068414 0 -1 0 0 1 0
2130706431 0 1275068415 1065353216 0 -1 0 -1 0 1275068415 0 0 1 0 1 0
2130706431 0 1275068415 1065353216 1 -1 0 -1 0 1275068415 0 -1 0 0 1 0
2130706431 0 1275068415 1065353216 2 -1 0 -1 0 1275068415 0 -1 0 0 1 0
2130706431 0 1275068416 1065353216 0 -1 0 -1 0 1275068416 0 0 1 0 1 0
2130706431 0 1275068416 1065353216 1 -1 0 -1 0 1275068416 0 -1 0 0 1 0
2130706431 0 1275068416 1065353216 2 -1 0 -1 0 1275068416 0 -1 0 0 1 0
2130706431 0 1275068417 1065353216 0 -1 0 -1 0 1275068417 0 0 1 0 1 0
2130706431 0 1275068417 1065353216 1 -1 0 -1 0 1275068417 0 -1 0 0 1 0
2130706431 0 1275068417 1065353216 2 -1 0 -1 0 1275068417 0 -1 0 0 1 0
2130706431 0 1585446912 1065353216 0 -1 0 -1 0 1585446912 0 0 1 0 1 0
2130706431 0 1585446912 1065353216 1 -1 0 -1 0 1585446912 0 -1 0 0 1 0
2130706431 0 1585446912 1065353216 2 -1 0 -1 0 1585446912 0 -1 0 0 1 0
2130706431 0 1593835519 1065353216 0 -1 0 -1 0 1593835519 0 0 1 0 1 0
2130706431 0 1593835519 1065353216 1 -1 0 -1 0 1593835519 0 -1 0 0 1 0
2130706431 0 1593835519 1065353216 2 -1 0 -1 0 1593835519 0 -1 0 0 1 0
2130706431 0 1593835520 1065353216 0 -1 0 -1 0 1593835520 0 0 1 0 1 0
2130706431 0 1593835520 1065353216 1 -1 0 -1 0 1593835520 0 -1 0 0 1 0
2130706431 0 1593835520 1065353216 2 -1 0 -1 0 1593835520 0 -1 0 0 1 0
2130706431 0 1593835521 1065353216 0 -1 0 -1 0 1593835521 0 0 1 0 1 0
2130706431 0 1593835521 1065353216 1 -1 0 -1 0 1593835521 0 -1 0 0 1 0
2130706431 0 1593835521 1065353216 2 -1 0 -1 0 1593835521 0 -1 0 0 1 0
2130706431 0 1904214016 1065353216 0 -1 0 -1 0 1904214016 0 0 1 0 1 0
2130706431 0 1904214016 1065353216 1 -1 0 -1 0 1904214016 0 -1 0 0 1 0
2130706431 0 1904214016 1065353216 2 -1 0 -1 0 1904214016 0 -1 0 0 1 0
2130706431 0 2130706430 1065353216 0 -1 0 -1 0 2130706430 0 0 1 0 1 0
2130706431 0 2130706430 1065353216 1 -1 0 -1 0 2130706430 0 -1 0 0 1 0
2130706431 0 2130706430 1065353216 2 -1 0 -1 0 2130706430 0 -1 0 0 1 0
2130706431 0 2130706431 1065353216 0 -1 0 -1 0 2130706431 0 0 1 1 1 1
2130706431 0 2130706431 1065353216 1 -1 0 -1 0 0 1 1 1 0 1 0
2130706431 0 2130706431 1065353216 2 -1 0 -1 0 2130706431 1 1 1 0 1 0
2130706431 0 2130706432 1065353216 0 -1 0 -1 0 2130706431 0 0 1 1 1 1
2130706431 0 2130706432 1065353216 1 -1 0 -1 0 1929379840 1 1 1 0 1 0
2130706431 0 2130706432 1065353216 2 -1 0 -1 0 2130706432 1 1 1 0 1 0
2130706431 0 2139095039 1065353216 0 -1 0 -1 0 2130706431 0 0 1 1 1 1
2130706431 0 2139095039 1065353216 1 -1 0 -1 0 0 2 2 1 0 1 0
2130706431 0 2139095039 1065353216 2 -1 0 -1 0 0 2 2 1 0 1 0
2130706431 0 2147483648 1065353216 0 -1 0 -1 0 0 0 -1 0 0 1 0
2130706431 0 2147483648 1065353216 1 -1 0 -1 0 0 0 -1 0 0 1 0
2130706431 0 2147483648 1065353216 2 -1 0 -1 0 0 0 -1 0 0 1 0
2130706431 0 2147483649 1065353216 0 -1 0 -1 0 0 0 0 1 1 -1 1
2130706431 0 2147483649 1065353216 1 -1 0 -1 0 2130706430 -1 0 1 0 -1 0
2130706431 0 2147483649 1065353216 2 -1 0 -1 0 2130706430 -1 0 1 0 -1 0
2130706431 0 3212836864 1065353216 0 -1 0 -1 0 0 0 0 1 1 -1 1
2130706431 0 3212836864 1065353216 1 -1 0 -1 0 2130706430 -1 0 1 0 -1 0
2130706431 0 3212836864 1065353216 2 -1 0 -1 0 2130706430 -1 0 1 0 -1 0
2130706431 0 3422552062 1065353216 0 -1 0 -1 0 0 0 0 1 1 -1 1
2130706431 0 3422552062 1065353216 1 -1 0 -1 0 2130706430 -1 0 1 0 -1 0
2130706431 0 3422552062 1065353216 2 -1 0 -1 0 2130706430 -1 0 1 0 -1 0
2130706431 0 3422552063 1065353216 0 -1 0 -1 0 0 0 0 1 1 -1 1
2130706431 0 3422552063 1065353216 1 -1 0 -1 0 2130706430 -1 0 1 0 -1 0
2130706431 0 3422552063 1065353216 2 -1 0 -1 0 2130706430 -1 0 1 0 -1 0
2130706431 0 3422552064 1065353216 0 -1 0 -1 0 0 0 0 1 1 -1 1
2130706431 0 3422552064 1065353216 1 -1 0 -1 0 2130706430 -1 0 1 0 -1 0
2130706431 0 3422552064 1065353216 2 -1 0 -1 0 2130706430 -1 0 1 0 -1 0
2130706431 0 3422552065 1065353216 0 -1 0 -1 0 0 0 0 1 1 -1 1
2130706431 0 3422552065 1065353216 1 -1 0 -1 0 2130706430 -1 0 1 0 -1 0
2130706431 0 3422552065 1065353216 2 -1 0 -1 0 2130706430 -1 0 1 0 -1 0
2130706431 0 3732930560 1065353216 0 -1 0 -1 0 0 0 0 1 1 -1 1
2130706431 0 3732930560 1065353216 1 -1 0 -1 0 2130706430 -1 0 1 0 -1 0
2130706431 0 3732930560 1065353216 2 -1 0 -1 0 2130706430 -1 0 1 0 -1 0
2130706431 0 3741319167 1065353216 0 -1 0 -1 0 0 0 0 1 1 -1 1
2130706431 0 3741319167 1065353216 1 -1 0 -1 0 2130706430 -1 0 1 0 -1 0
2130706431 0 3741319167 1065353216 2 -1 0 -1 0 2130706430 -1 0 1 0 -1 0
2130706431 0 3741319168 1065353216 0 -1 0 -1 0 0 0 0 1 1 -1 1
2130706431 0 3741319168 1065353216 1 -1 0 -1 0 2130706430 -1 0 1 0 -1 0
2130706431 0 3741319168 1065353216 2 -1 0 -1 0 2130706430 -1 0 1 0 -1 0
2130706431 0 3741319169 1065353216 0 -1 0 -1 0 0 0 0 1 1 -1 1
2130706431 0 3741319169 1065353216 1 -1 0 -1 0 2130706430 -1 0 1 0 -1 0
2130706431 0 3741319169 1065353216 2 -1 0 -1 0 2130706430 -1 0 1 0 -1 0
2130706431 0 4051697664 1065353216 0 -1 0 -1 0 0 0 0 1 1 -1 1
2130706431 0 4051697664 1065353216 1 -1 0 -1 0 2130706430 -1 0 1 0 -1 0
2130706431 0 4051697664 1065353216 2 -1 0 -1 0 2130706430 -1 0 1 0 -1 0
2130706431 0 4278190078 1065353216 0 -1 0 -1 0 0 0 0 1 1 -1 1
2130706431 0 4278190078 1065353216 1 -1 0 -1 0 1929379840 -1 0 1 0 -1 0
2130706431 0 4278190078 1065353216 2 -1 0 -1 0 1929379840 -1 0 1 0 -1 0
2130706431 0 4278190079 1065353216 0 -1 0 -1 0 0 0 0 1 1 -1 1
2130706431 0 4278190079 1065353216 1 -1 0 -1 0 0 -1 0 1 0 -1 0
2130706431 0 4278190079 1065353216 2 -1 0 -1 0 0 -1 0 1 0 -1 0
2130706431 0 4278190080 1065353216 0 -1 0 -1 0 0 0 0 1 1 -1 1
2130706431 0 4278190080 1065353216 1 -1 0 -1 0 2130706430 -2 1 1 0 -1 0
2130706431 0 4278190080 1065353216 2 -1 0 -1 0 2139095038 -2 1 1 0 -1 0
2130706431 0 4286578687 1065353216 0 -1 0 -1 0 0 0 0 1 1 -1 1
2130706431 0 4286578687 1065353216 1 -1 0 -1 0 0 -2 1 1 0 -1 0
2130706431 0 4286578687 1065353216 2 -1 0 -1 0 2130706431 -2 1 1 0 -1 0
2130706432 0 0 1065353216 0 -1 0 -1 0 0 0 -1 0 0 1 0
2130706432 0 0 1065353216 1 -1 0 -1 0 0 0 -1 0 0 1 0
2130706432 0 0 1065353216 2 -1 0 -1 0 0 0 -1 0 0 1 0
2130706432 0 1 1065353216 0 -1 0 -1 0 1 0 0 1 0 1 0
2130706432 0 1 1065353216 1 -1 0 -1 0 1 0 -1 0 0 1 0
2130706432 0 1 1065353216 2 -1 0 -1 0 1 0 -1 0 0 1 0
2130706432 0 1065353216 1065353216 0 -1 0 -1 0 1065353216 0 0 1 0 1 0
2130706432 0 1065353216 1065353216 1 -1 0 -1 0 1065353216 0 -1 0 0 1 0
2130706432 0 1065353216 1065353216 2 -1 0 -1 0 1065353216 0 -1 0 0 1 0
2130706432 0 1275068414 1065353216 0 -1 0 -1 0 1275068414 0 0 1 0 1 0
2130706432 0 1275068414 1065353216 1 -1 0 -1 0 1275068414 0 -1 0 0 1 0
2130706432 0 1275068414 1065353216 2 -1 0 -1 0 1275068414 0 -1 0 0 1 0
2130706432 0 1275068415 1065353216 0 -1 0 -1 0 1275068415 0 0 1 0 1 0
2130706432 0 1275068415 1065353216 1 -1 0 -1 0 1275068415 0 -1 0 0 1 0
2130706432 0 1275068415 1065353216 2 -1 0 -1 0 1275068415 0 -1 0 0 1 0
2130706432 0 1275068416 1065353216 0 -1 0 -1 0 1275068416 0 0 1 0 1 0
2130706432 0 1275068416 1065353216 1 -1 0 -1 0 1275068416 0 -1 0 0 1 0
2130706432 0 1275068416 1065353216 2 -1 0 -1 0 1275068416 0 -1 0 0 1 0
2130706432 0 1275068417 1065353216 0 -1 0 -1 0 1275068417 0 0 1 0 1 0
2130706432 0 1275068417 1065353216 1 -1 0 -1 0 1275068417 0 -1 0 0 1 0
2130706432 0 1275068417 1065353216 2 -1 0 -1 0 1275068417 0 -1 0 0 1 0
2130706432 0 1585446912 1065353216 0 -1 0 -1 0 1585446912 0 0 1 0 1 0
2130706432 0 1585446912 1065353216 1 -1 0 -1 0 1585446912 0 -1 0 0 1 0
2130706432 0 1585446912 1065353216 2 -1 0 -1 0 1585446912 0 -1 0 0 1 0
2130706432 0 1593835519 1065353216 0 -1 0 -1 0 1593835519 0 0 1 0 1 0
2130706432 0 1593835519 1065353216 1 -1 0 -1 0 1593835519 0 -1 0 0 1 0
2130706432 0 1593835519 1065353216 2 -1 0 -1 0 1593835519 0 -1 0 0 1 0
2130706432 0 1593835520 1065353216 0 -1 0 -1 0 1593835520 0 0 1 0 1 0
2130706432 0 1593835520 1065353216 1 -1 0 -1 0 1593835520 0 -1 0 0 1 0
2130706432 0 1593835520 1065353216 2 -1 0 -1 0 1593835520 0 -1 0 0 1 0
2130706432 0 1593835521 1065353216 0 -1 0 -1 0 1593835521 0 0 1 0 1 0
2130706432 0 1593835521 1065353216 1 -1 0 -1 0 1593835521 0 -1 0 0 1 0
2130706432 0 1593835521 1065353216 2 -1 0 -1 0 1593835521 0 -1 0 0 1 0
2130706432 0 1904214016 1065353216 0 -1 0 -1 0 1904214016 0 0 1 0 1 0
2130706432 0 1904214016 1065353216 1 -1 0 -1 0 1904214016 0 -1 0 0 1 0
2130706432 0 1904214016 1065353216 2 -1 0 -1 0 1904214016 0 -1 0 0 1 0
2130706432 0 2130706431 1065353216 0 -1 0 -1 0 2130706431 0 0 1 0 1 0
2130706432 0 2130706431 1065353216 1 -1 0 -1 0 2130706431 0 -1 0 0 1 0
2130706432 0 2130706431 1065353216 2 -1 0 -1 0 2130706431 0 -1 0 0 1 0
2130706432 0 2130706432 1065353216 0 -1 0 -1 0 2130706432 0 0 1 1 1 1
2130706432 0 2130706432 1065353216 1 -1 0 -1 0 0 1 1 1 0 1 0
2130706432 0 2130706432 1065353216 2 -1 0 -1 0 2130706432 1 1 1 0 1 0
2130706432 0 2130706433 1065353216 0 -1 0 -1 0 2130706432 0 0 1 1 1 1
2130706432 0 2130706433 1065353216 1 -1 0 -1 0 1937768448 1 1 1 0 1 0
2130706432 0 2130706433 1065353216 2 -1 0 -1 0 2130706433 1 1 1 0 1 0
2130706432 0 2139095039 1065353216 0 -1 0 -1 0 2130706432 0 0 1 1 1 1
2130706432 0 2139095039 1065353216 1 -1 0 -1 0 2130706430 1 1 1 0 1 0
2130706432 0 2139095039 1065353216 2 -1 0 -1 0 2139095039 1 1 1 0 1 0
2130706432 0 2147483648 1065353216 0 -1 0 -1 0 0 0 -1 0 0 1 0
2130706432 0 2147483648 1065353216 1 -1 0 -1 0 0 0 -1 0 0 1 0
2130706432 0 2147483648 1065353216 2 -1 0 -1 0 0 0 -1 0 0 1 0
2130706432 0 2147483649 1065353216 0 -1 0 -1 0 0 0 0 1 1 -1 1
2130706432 0 2147483649 1065353216 1 -1 0 -1 0 2130706431 -1 0 1 0 -1 0
2130706432 0 2147483649 1065353216 2 -1 0 -1 0 2130706431 -1 0 1 0 -1 0
2130706432 0 3212836864 1065353216 0 -1 0 -1 0 0 0 0 1 1 -1 1
2130706432 0 3212836864 1065353216 1 -1 0 -1 0 2130706431 -1 0 1 0 -1 0
2130706432 0 3212836864 1065353216 2 -1 0 -1 0 2130706431 -1 0 1 0 -1 0
2130706432 0 3422552062 1065353216 0 -1 0 -1 0 0 0 0 1 1 -1 1
2130706432 0 3422552062 1065353216 1 -1 0 -1 0 2130706431 -1 0 1 0 -1 0
2130706432 0 3422552062 1065353216 2 -1 0 -1 0 2130706431 -1 0 1 0 -1 0
2130706432 0 3422552063 1065353216 0 -1 0 -1 0 0 0 0 1 1 -1 1
2130706432 0 3422552063 1065353216 1 -1 0 -1 0 2130706431 -1 0 1 0 -1 0
2130706432 0 3422552063 1065353216 2 -1 0 -1 0 2130706431 -1 0 1 0 -1 0
2130706432 0 3422552064 1065353216 0 -1 0 -1 0 0 0 0 1 1 -1 1
2130706432 0 3422552064 1065353216 1 -1 0 -1 0 2130706431 -1 0 1 0 -1 0
2130706432 0 3422552064 1065353216 2 -1 0 -1 0 2130706431 -1 0 1 0 -1 0
2130706432 0 3422552065 1065353216 0 -1 0 -1 0 0 0 0 1 1 -1 1
2130706432 0 3422552065 1065353216 1 -1 0 -1 0 2130706431 -1 0 1 0 -1 0
2130706432 0 3422552065 1065353216 2 -1 0 -1 0 2130706431 -1 0 1 0 -1 0
2130706432 0 3732930560 1065353216 0 -1 0 -1 0 0 0 0 1 1 -1 1
2130706432 0 3732930560 1065353216 1 -1 0 -1 0 2130706431 -1 0 1 0 -1 0
2130706432 0 3732930560 1065353216 2 -1 0 -1 0 2130706431 -1 0 1 0 -1 0
2130706432 0 3741319167 1065353216 0 -1 0 -1 0 0 0 0 1 1 -1 1
2130706432 0 3741319167 1065353216 1 -1 0 -1 0 2130706431 -1 0 1 0 -1 0
2130706432 0 3741319167 1065353216 2 -1 0 -1 0 2130706431 -1 0 1 0 -1 0
2130706432 0 3741319168 1065353216 0 -1 0 -1 0 0 0 0 1 1 -1 1
2130706432 0 3741319168 1065353216 1 -1 0 -1 0 2130706431 -1 0 1 0 -1 0
2130706432 0 3741319168 1065353216 2 -1 0 -1 0 2130706431 -1 0 1 0 -1 0
2130706432 0 3741319169 1065353216 0 -1 0 -1 0 0 0 0 1 1 -1 1
2130706432 0 3741319169 1065353216 1 -1 0 -1 0 2130706431 -1 0 1 0 -1 0
2130706432 0 3741319169 1065353216 2 -1 0 -1 0 2130706431 -1 0 1 0 -1 0
2130706432 0 4051697664 1065353216 0 -1 0 -1 0 0 0 0 1 1 -1 1
2130706432 0 4051697664 1065353216 1 -1 0 -1 0 2130706431 -1 0 1 0 -1 0
2130706432 0 4051697664 1065353216 2 -1 0 -1 0 2130706431 -1 0 1 0 -1 0
2130706432 0 4278190079 1065353216 0 -1 0 -1 0 0 0 0 1 1 -1 1
2130706432 0 4278190079 1065353216 1 -1 0 -1 0 1929379840 -1 0 1 0 -1 0
2130706432 0 4278190079 1065353216 2 -1 0 -1 0 1929379840 -1 0 1 0 -1 0
2130706432 0 4278190080 1065353216 0 -1 0 -1 0 0 0 0 1 1 -1 1
2130706432 0 4278190080 1065353216 1 -1 0 -1 0 0 -1 0 1 0 -1 0
2130706432 0 4278190080 1065353216 2 -1 0 -1 0 0 -1 0 1 0 -1 0
2130706432 0 4278190081 1065353216 0 -1 0 -1 0 0 0 0 1 1 -1 1
2130706432 0 4278190081 1065353216 1 -1 0 -1 0 2130706430 -2 1 1 0 -1 0
2130706432 0 4278190081 1065353216 2 -1 0 -1 0 2139095039 -2 1 1 0 -1 0
2130706432 0 4286578687 1065353216 0 -1 0 -1 0 0 0 0 1 1 -1 1
2130706432 0 4286578687 1065353216 1 -1 0 -1 0 1937768448 -2 1 1 0 -1 0
2130706432 0 4286578687 1065353216 2 -1 0 -1 0 2130706433 -2 1 1 0 -1 0
2133212992 2133212991 3510863820 1051372203 2 2 0 -1 0 2133212991 0 -1 0 0 -1 0
2134900736 2134900735 2134900735 1048576000 1 -1 1 1 0 2118123516 1 2 1 0 1 0
2134900736 2134900735 2134900736 1048576000 1 -1 1 1 0 2118123516 1 2 1 0 1 0
2134900736 2134900735 2134900737 1048576000 1 -1 1 1 0 2118123516 1 2 1 0 1 0
2134900736 2134900736 4282384383 1065353216 2 3 1 1 0 1937768448 -1 2 1 0 -1 0
2134900736 2134900736 4282384384 1065353216 2 3 1 1 0 0 -1 2 1 0 -1 0
2134900736 2134900736 4282384385 1065353216 2 3 1 1 0 0 0 1 1 1 -1 1
2138555146 0 3428851471 1073741824 0 -1 0 -1 0 0 0 0 1 1 -1 1
2139095039 0 0 1065353216 0 -1 0 -1 0 0 0 -1 0 0 1 0
2139095039 0 0 1065353216 1 -1 0 -1 0 0 0 -1 0 0 1 0
2139095039 0 0 1065353216 2 -1 0 -1 0 0 0 -1 0 0 1 0
2139095039 0 1 1065353216 0 -1 0 -1 0 1 0 0 1 0 1 0
2139095039 0 1 1065353216 1 -1 0 -1 0 1 0 -1 0 0 1 0
2139095039 0 1 1065353216 2 -1 0 -1 0 1 0 -1 0 0 1 0
2139095039 0 1065353216 1065353216 0 -1 0 -1 0 1065353216 0 0 1 0 1 0
2139095039 0 1065353216 1065353216 1 -1 0 -1 0 1065353216 0 -1 0 0 1 0
2139095039 0 1065353216 1065353216 2 -1 0 -1 0 1065353216 0 -1 0 0 1 0
2139095039 0 1275068414 1065353216 0 -1 0 -1 0 1275068414 0 0 1 0 1 0
2139095039 0 1275068414 1065353216 1 -1 0 -1 0 1275068414 0 -1 0 0 1 0
2139095039 0 1275068414 1065353216 2 -1 0 -1 0 1275068414 0 -1 0 0 1 0
2139095039 0 1275068415 1065353216 0 -1 0 -1 0 1275068415 0 0 1 0 1 0
2139095039 0 1275068415 1065353216 1 -1 0 -1 0 1275068415 0 -1 0 0 1 0
2139095039 0 1275068415 1065353216 2 -1 0 -1 0 1275068415 0 -1 0 0 1 0
2139095039 0 1275068416 1065353216 0 -1 0 -1 0 1275068416 0 0 1 0 1 0
2139095039 0 1275068416 1065353216 1 -1 0 -1 0 1275068416 0 -1 0 0 1 0
2139095039 0 1275068416 1065353216 2 -1 0 -1 0 1275068416 0 -1 0 0 1 0
2139095039 0 1275068417 1065353216 0 -1 0 -1 0 1275068417 0 0 1 0 1 0
2139095039 0 1275068417 1065353216 1 -1 0 -1 0 1275068417 0 -1 0 0 1 0
2139095039 0 1275068417 1065353216 2 -1 0 -1 0 1275068417 0 -1 0 0 1 0
2139095039 0 1585446912 1065353216 0 -1 0 -1 0 1585446912 0 0 1 0 1 0
2139095039 0 1585446912 1065353216 1 -1 0 -1 0 1585446912 0 -1 0 0 1 0
2139095039 0 1585446912 1065353216 2 -1 0 -1 0 1585446912 0 -1 0 0 1 0
2139095039 0 1593835519 1065353216 0 -1 0 -1 0 1593835519 0 0 1 0 1 0
2139095039 0 1593835519 1065353216 1 -1 0 -1 0 1593835519 0 -1 0 0 1 0
2139095039 0 1593835519 1065353216 2 -1 0 -1 0 1593835519 0 -1 0 0 1 0
2139095039 0 1593835520 1065353216 0 -1 0 -1 0 1593835520 0 0 1 0 1 0
2139095039 0 1593835520 1065353216 1 -1 0 -1 0 1593835520 0 -1 0 0 1 0
2139095039 0 1593835520 1065353216 2 -1 0 -1 0 1593835520 0 -1 0 0 1 0
2139095039 0 1593835521 1065353216 0 -1 0 -1 0 1593835521 0 0 1 0 1 0
2139095039 0 1593835521 1065353216 1 -1 0 -1 0 1593835521 0 -1 0 0 1 0
2139095039 0 1593835521 1065353216 2 -1 0 -1 0 1593835521 0 -1 0 0 1 0
2139095039 0 1904214016 1065353216 0 -1 0 -1 0 1904214016 0 0 1 0 1 0
2139095039 0 1904214016 1065353216 1 -1 0 -1 0 1904214016 0 -1 0 0 1 0
2139095039 0 1904214016 1065353216 2 -1 0 -1 0 1904214016 0 -1 0 0 1 0
2139095039 0 2139095038 1065353216 0 -1 0 -1 0 2139095038 0 0 1 0 1 0
2139095039 0 2139095038 1065353216 1 -1 0 -1 0 2139095038 0 -1 0 0 1 0
2139095039 0 2139095038 1065353216 2 -1 0 -1 0 2139095038 0 -1 0 0 1 0
2139095039 0 2139095039 1065353216 0 -1 0 -1 0 2139095039 0 0 1 1 1 1
2139095039 0 2139095039 1065353216 1 -1 0 -1 0 0 1 1 1 0 1 0
2139095039 0 2139095039 1065353216 2 -1 0 -1 0 2139095039 1 1 1 0 1 0
2139095039 0 2147483648 1065353216 0 -1 0 -1 0 0 0 -1 0 0 1 0
2139095039 0 2147483648 1065353216 1 -1 0 -1 0 0 0 -1 0 0 1 0
2139095039 0 2147483648 1065353216 2 -1 0 -1 0 0 0 -1 0 0 1 0
2139095039 0 2147483649 1065353216 0 -1 0 -1 0 0 0 0 1 1 -1 1
2139095039 0 2147483649 1065353216 1 -1 0 -1 0 2139095038 -1 0 1 0 -1 0
2139095039 0 2147483649 1065353216 2 -1 0 -1 0 2139095038 -1 0 1 0 -1 0
2139095039 0 3212836864 1065353216 0 -1 0 -1 0 0 0 0 1 1 -1 1
2139095039 0 3212836864 1065353216 1 -1 0 -1 0 2139095038 -1 0 1 0 -1 0
2139095039 0 3212836864 1065353216 2 -1 0 -1 0 2139095038 -1 0 1 0 -1 0
2139095039 0 3212836864 1065353216 2 -1 1 0 1 0 17 0 1 1 1 0
2139095039 0 3212836864 1065353216 2 1 1 0 0 0 0 0 1 1 -1 1
2139095039 0 3422552062 1065353216 0 -1 0 -1 0 0 0 0 1 1 -1 1
2139095039 0 3422552062 1065353216 1 -1 0 -1 0 2139095038 -1 0 1 0 -1 0
2139095039 0 3422552062 1065353216 2 -1 0 -1 0 2139095038 -1 0 1 0 -1 0
2139095039 0 3422552063 1065353216 0 -1 0 -1 0 0 0 0 1 1 -1 1
2139095039 0 3422552063 1065353216 1 -1 0 -1 0 2139095038 -1 0 1 0 -1 0
2139095039 0 3422552063 1065353216 2 -1 0 -1 0 2139095038 -1 0 1 0 -1 0
2139095039 0 3422552064 1065353216 0 -1 0 -1 0 0 0 0 1 1 -1 1
2139095039 0 3422552064 1065353216 1 -1 0 -1 0 2139095038 -1 0 1 0 -1 0
2139095039 0 3422552064 1065353216 2 -1 0 -1 0 2139095038 -1 0 1 0 -1 0
2139095039 0 3422552065 1065353216 0 -1 0 -1 0 0 0 0 1 1 -1 1
2139095039 0 3422552065 1065353216 1 -1 0 -1 0 2139095038 -1 0 1 0 -1 0
2139095039 0 3422552065 1065353216 2 -1 0 -1 0 2139095038 -1 0 1 0 -1 0
2139095039 0 3732930560 1065353216 0 -1 0 -1 0 0 0 0 1 1 -1 1
2139095039 0 3732930560 1065353216 1 -1 0 -1 0 2139095038 -1 0 1 0 -1 0
2139095039 0 3732930560 1065353216 2 -1 0 -1 0 2139095038 -1 0 1 0 -1 0
2139095039 0 3741319167 1065353216 0 -1 0 -1 0 0 0 0 1 1 -1 1
2139095039 0 3741319167 1065353216 1 -1 0 -1 0 2139095038 -1 0 1 0 -1 0
2139095039 0 3741319167 1065353216 2 -1 0 -1 0 2139095038 -1 0 1 0 -1 0
2139095039 0 3741319168 1065353216 0 -1 0 -1 0 0 0 0 1 1 -1 1
2139095039 0 3741319168 1065353216 1 -1 0 -1 0 2139095038 -1 0 1 0 -1 0
2139095039 0 3741319168 1065353216 2 -1 0 -1 0 2139095038 -1 0 1 0 -1 0
2139095039 0 3741319169 1065353216 0 -1 0 -1 0 0 0 0 1 1 -1 1
2139095039 0 3741319169 1065353216 1 -1 0 -1 0 2139095038 -1 0 1 0 -1 0
2139095039 0 3741319169 1065353216 2 -1 0 -1 0 2139095038 -1 0 1 0 -1 0
2139095039 0 4051697664 1065353216 0 -1 0 -1 0 0 0 0 1 1 -1 1
2139095039 0 4051697664 1065353216 1 -1 0 -1 0 2139095038 -1 0 1 0 -1 0
2139095039 0 4051697664 1065353216 2 -1 0 -1 0 2139095038 -1 0 1 0 -1 0
2139095039 0 4286578686 1065353216 0 -1 0 -1 0 0 0 0 1 1 -1 1
2139095039 0 4286578686 1065353216 1 -1 0 -1 0 1937768448 -1 0 1 0 -1 0
2139095039 0 4286578686 1065353216 2 -1 0 -1 0 1937768448 -1 0 1 0 -1 0
2139095039 0 4286578687 1065353216 0 -1 0 -1 0 0 0 0 1 1 -1 1
2139095039 0 4286578687 1065353216 1 -1 0 -1 0 0 -1 0 1 0 -1 0
2139095039 0 4286578687 1065353216 2 -1 0 -1 0 0 -1 0 1 0 -1 0
2139095039 2139095039 2139095039 1065353216 0 -1 1 1 1 2139095039 17 1 1 1 1 0
2139095039 2139095039 2139095039 1065353216 1 -1 1 1 1 2139095039 17 1 1 1 1 0
2139095039 2139095039 2139095039 1065353216 2 -1 1 1 1 2139095039 17 1 1 1 1 0
